title,text
Says the Annies List political group supports third-trimester abortions on demand.,Says the Annies List political group supports third-trimester abortions on demand. a mailer
Health care reform legislation is likely to mandate free sex change surgeries.,Health care reform legislation is likely to mandate free sex change surgeries. a news release
"When Mitt Romney was governor of Massachusetts, we didnt just slow the rate of growth of our government, we actually cut it.","When Mitt Romney was governor of Massachusetts, we didnt just slow the rate of growth of our government, we actually cut it. an interview with CBN News"
Women and men both are making less when you adjust for inflation than when John Kitzhaber was first elected governor.,Women and men both are making less when you adjust for inflation than when John Kitzhaber was first elected governor. a campaign debate
I dont know who (Jonathan Gruber) is.,I dont know who (Jonathan Gruber) is. a news conference
"ISIS supporter tweeted at 10:34 a.m. Shooting began at 10:45 a.m. in Chattanooga, Tenn.","ISIS supporter tweeted at 10:34 a.m. Shooting began at 10:45 a.m. in Chattanooga, Tenn. a tweet"
What (the Obama administration is) going to come out with in the next several months is youre not even going to be able to burn coal very limitedly in the existing plants.,What (the Obama administration is) going to come out with in the next several months is youre not even going to be able to burn coal very limitedly in the existing plants. a campaign ad
"In the case of a catastrophic event, the Atlanta-area offices of the Centers for Disease Control and Prevention will self-destruct.","In the case of a catastrophic event, the Atlanta-area offices of the Centers for Disease Control and Prevention will self-destruct. the TV show's season finale"
Says a U.S. Supreme Court justice suggested that some U.S. cases will be decided based on South African law.,Says a U.S. Supreme Court justice suggested that some U.S. cases will be decided based on South African law. a speech at the CPAC conference
"Rep. David Cicilline is responsible for the federal loan guarantee to Solyndra, the failed solar company","Rep. David Cicilline is responsible for the federal loan guarantee to Solyndra, the failed solar company a news release"
Says Ohio budget item later signed into law by Gov. John Kasich requires women seeking an abortion to undergo a mandatory vaginal probe.,"Says Ohio budget item later signed into law by Gov. John Kasich requires women seeking an abortion to undergo a mandatory vaginal probe. On “The Rachel Maddow Show,” broadcast on MSNBC"
We have a director of homeland security who cannot use and will not use the term 'terrorist attack' but instead substitutes 'man-made disaster.',We have a director of homeland security who cannot use and will not use the term 'terrorist attack' but instead substitutes 'man-made disaster.' a speech at the Texas Republican Party Convention
"Obamacare will provide insurance to all non-U.S. residents, even if they are here illegally.","Obamacare will provide insurance to all non-U.S. residents, even if they are here illegally. a long-running chain email"
President Barack Obama took exactly none of his own deficit reduction commissions ideas. Not one.,President Barack Obama took exactly none of his own deficit reduction commissions ideas. Not one. an interview with ABC news
It was under Barack Obama and Hillary Clinton that changed the rules of engagement that probably cost (Capt. Humayun Khans) life.,It was under Barack Obama and Hillary Clinton that changed the rules of engagement that probably cost (Capt. Humayun Khans) life. an interview on CNN.
Says Terry McAuliffe is the person who invented the scheme to rent out the Lincoln Bedroom.,Says Terry McAuliffe is the person who invented the scheme to rent out the Lincoln Bedroom. a speech.
Sen. Obama's campaign announced that he's choosing his cabinet.,"Sen. Obama's campaign announced that he's choosing his cabinet. a rally in Bensalem, Pa."
Only 2 percent of public high schools in the country offer PE classes.,Only 2 percent of public high schools in the country offer PE classes. an interview with NPR
"Under Mayor Cicilline, [Providence] was a sanctuary city.","Under Mayor Cicilline, [Providence] was a sanctuary city. a statement on WPRO-AM"
Transgender individuals in the U.S. have a 1-in-12 chance of being murdered.,Transgender individuals in the U.S. have a 1-in-12 chance of being murdered. a committee hearing
"Says the man who rushed the stage at him in Dayton, Ohio, had chatter about ISIS, or with ISIS in his social media posts.","Says the man who rushed the stage at him in Dayton, Ohio, had chatter about ISIS, or with ISIS in his social media posts. an interview on ""Meet the Press"""
On whether a U.S. Supreme Court nominee should be forthcoming at confirmation hearings.,On whether a U.S. Supreme Court nominee should be forthcoming at confirmation hearings. a law review article
Says Charlie Crist supports cuts to the Medicare Advantage program.,Says Charlie Crist supports cuts to the Medicare Advantage program. a Facebook post
"In the past 20 years, Egypt has made great strides in political and democratic reform.","In the past 20 years, Egypt has made great strides in political and democratic reform. an interview on ABC's ""This Week with Christiane Amanpour."""
The amount of attention paid this week to Chris Christie makes the coverage of Benghazi ... pale in significance.,"The amount of attention paid this week to Chris Christie makes the coverage of Benghazi ... pale in significance. comments on ""Fox News Sunday"""
Austin is burdened by the fastest-growing tax increases of any major city in the nation.,Austin is burdened by the fastest-growing tax increases of any major city in the nation. as quoted in a news story
"Phoenix, Arizona, is the No. 2 kidnapping capital of the world.","Phoenix, Arizona, is the No. 2 kidnapping capital of the world. comments on 'Meet the Press'"
The Florida Department of Agricultures website FreshFromFlorida.com can be used to get a permit to carry a loaded hidden gun without ever leaving your house.,The Florida Department of Agricultures website FreshFromFlorida.com can be used to get a permit to carry a loaded hidden gun without ever leaving your house. a congressional briefing
"The Atlanta streetcar is expected to create 930 jobs during construction, totaling more than 5,600 jobs over the next 20 years.","The Atlanta streetcar is expected to create 930 jobs during construction, totaling more than 5,600 jobs over the next 20 years. a press release"
"NATO is opening up a major terror division. ... Im sure Im not going to get credit for it, but that was largely because of what I was saying and my criticism of NATO.","NATO is opening up a major terror division. ... Im sure Im not going to get credit for it, but that was largely because of what I was saying and my criticism of NATO. a presidential debate at Hofstra University"
"Of our 98,000 teachers who are K-12, over 53,000 of those teachers today are over 50 years old.","Of our 98,000 teachers who are K-12, over 53,000 of those teachers today are over 50 years old. a speech."
Say Oregon Reps. Peter DeFazio and Earl Blumenauer are socialists who are openly serving in the U.S. Congress.,Say Oregon Reps. Peter DeFazio and Earl Blumenauer are socialists who are openly serving in the U.S. Congress. web pages
"Rudy Giuliani is ""probably the most underqualified man since George Bush to seek the presidency.""","Rudy Giuliani is ""probably the most underqualified man since George Bush to seek the presidency."" Philadelphia"
"About half of the presidents have been governors; half of them, senators.","About half of the presidents have been governors; half of them, senators. remarks in New Hampshire"
The Air Force wants taxpayers to fund a fantasy football league.,The Air Force wants taxpayers to fund a fantasy football league. blog posts
Barack Hussein Obama will ... force courts to accept Islamic Sharia law in domestic disputes.,Barack Hussein Obama will ... force courts to accept Islamic Sharia law in domestic disputes. a newspaper ad
SaysMichael Bennet wants to close Guantanamo Bay prisonand bring terrorists right here to Colorado.,SaysMichael Bennet wants to close Guantanamo Bay prisonand bring terrorists right here to Colorado. a candidate forum
"The president said hes going to bring in 250,000 (Syrian and Iraqi) refugees into this country.","The president said hes going to bring in 250,000 (Syrian and Iraqi) refugees into this country. a segment of Fox News' ""Hannity"""
Mr. Caprio is a career politician who has never worked in the private sector.,Mr. Caprio is a career politician who has never worked in the private sector. a campaign news release
Barack Obama has never even worked in business.,Barack Obama has never even worked in business. a speech at the Republican National Convention in Tampa
Says Gov. Rick Perry has been begging for the federal government to send the Coast Guard to patrol two lakes on the U.S.-Mexico border.,Says Gov. Rick Perry has been begging for the federal government to send the Coast Guard to patrol two lakes on the U.S.-Mexico border. a radio interview.
"In 2005, Dan Branch tried to expand third-trimester abortions in Texas.","In 2005, Dan Branch tried to expand third-trimester abortions in Texas. an email blast"
Michigan and Massachusetts raised their bottle deposit and could no longer afford the program because the redemptions were so high there was no profit in there.,Michigan and Massachusetts raised their bottle deposit and could no longer afford the program because the redemptions were so high there was no profit in there. on the Oregon Senate floor
Im the only one whos fought against developers draining the Everglades!,Im the only one whos fought against developers draining the Everglades! a television ad
We have more illegal immigrants here than we did five years ago.,"We have more illegal immigrants here than we did five years ago. an interview on NBC's ""Meet the Press"""
The U.S. Patent and Trademark Office received zero complaints about the Washington Redskins name.,The U.S. Patent and Trademark Office received zero complaints about the Washington Redskins name. blog posts
"The presidents health care proposals will cause most Americans to have their premiums increased, not decreased, and hundreds of millions of people lose their current insurance coverage.","The presidents health care proposals will cause most Americans to have their premiums increased, not decreased, and hundreds of millions of people lose their current insurance coverage. an interview on CNN"
Says Thomas Eric Duncan came into the United States with an elevated temperature.,"Says Thomas Eric Duncan came into the United States with an elevated temperature. comments on CNN's ""State of the Union"""
There are more oil rigs in operation in the United States than the rest of the world combined.,There are more oil rigs in operation in the United States than the rest of the world combined. a debate
The Obama administration shut down the Amber Alert program because of the government shutdown.,The Obama administration shut down the Amber Alert program because of the government shutdown. messages on Twitter
"Says that in a hearing, Rep. Gabrielle Giffords suggested to Gen. David Petraeus that the Army put more emphasis on less environmentally damaging methods, like stabbing or clubbing enemy forces in order to minimize the carbon output.","Says that in a hearing, Rep. Gabrielle Giffords suggested to Gen. David Petraeus that the Army put more emphasis on less environmentally damaging methods, like stabbing or clubbing enemy forces in order to minimize the carbon output. a chain e-mail"
"Under the Cash for Clunkers program, all we've got to do is ... go to a local junkyard, all you've got to do is tow it to your house. And you're going to get $4,500.","Under the Cash for Clunkers program, all we've got to do is ... go to a local junkyard, all you've got to do is tow it to your house. And you're going to get $4,500. a Fox News interview"
Not one Republican has the guts to recognize that climate change is real.,Not one Republican has the guts to recognize that climate change is real. a Democratic debate in New Hampshire
David Dewhurst has a record of promoting an income tax.,David Dewhurst has a record of promoting an income tax. a handout.
"In the last five years, 28,000 people have been killed along the U.S.-Mexico border.","In the last five years, 28,000 people have been killed along the U.S.-Mexico border. a news release"
Says Obama health reform law denies millions access to affordable insurance.,Says Obama health reform law denies millions access to affordable insurance. a blog post
Close to 30% of our federal prison population consists of illegal immigrants.,Close to 30% of our federal prison population consists of illegal immigrants. a statement on campaign web site
Says Rick Scott called education not a core function of the state.,Says Rick Scott called education not a core function of the state. a press release
"The Family Research Council, according to some government agencies, is a terrorist group.","The Family Research Council, according to some government agencies, is a terrorist group. an interview on CNN"
Obamacare is the biggest tax increase in American history.,Obamacare is the biggest tax increase in American history. an interview
Josh Mandel is lying about his own record. The rating of Ohios investment fund has NOT improved.,Josh Mandel is lying about his own record. The rating of Ohios investment fund has NOT improved. a campaign commercial
Says Marco Rubio is the one for an open border.,Says Marco Rubio is the one for an open border. in the CNN debate in Las Vegas
Providences port is 200 miles closer to Europe than any other Eastern port.,Providences port is 200 miles closer to Europe than any other Eastern port. a news conference
We now have driven (health care) costs down to the lowest theyve been in 50 years.,We now have driven (health care) costs down to the lowest theyve been in 50 years. comments during the South Carolina Democratic presidential debate
Twelve judges have thrown out legal challenges to the health care law because they rejected the notion that the health care law was unconstitutional.,Twelve judges have thrown out legal challenges to the health care law because they rejected the notion that the health care law was unconstitutional. an interview on Fox
A precinct in the Allen West-Patrick Murphy recount has 7 registered voters in Guatemalan community and the tally showed 900 voted!!!!!,A precinct in the Allen West-Patrick Murphy recount has 7 registered voters in Guatemalan community and the tally showed 900 voted!!!!! a post on Facebook
Ron Klein repeatedly voted in favor of amnesty for illegal immigrants.,Ron Klein repeatedly voted in favor of amnesty for illegal immigrants. a campaign website
Local law enforcement . . . will have access to the [Obamacare] Data Hubs treasure trove of personal info.,Local law enforcement . . . will have access to the [Obamacare] Data Hubs treasure trove of personal info. a Providence Journal commentary
Barack Obamas Columbia University ID says he was a foreign student and went by Barry Soetoro.,Barack Obamas Columbia University ID says he was a foreign student and went by Barry Soetoro. multiple posts
"Terry McAuliffe wants to raise your taxes $1,700 to pay for his infinite promises.","Terry McAuliffe wants to raise your taxes $1,700 to pay for his infinite promises. a debate."
The top 1 percent pay over half of the entire revenue for this country.,The top 1 percent pay over half of the entire revenue for this country. an interview on MSNBC's 'The Dylan Ratigan Show'
Says he never said he would keep education funding the same.,Says he never said he would keep education funding the same. talking about his budget proposal.
(Palin) supported right-wing extremist Pat Buchanan for president in 2000.,(Palin) supported right-wing extremist Pat Buchanan for president in 2000. an e-mail.
"While fighting a move to toughen penalties for workplace gender discrimination, state Sen. Glenn Grothman said he didnt believe women belonged in the workplace but belonged at home, cooking and cleaning and having babies.","While fighting a move to toughen penalties for workplace gender discrimination, state Sen. Glenn Grothman said he didnt believe women belonged in the workplace but belonged at home, cooking and cleaning and having babies. a legislative floor speech"
"If you put the $47 billion in revenue (raised over 10 years by the Buffett rule) into infrastructure you could create 611,000 infrastructure jobs.","If you put the $47 billion in revenue (raised over 10 years by the Buffett rule) into infrastructure you could create 611,000 infrastructure jobs. a speech on the floor of the U.S. Senate"
What is the proper collective noun for a group of baboons? Believe it or not . . . a Congress!,What is the proper collective noun for a group of baboons? Believe it or not . . . a Congress! a message via the Internet
Texas this fiscal year will have more money in reserve than the other 49 states combined.,Texas this fiscal year will have more money in reserve than the other 49 states combined. an interview on KLBJ AM in Austin
On using the Strategic Petroleum Reserve.,On using the Strategic Petroleum Reserve.
The number of uninsured people in Massachusetts is about the same as it was when the mandates were passed in 2006.,The number of uninsured people in Massachusetts is about the same as it was when the mandates were passed in 2006. a column
Upwards of 90 percent of women seeking an abortion decide not to have an abortion after seeing an ultrasound.,Upwards of 90 percent of women seeking an abortion decide not to have an abortion after seeing an ultrasound. an interview
We spend less on defense today as % of GDP than at any time since Pearl Harbor.,We spend less on defense today as % of GDP than at any time since Pearl Harbor. a Twitter post
Jason Kander supports [Obamas] plan to bring the remaining suspected terrorists to U.S. soil.,Jason Kander supports [Obamas] plan to bring the remaining suspected terrorists to U.S. soil. a petition against President Obama’s plan to close Guantanamo Bay
The people of Rhode Island dont want same-sex marriage.,The people of Rhode Island dont want same-sex marriage. a television interview
74 percent of Republicans support the Affordable Care Act.,"74 percent of Republicans support the Affordable Care Act. a roundtable discussion on CNN's ""State of the Union"""
Says Alex Sink failed Florida homeowners by using predatory lending practices.,Says Alex Sink failed Florida homeowners by using predatory lending practices. a YouTube video
Says that Starbucks took Christmas off of their brand new cups.,Says that Starbucks took Christmas off of their brand new cups. a video
"Hillary Clinton supports unlimited abortion on demand up until the moment of birth, including partial-birth abortion, with taxpayer funding.","Hillary Clinton supports unlimited abortion on demand up until the moment of birth, including partial-birth abortion, with taxpayer funding. responding to an audience member's question at the Texas Tribune Festival."
"Most young Americans right now, theyre not covered by health insurance.","Most young Americans right now, theyre not covered by health insurance. a Funnyordie.com ""Between Two Ferns"" interview with Zach Galifianakis"
Says two-thirds of groups targeted for IRS scrutiny were not conservative.,Says two-thirds of groups targeted for IRS scrutiny were not conservative. a tweet
"In the class of 1968 at Patrice Lumumba University in Moscow, Mahmoud Abbas was one of the members of that class, and so was Ali Khamenei. And thats where they first established relationships with the young Vladimir Putin.","In the class of 1968 at Patrice Lumumba University in Moscow, Mahmoud Abbas was one of the members of that class, and so was Ali Khamenei. And thats where they first established relationships with the young Vladimir Putin. an interview with CNN's Wolf Blitzer"
Cell phone numbers go public this month.,Cell phone numbers go public this month. Facebook and Twitter posts
Clackamas County Commissioners approved a re-negotiated agreement to lower the countys contribution to TriMets Portland-Milwaukie Light Rail project to $19.9 million from $25 million.,Clackamas County Commissioners approved a re-negotiated agreement to lower the countys contribution to TriMets Portland-Milwaukie Light Rail project to $19.9 million from $25 million. a press release
The Obama administration is unwinding our nations welfare-to-work requirements.,The Obama administration is unwinding our nations welfare-to-work requirements. an op-ed.
"Shes voted for 60 tax increases, hurting the middle class and small businesses.","Shes voted for 60 tax increases, hurting the middle class and small businesses."
"Sheila Jackson Lee of Texas said: Hey, all you wrinkly, white-aged has-beens: Its time for you to die and let the next generation have your spot on the planet.","Sheila Jackson Lee of Texas said: Hey, all you wrinkly, white-aged has-beens: Its time for you to die and let the next generation have your spot on the planet. a meme supposedly quoting Sheila Jackson Lee"
"If black America were a country, itd be the 15th wealthiest nation in the world.","If black America were a country, itd be the 15th wealthiest nation in the world. comments on CNN"
Says Congressman Bill Pascrell voted to remove the public option from the Affordable Health Care Act.,Says Congressman Bill Pascrell voted to remove the public option from the Affordable Health Care Act. an interview on NJToday
Greg Abbott and his surrogates have referred to women who have been the victims of rape or incest as though somehow what they are confronting is a minor issue.,Greg Abbott and his surrogates have referred to women who have been the victims of rape or incest as though somehow what they are confronting is a minor issue. speaking to reporters
"A data-storing microchip ""would be implanted in the majority of people who opt to become covered by the public health care option.""","A data-storing microchip ""would be implanted in the majority of people who opt to become covered by the public health care option."" a widely circulated e-mail"
Jorge Elorza wants to impose a municipal income tax.,Jorge Elorza wants to impose a municipal income tax. a radio interview
Roughly 25% of RI has a criminal record,Roughly 25% of RI has a criminal record an online petition
Massachusetts public schools teach kids as young as kindergartners about gay marriage.,Massachusetts public schools teach kids as young as kindergartners about gay marriage. a mailing to Rhode Island voters
I'm probably one of the four or five best-known Americans in the world.,I'm probably one of the four or five best-known Americans in the world. a comment to reporters in London.
SaysRand Paulhas put out budgets to cut the military in half.,"SaysRand Paulhas put out budgets to cut the military in half. comments on ABC's ""This Week"""
"The fundraising numbers are in, and our grassroots support is unmatched!","The fundraising numbers are in, and our grassroots support is unmatched! in a Facebook posting"
Gov. Scott Walker hired convicted Assembly Speaker Scott Jensen to oversee a raid on the state employee retirement system to help balance the state budget.,Gov. Scott Walker hired convicted Assembly Speaker Scott Jensen to oversee a raid on the state employee retirement system to help balance the state budget. a chain email and -- briefly -- a union web site
Its gotten to a point where the average federal worker makes twice as much as the average private sector worker.,Its gotten to a point where the average federal worker makes twice as much as the average private sector worker. a news conference
These 15 political appointees (on the IPAB) will make all the major health care decisions for over 300 million Americans.,These 15 political appointees (on the IPAB) will make all the major health care decisions for over 300 million Americans. a debate in New Hampshire
"ISIS camp a few miles from Texas, Mexican authorities confirm.","ISIS camp a few miles from Texas, Mexican authorities confirm. a web item"
New federal projections estimate that the health care overhaul will cost $1.76 trillion over 10 years -- well above the $940 billion Democrats originally claimed.,New federal projections estimate that the health care overhaul will cost $1.76 trillion over 10 years -- well above the $940 billion Democrats originally claimed. a press release
Say New Jersey Reps. Donald Payne and Frank Pallone are socialists who are openly serving in the U.S. Congress.,Say New Jersey Reps. Donald Payne and Frank Pallone are socialists who are openly serving in the U.S. Congress. web pages
The unemployment rate may be as high as 42 percent.,The unemployment rate may be as high as 42 percent. a press conference
Social Security is indeed a Ponzi scheme.,Social Security is indeed a Ponzi scheme. an interview.
"When the country was founded, Congress had exactly the same attitude about the sanctity of Christmas celebrations that a 7-Eleven does today: Yeah, were open.","When the country was founded, Congress had exactly the same attitude about the sanctity of Christmas celebrations that a 7-Eleven does today: Yeah, were open. a segment of ""The Daily Show"""
The omnibus bill has only $3.8 billion in earmarks.,The omnibus bill has only $3.8 billion in earmarks. statements to reporters.
Says Kay Bailey Hutchison voted for sanctuary cities.,Says Kay Bailey Hutchison voted for sanctuary cities. a debate.
John wasn't this raging populist four years ago when he ran for president.,"John wasn't this raging populist four years ago when he ran for president. Chariton, Iowa"
Says no one from the Bush family attended the 2012 Republican National Convention and there was no President Bush at the 2008 convention.,"Says no one from the Bush family attended the 2012 Republican National Convention and there was no President Bush at the 2008 convention. an interview on ""Meet the Press"""
Crime is rising.,Crime is rising. a speech after several primaries concluded
"Says a Portland school gives Muslim students their own school provided prayer room, prayer rugs, and lets them out of class five times a day to pray to Allah.","Says a Portland school gives Muslim students their own school provided prayer room, prayer rugs, and lets them out of class five times a day to pray to Allah. a website posting"
"(Texas Republicans) believe in abolishing Social Security, abolishing V.A. health care.","(Texas Republicans) believe in abolishing Social Security, abolishing V.A. health care. an MSNBC interview"
"In the case of General Motors, the (Bush) administration wrote a check without asking for any conditions of change.","In the case of General Motors, the (Bush) administration wrote a check without asking for any conditions of change. an interview on ""This Week."""
"When President, then candidate, Obama was asked to disclose some of his donors because there was suspicion of their being the foreign source of money into his campaign, they refused to do it.","When President, then candidate, Obama was asked to disclose some of his donors because there was suspicion of their being the foreign source of money into his campaign, they refused to do it. an interview on NBC's ""Meet the Press"""
Oregon is the only state out of the 50 states in the USA that continues to pay 100% of the medical benefits for its employees and their families.,Oregon is the only state out of the 50 states in the USA that continues to pay 100% of the medical benefits for its employees and their families. a newsletter
You wonder why you dont see Rand Paul as much; hes still shopping for his billionaire. Hes like the only one who hasnt found a billionaire to fund his super PAC.,You wonder why you dont see Rand Paul as much; hes still shopping for his billionaire. Hes like the only one who hasnt found a billionaire to fund his super PAC. comments to HBO host Bill Maher
An independent payment advisory board created by in the health care reform law is like a Medicare IRS with the power to cut Medicare in order to pay for new government programs.,An independent payment advisory board created by in the health care reform law is like a Medicare IRS with the power to cut Medicare in order to pay for new government programs. a television commercial
The Mitchell Park Domes lose about $1 million-plus every year and the number of people going to the Domes has been going down.,The Mitchell Park Domes lose about $1 million-plus every year and the number of people going to the Domes has been going down. an interview
"Under a bill before the legislature, youd have to go to court to fire an employee.","Under a bill before the legislature, youd have to go to court to fire an employee. a TV interview"
"Under the Hate Crimes bill, ""any pastor, preacher, priest, rabbi or imam who gives a sermon out of their moral traditions about sexual practices could be found guilty of a federal crime.""","Under the Hate Crimes bill, ""any pastor, preacher, priest, rabbi or imam who gives a sermon out of their moral traditions about sexual practices could be found guilty of a federal crime."" a press release"
There were more people on welfare than working in 2013.,There were more people on welfare than working in 2013. a column in TownHall.com
Any legislative action that is taken now could very well be rendered completely null and void by the decision of the Supreme Court expected this June.,Any legislative action that is taken now could very well be rendered completely null and void by the decision of the Supreme Court expected this June. a news release
"After how hard you work and how much you pay in taxes, New York City ends up getting the money. Im Chris Jacobs. I think its time we have someone in Albany thats making sure our region gets our fair share","After how hard you work and how much you pay in taxes, New York City ends up getting the money. Im Chris Jacobs. I think its time we have someone in Albany thats making sure our region gets our fair share a campaign ad"
"Says a tweet he sent out wasnt saying, check out a sex tape. It was just take a look at the background of Alicia Machado.","Says a tweet he sent out wasnt saying, check out a sex tape. It was just take a look at the background of Alicia Machado. the second presidential debate"
Aphotograph of 21-year-old Hillary Clinton featured a Confederate battle flag in the background.,Aphotograph of 21-year-old Hillary Clinton featured a Confederate battle flag in the background. a tweet
This administration and this Congress have been systematically cutting funding to border security since the Democrats took control.,This administration and this Congress have been systematically cutting funding to border security since the Democrats took control. an interview on NBC's 'Meet the Press'
A new college tuition reciprocity agreement with Minnesota makes college education more affordable for Wisconsin residents.,A new college tuition reciprocity agreement with Minnesota makes college education more affordable for Wisconsin residents. a news release
Mitt Romney is the first major party candidate for president of the United States in modern times not to release at least 12 years of tax returns.,Mitt Romney is the first major party candidate for president of the United States in modern times not to release at least 12 years of tax returns. an interview on Fox News
Says Paul Ryans budget plan ends Medicare.,Says Paul Ryans budget plan ends Medicare. a TV ad
59 percent of Americans today believe that Barack Obama is still a Muslim.,"59 percent of Americans today believe that Barack Obama is still a Muslim. a roundtable discussion on NBC's ""Meet the Press"""
Carol Shea-Porter wants to increase taxes on small business and job creators.,"Carol Shea-Porter wants to increase taxes on small business and job creators. an advertisement, “Veterans,”"
On whether the United States should intervene in Libya.,On whether the United States should intervene in Libya. televised interviews
"What we said was, you can keep (your plan) if it hasnt changed since the law passed.","What we said was, you can keep (your plan) if it hasnt changed since the law passed. a speech to Organizing for Action"
"Says Florida didnt offer special incentives to Deutsche Bank, which announced it will add 300 jobs in Florida.","Says Florida didnt offer special incentives to Deutsche Bank, which announced it will add 300 jobs in Florida. a TV interview"
Says she was the first in her family to go to a four-year college.,Says she was the first in her family to go to a four-year college. On the 'About' page of McGinty's campaign website
"Scott Maddox has run ""losing campaigns for 3 of Florida's 4 available cabinet positions.""","Scott Maddox has run ""losing campaigns for 3 of Florida's 4 available cabinet positions."" a campaign statement"
"We are now, for the first time ever, energy independent.","We are now, for the first time ever, energy independent. the second presidential debate"
"Medicare monthly premiums will go up to $104.20 in 2012 and $247.00 in 2014 due to provisions incorporated in the Obamacare legislation, purposely delayed so as not to confuse the 2012 re-election campaigns.","Medicare monthly premiums will go up to $104.20 in 2012 and $247.00 in 2014 due to provisions incorporated in the Obamacare legislation, purposely delayed so as not to confuse the 2012 re-election campaigns. a chain e-mail"
SaysPeter Kilmartin voted in favor of expanding the good behavior statute to sex offenders.,SaysPeter Kilmartin voted in favor of expanding the good behavior statute to sex offenders. a news release
Limiting labor negotiations to only wages is how it is for the most part in the private sector.,Limiting labor negotiations to only wages is how it is for the most part in the private sector. an appearance on a TV interview program
"Families in Del Valle, who are City of Austin residents, have to drive to Bastrop to go to the closest grocery store.","Families in Del Valle, who are City of Austin residents, have to drive to Bastrop to go to the closest grocery store. as quoted in a news story"
"A United Nations arms treaty would almost certainly force the U.S. to create an international gun registry, setting the stage for full-scale gun confiscation.","A United Nations arms treaty would almost certainly force the U.S. to create an international gun registry, setting the stage for full-scale gun confiscation. a YouTube video"
"When we took office, let me remind you, there was virtually no international pressure on Iran.","When we took office, let me remind you, there was virtually no international pressure on Iran. a speech"
"Says abortion doctors are flying into this state, performing abortions and flying out.","Says abortion doctors are flying into this state, performing abortions and flying out. a debate on the state House floor."
"A three-cents-per-ounce soda tax in Philadelphia would result in the loss of 2,000 family-sustaining Teamster Union jobs and countless other jobs in the beverage industry.","A three-cents-per-ounce soda tax in Philadelphia would result in the loss of 2,000 family-sustaining Teamster Union jobs and countless other jobs in the beverage industry. a statement"
On repeal of Wisconsins smoking ban,On repeal of Wisconsins smoking ban a news release
"Since Wisconsin Gov. Scott Walker took office, we are losing jobs at rates not seen in decades.","Since Wisconsin Gov. Scott Walker took office, we are losing jobs at rates not seen in decades. an opinion column"
"Says unions take away hard-earned money of teachers, firefighters and police officers to play politics.","Says unions take away hard-earned money of teachers, firefighters and police officers to play politics. a campaign-style ad."
President Bush never did one interview with the New York Times during his entire presidency.,President Bush never did one interview with the New York Times during his entire presidency. The Rachel Maddow show
"Mr. Trump is self-financing his campaign, so we dont have any donors.","Mr. Trump is self-financing his campaign, so we dont have any donors. a radio interview."
"Wisconsin has only one county, Dane, thats hand counting the votes in the 2016 presidential recount.","Wisconsin has only one county, Dane, thats hand counting the votes in the 2016 presidential recount. an interview"
The Providence teacher contract is one of the longest in the country.,The Providence teacher contract is one of the longest in the country. an interview
Look at the debt that has been accumulated in the last two years. Its more debt under this president than all those other presidents combined.,Look at the debt that has been accumulated in the last two years. Its more debt under this president than all those other presidents combined. an interview with Fox News' Greta Van Susteren
"What we have now is the most generous, in my opinion, good time bill in the entire United States.","What we have now is the most generous, in my opinion, good time bill in the entire United States. a radio interview"
"Barack Obama wrote a thesis at Columbia University in which he criticized ""plutocratic thugs"" and said the Constitution gave Americans ""the shackles of hypocrisy.""","Barack Obama wrote a thesis at Columbia University in which he criticized ""plutocratic thugs"" and said the Constitution gave Americans ""the shackles of hypocrisy."" a posting on many blogs."
"Youll find blacks in almost every regiment throughout the South who fought right alongside white Southerners, during the Civil War.","Youll find blacks in almost every regiment throughout the South who fought right alongside white Southerners, during the Civil War. a radio interview"
"The most likely triggering cause of (microcephaly) is the DTaP shot, a vaccine that had been recently mandated by the Brazilian government to be injected into pregnant women.","The most likely triggering cause of (microcephaly) is the DTaP shot, a vaccine that had been recently mandated by the Brazilian government to be injected into pregnant women. an article posted on the group's website"
"Hillary's baby bond proposal would give $5,000 to each of the 4-million babies born in the U.S. each year, totaling $20-billion per year, multiplied by four years = $80-billion.","Hillary's baby bond proposal would give $5,000 to each of the 4-million babies born in the U.S. each year, totaling $20-billion per year, multiplied by four years = $80-billion. a Web site."
If Rhode Island does a hybrid [retirement] plan well be the first state in the nation to do this.,If Rhode Island does a hybrid [retirement] plan well be the first state in the nation to do this. in a hearing
Democrats in the Legislature in 2009 voted for various pork projects including a $5 million scoreboard for the Milwaukee Bucks.,Democrats in the Legislature in 2009 voted for various pork projects including a $5 million scoreboard for the Milwaukee Bucks. a television ad
Turkey is an Arab country.,Turkey is an Arab country. a roundtable discussion on ABC's This Week
Accuses President Barack Obama of making contradictory claims about efforts to kill Osama bin Laden in 2008 and 2011.,Accuses President Barack Obama of making contradictory claims about efforts to kill Osama bin Laden in 2008 and 2011. a chain e-mail
92 percent of the jobs lost during Barack Obamas first term belonged to women.,92 percent of the jobs lost during Barack Obamas first term belonged to women. the third Republican presidential debate
We have 395 inmates pushed into triple-bunked cells intended for two inmates and bunked in classrooms and areas supposed to be designated for inmate labor.,We have 395 inmates pushed into triple-bunked cells intended for two inmates and bunked in classrooms and areas supposed to be designated for inmate labor. a guest column
"The ACLU didnt call for an investigation (of the Newark police department), they called for an immediate federal monitor.","The ACLU didnt call for an investigation (of the Newark police department), they called for an immediate federal monitor. a radio interview on the Brian Lehrer show"
"If the House of Representatives fails to extend the middle-class tax cuts, 400,000 middle-class Rhode Island families will see their federal income taxes increase.","If the House of Representatives fails to extend the middle-class tax cuts, 400,000 middle-class Rhode Island families will see their federal income taxes increase. a report"
"If you actually took the number of Muslims [sic] Americans, we'd be one of the largest Muslim countries in the world.","If you actually took the number of Muslims [sic] Americans, we'd be one of the largest Muslim countries in the world. interview with Canal Plus Television"
"Says Nikita Khrushchev brought an extra shoe to a United Nations session in 1960, which he banged on the desk in protest.","Says Nikita Khrushchev brought an extra shoe to a United Nations session in 1960, which he banged on the desk in protest. a Providence Journal commentary"
Jim Renacci voted repeatedly to end Medicare.,Jim Renacci voted repeatedly to end Medicare. a campaign email
Says Barack Obama is apparently not for vetting people and saying just anybody can come to the United States.,Says Barack Obama is apparently not for vetting people and saying just anybody can come to the United States. a radio interview
Says in 1944 we were in debt more than twice as much as we are now.,Says in 1944 we were in debt more than twice as much as we are now. a telephone town hall meeting
"Says Ohios I-X Center used to be a great plant, but thousands of people of worked here, and they left when their jobs were moved overseas.","Says Ohios I-X Center used to be a great plant, but thousands of people of worked here, and they left when their jobs were moved overseas. a rally outside Cleveland"
"Under a new law, doctors performing drug-induced abortions could be charged if women dont return to them for follow-up care","Under a new law, doctors performing drug-induced abortions could be charged if women dont return to them for follow-up care an interview"
Says Texas voters are being asked to act this November on a proposed constitutional amendment affecting property taxes.,Says Texas voters are being asked to act this November on a proposed constitutional amendment affecting property taxes. a chain e-mail.
The @nytimes sent a letter to their subscribers apologizing for their BAD coverage of me.,The @nytimes sent a letter to their subscribers apologizing for their BAD coverage of me. a tweet
Says 11 straight years of no major hurricanes striking land in the United States bores a hole right through the whole climate change argument.,Says 11 straight years of no major hurricanes striking land in the United States bores a hole right through the whole climate change argument. a radio show broadcast
On abortion,On abortion various statements
Members of Congress receive full pay retirement after serving one term.,Members of Congress receive full pay retirement after serving one term. a message via the Internet
"In 2010 alone, 1,270 infants were reported to have died following attempted abortions and notably that is only one year.","In 2010 alone, 1,270 infants were reported to have died following attempted abortions and notably that is only one year. a committee hearing on SB 1636"
Says the No. 2 cause of death in the U.S. (for) women under 50 is being killed by their spouse or domestic partner.,Says the No. 2 cause of death in the U.S. (for) women under 50 is being killed by their spouse or domestic partner. a floor speech.
I am the first Latina to run for governor of Texas.,I am the first Latina to run for governor of Texas. her campaign website
Says Every legislative district in the state has at least one craft brewery and countless home brewers.,Says Every legislative district in the state has at least one craft brewery and countless home brewers. a floor speech
"In Ohio, we invested in our children, raising school funding by 5.5 percent in the last budget.","In Ohio, we invested in our children, raising school funding by 5.5 percent in the last budget. a campaign speech"
"In 2007, when Nancy Pelosi met with President Assad of Syria, nobody got upset.","In 2007, when Nancy Pelosi met with President Assad of Syria, nobody got upset. remarks on Fox's Hannity"
"For the past eight years, Gov. Carcieri and Mrs. Carcieri would host the lighting of the State House Christmas tree.","For the past eight years, Gov. Carcieri and Mrs. Carcieri would host the lighting of the State House Christmas tree. a talk-show discussion"
"Says Demond Means, turnaround district superintendent for Milwaukee Public Schools, said the district needs to be gutted.","Says Demond Means, turnaround district superintendent for Milwaukee Public Schools, said the district needs to be gutted. a Facebook posting."
"Says Mahatma Gandhi once said, First they ignore you, then they laugh at you, then they fight you, then you win.","Says Mahatma Gandhi once said, First they ignore you, then they laugh at you, then they fight you, then you win. an Instagram meme"
"Nearly 14,000 Wisconsinites have lost their job since Governor Walker and the Republicans took over in January.","Nearly 14,000 Wisconsinites have lost their job since Governor Walker and the Republicans took over in January. a news release"
"Says in the last 20 years, the French have not stood by the United States on foreign policy.","Says in the last 20 years, the French have not stood by the United States on foreign policy. a campaign event"
Says Attorney General Loretta Lynch was a member of Bill Clintons defense team during the 1992 Whitewater corruption probe.,Says Attorney General Loretta Lynch was a member of Bill Clintons defense team during the 1992 Whitewater corruption probe. a posting on Twitter
"Says thousands at a Manhattan rally for Donald Trump were chanting We hate Muslims, we hate blacks, we want our great country back.","Says thousands at a Manhattan rally for Donald Trump were chanting We hate Muslims, we hate blacks, we want our great country back. a viral Tweet"
Christian Pastor in Vermont Sentenced to One Year in Prison After Refusing to Marry Gay Couple,Christian Pastor in Vermont Sentenced to One Year in Prison After Refusing to Marry Gay Couple a headline on the website NewsExaminer
"It was allowed, referring to her email practices.","It was allowed, referring to her email practices. an interview on ABC"
"Our veterans, in many cases, are being treated worse than illegal immigrants.","Our veterans, in many cases, are being treated worse than illegal immigrants. a speech in Philadelphia"
Recent solar energy policies in Georgia have resulted in rate hikes and did not result in solar becoming any more economically viable.,Recent solar energy policies in Georgia have resulted in rate hikes and did not result in solar becoming any more economically viable. a news release
We spend twice as much per capita on health care as any other nation on Earth.,We spend twice as much per capita on health care as any other nation on Earth. an appearance on the Rachel Maddow Show
Says the Texas Education Agency follows up to make sure undocumented immigrants paying in-state tuition at Texas colleges are applying for permanent residency.,Says the Texas Education Agency follows up to make sure undocumented immigrants paying in-state tuition at Texas colleges are applying for permanent residency. a debate
Hidden in the healthcare.gov code is language that means users waive any reasonable right to privacy of your personal information.,Hidden in the healthcare.gov code is language that means users waive any reasonable right to privacy of your personal information. a Fox News interview
"In Cranston, it costs $5,000 to $6,000 to send out community notifications on just one Level 3 sex offender.","In Cranston, it costs $5,000 to $6,000 to send out community notifications on just one Level 3 sex offender. a House Finance Committee hearing"
"The United States is not building the aircraft, the long-range bombers, the additional aircraft carriers, the nuclear submarines.","The United States is not building the aircraft, the long-range bombers, the additional aircraft carriers, the nuclear submarines. a speech at the Iowa Faith and Freedom Summit"
"Every year we spend roughly $500 billion on tax compliance. That is roughly the budget of our entire military, entirely wasted on tax compliance.","Every year we spend roughly $500 billion on tax compliance. That is roughly the budget of our entire military, entirely wasted on tax compliance. a roundtable with Texas businesses"
Did you know that in 2013 over 50 percent of all babies born in Oregon were Hispanic?,Did you know that in 2013 over 50 percent of all babies born in Oregon were Hispanic? a newsletter
"Barack Obama wants to ""unilaterally disarm our nation.""","Barack Obama wants to ""unilaterally disarm our nation."" a chain e-mail"
On an earmark moratorium.,On an earmark moratorium. a statement
Milwaukees problems include 52 percent black male unemployment.,Milwaukees problems include 52 percent black male unemployment. a TV interview
Says Texas Railroad Commissioner Michael Williams has attended more than 150 tea party gatherings.,Says Texas Railroad Commissioner Michael Williams has attended more than 150 tea party gatherings. a newspaper article.
Harry Reid has voted to give special tax breaks to illegal aliens.,Harry Reid has voted to give special tax breaks to illegal aliens. a campaign commerical
Job growth in the United States is now at the fastest pace in this countrys history.,"Job growth in the United States is now at the fastest pace in this countrys history. an interview on CNN's ""New Day"""
Says hes never asked for more than inflationary budget increases in his 10 budgets as Milwaukee County sheriff,Says hes never asked for more than inflationary budget increases in his 10 budgets as Milwaukee County sheriff a radio interview
Says President Obama has waived the work requirement for welfare.,Says President Obama has waived the work requirement for welfare. a convention speech
Says Ocean Spray is moving its Bordentown processing facility to Pennsylvania largely because of costs associated with the Regional Greenhouse Gas Initiative.,Says Ocean Spray is moving its Bordentown processing facility to Pennsylvania largely because of costs associated with the Regional Greenhouse Gas Initiative. a press release
"All the really great programs in American history, Social Security, was done without Republicans. Medicare was done without Republican support until the last vote where they realized they had to get on board.","All the really great programs in American history, Social Security, was done without Republicans. Medicare was done without Republican support until the last vote where they realized they had to get on board. an interview on the Rachel Maddow Show"
Diane Black voted to fund Obamacare.,Diane Black voted to fund Obamacare. in an ongoing radio commercial.
The current debate over authorizing military action against the Islamic State would be the first time Congress would place limits on the commander-in-chiefs ability to be commander-in-chief.,The current debate over authorizing military action against the Islamic State would be the first time Congress would place limits on the commander-in-chiefs ability to be commander-in-chief. an appearance on ABC's 'This Week'
Says President Barack Obama has opened up no new trade relationships with other nations.,"Says President Barack Obama has opened up no new trade relationships with other nations. a Republican presidential debate in Manchester, N.H."
Says Hillary Clinton has even deleted this record of total support (for the Trans-Pacific Partnership trade agreement) from her book.,Says Hillary Clinton has even deleted this record of total support (for the Trans-Pacific Partnership trade agreement) from her book. a speech
"Obama says Iran is a 'tiny' country, 'doesn't pose a serious threat.'","Obama says Iran is a 'tiny' country, 'doesn't pose a serious threat.' a TV ad airing in Florida"
Barbara Boxers worried about the weather instead of terrorism as the biggest threat to national security.,Barbara Boxers worried about the weather instead of terrorism as the biggest threat to national security. a campaign commercial
"In the 2014 elections, the American people overwhelmingly said we dont want Obamacare and we dont want amnesty.","In the 2014 elections, the American people overwhelmingly said we dont want Obamacare and we dont want amnesty. an interview on Fox News"
"Obama ""basically threatened to bomb Pakistan.""","Obama ""basically threatened to bomb Pakistan."" a debate in Cleveland, Ohio."
The Governor did not consult members of his own party before he released his [transportation] plan.,The Governor did not consult members of his own party before he released his [transportation] plan. a letter.
Ohio has lost more population than every other state in the country except for two.,Ohio has lost more population than every other state in the country except for two. a news conference
On support for the auto bailouts.,On support for the auto bailouts. a campaign statement to a local newspaper
"Says the difference between her and Barack Obama is ""about 35 years of experience.""","Says the difference between her and Barack Obama is ""about 35 years of experience."" a campaign event in Robstown, Texas."
Redistribution has never been a characteristic of America.,Redistribution has never been a characteristic of America. remarks in Atlanta
Tampa is the strip club capital of the world.,Tampa is the strip club capital of the world. a hearing in Tallahassee
Said they reached a power-sharing agreement with Republican Lt. Gov. Casey Cagle,Said they reached a power-sharing agreement with Republican Lt. Gov. Casey Cagle Statements to reporters
I unsealed my records at Marquette University.,I unsealed my records at Marquette University. an interview
"The U.S. gives foreign aid to Cuba and Venezuela, even though those countries are our enemies.","The U.S. gives foreign aid to Cuba and Venezuela, even though those countries are our enemies. a House floor speech"
"if the Agreement goes into effect, the millions of Mexican citizens who will become eligible for Social Security benefits may have a far stronger claim to benefits and protection against cuts than U.S. citizens!","if the Agreement goes into effect, the millions of Mexican citizens who will become eligible for Social Security benefits may have a far stronger claim to benefits and protection against cuts than U.S. citizens! mailer"
"Earlier this year, [John DePetro] was accused of sexually assaulting a female co-worker.","Earlier this year, [John DePetro] was accused of sexually assaulting a female co-worker. an online petition"
"Photo of ""tea party"" protests shows crowd sprawling from Capitol to Washington Monument","Photo of ""tea party"" protests shows crowd sprawling from Capitol to Washington Monument conservative blogs"
Every one of the 67 supervisors of elections in Florida refused to carry out the effort to remove noncitizens from the voter rolls.,Every one of the 67 supervisors of elections in Florida refused to carry out the effort to remove noncitizens from the voter rolls. an email
"If the Stamp Farm wind turbine is built, the health risk of flicker impact created by shadows of blades of turbines poses real and significant health risks, particularly seizures.","If the Stamp Farm wind turbine is built, the health risk of flicker impact created by shadows of blades of turbines poses real and significant health risks, particularly seizures. a commentary in The Providence Journal"
Gov. Crist's veto also clears the way for taxpayer funding of abortion in Florida.,Gov. Crist's veto also clears the way for taxpayer funding of abortion in Florida. a campaign press release
"Dem-controlled Ohio House voted to change the process, to create objective criteria, to modify the Constitution ... to take politics out of the efforts to draw legislative boundaries.","Dem-controlled Ohio House voted to change the process, to create objective criteria, to modify the Constitution ... to take politics out of the efforts to draw legislative boundaries. a news conference"
Says U.S. Sen. Sherrod Brown is responsible for over $14 trillion in debt.,Says U.S. Sen. Sherrod Brown is responsible for over $14 trillion in debt. a news release
"Under Tom Barretts leadership, violent crime in Milwaukee has decreased by over 20% -- to its lowest levels in more than 20 years.","Under Tom Barretts leadership, violent crime in Milwaukee has decreased by over 20% -- to its lowest levels in more than 20 years. a statement on campaign web site"
Barack Obama appeared in the video for 'Whoomp! (There it is!)',Barack Obama appeared in the video for 'Whoomp! (There it is!)' a rumor widely discussed on the Internet.
"Says that compared to direct sales by manufacturers, consumers save avg of $500 per car sold through franchised dealer model.","Says that compared to direct sales by manufacturers, consumers save avg of $500 per car sold through franchised dealer model. a tweet"
"Prior to Obamacare here in Wisconsin, 95 percent of Wisconsinites were covered by insurance. After Obamacare, 95 percent of Wisconsinites were covered by insurance. It hasnt had an impact.","Prior to Obamacare here in Wisconsin, 95 percent of Wisconsinites were covered by insurance. After Obamacare, 95 percent of Wisconsinites were covered by insurance. It hasnt had an impact. a U.S. Senate debate"
"Building and running the Atlanta Streetcar is projected to create 1,399 jobs.","Building and running the Atlanta Streetcar is projected to create 1,399 jobs. a newsletter to constituents"
"Wisconsin is one of the bluest states, but under Scott Walker its unemployment rate is around 3.5%.","Wisconsin is one of the bluest states, but under Scott Walker its unemployment rate is around 3.5%. a radio commentary"
Residential property taxes [in Providence] are up nearly 27 percent under Mayor Taveras.,Residential property taxes [in Providence] are up nearly 27 percent under Mayor Taveras. a news release
Teachers are working their third consecutive year -- some longer than that -- without salary increases.,Teachers are working their third consecutive year -- some longer than that -- without salary increases. a news conference.
I don't have lobbyists running my campaign.,"I don't have lobbyists running my campaign. a news conference in a Staples store in Columbia, S.C."
Weve seen the increase of alcohol use for underage kids even though alcohol has been illegal ... for kids under 21.,Weve seen the increase of alcohol use for underage kids even though alcohol has been illegal ... for kids under 21. a TV interview
"If we had been on Obamacare and a bureaucrat was trying to tell me when I could get that CAT scan, that would have delayed my treatment.","If we had been on Obamacare and a bureaucrat was trying to tell me when I could get that CAT scan, that would have delayed my treatment. the Fox News Google debate in Orlando"
Barack Obama had 150 days in the U.S. Senate where he was able to vote quite often 'present.',Barack Obama had 150 days in the U.S. Senate where he was able to vote quite often 'present.' an interview with FoxNews.com
"Says opponent Bill Flores helped run a company that laid off over 3,000 workers and paid off executives with millions.","Says opponent Bill Flores helped run a company that laid off over 3,000 workers and paid off executives with millions. a TV ad."
Says Michelle Obama has 43 people on her staff; Nancy Reagan had just 3.,Says Michelle Obama has 43 people on her staff; Nancy Reagan had just 3. his radio program
The 9-0 decision last week was the 13th time the Supreme Court voted 9-0 that the president had exceeded his constitutional authority.,"The 9-0 decision last week was the 13th time the Supreme Court voted 9-0 that the president had exceeded his constitutional authority. comments on ""Fox News Sunday"""
"Says Tammy Baldwin supports a law in which government will take over your decisions on medicine, on doctors and on hospitals.","Says Tammy Baldwin supports a law in which government will take over your decisions on medicine, on doctors and on hospitals. an interview"
"Says if we do nothing and continue to let Obamacare siphon off that $700 billion dollars off the top of it, Medicare goes away in less than 10 years -- certain accounts of it -- and it just falls apart at the seams.","Says if we do nothing and continue to let Obamacare siphon off that $700 billion dollars off the top of it, Medicare goes away in less than 10 years -- certain accounts of it -- and it just falls apart at the seams. an interview with Townsquare Media New Jersey"
"Says Sen. John McCain spent the July 4 weekend in Islamabad, Pakistan, selling F-16s and advanced weapons to the folks who harbored Osama bin Laden.","Says Sen. John McCain spent the July 4 weekend in Islamabad, Pakistan, selling F-16s and advanced weapons to the folks who harbored Osama bin Laden. a campaign advertisement"
Says Donald Trump doesnt make a thing in America.,Says Donald Trump doesnt make a thing in America. a speech at Temple University
"Ever wonder why no one ever came forward from Obamas past, saying they knew him, attended school with him, was his friend, etc.? Not one person has ever come forward from his past.","Ever wonder why no one ever came forward from Obamas past, saying they knew him, attended school with him, was his friend, etc.? Not one person has ever come forward from his past. a chain e-mail"
"Barack Obama's plan calls for ""mandates and fines for small businesses.""","Barack Obama's plan calls for ""mandates and fines for small businesses."" a debate in Nashville, Tenn."
Says area near proposed northern Wisconsin iron ore mine is 15 hours away from where public hearing on mining was held.,Says area near proposed northern Wisconsin iron ore mine is 15 hours away from where public hearing on mining was held. a news release
Our credit rating went up since Ive been in office.,Our credit rating went up since Ive been in office. an interview with Panama City radio station WFLA 94.5
U.S. police killed more people in just one month than the U.K.s did in over a century.,U.S. police killed more people in just one month than the U.K.s did in over a century. an infographic on the Addicting Info website
Says 11 soccer players on the U.S. Mens National Team are immigrants.,Says 11 soccer players on the U.S. Mens National Team are immigrants. a tweet
The president by executive order could grant voting rights to illegal immigrants who are newly legalized under pending legislation.,The president by executive order could grant voting rights to illegal immigrants who are newly legalized under pending legislation. an interview with World Net Daily
China owns about 29 percent of (the U.S.) debt.,China owns about 29 percent of (the U.S.) debt. an interview
"Maj. Nidal Hasan, the man accused of the Fort Hood shootings, ""was an ADVISOR to the Obama Administration.""","Maj. Nidal Hasan, the man accused of the Fort Hood shootings, ""was an ADVISOR to the Obama Administration."" an e-mail circulated to many people."
Florida has the second-lowest (campaign) contribution limit in the entire country.,Florida has the second-lowest (campaign) contribution limit in the entire country. a news conference
"David Beckhams proposed soccer stadium at Miamis Port threatens the 207,000 jobs and $27 billion economic impact tied to the cargo and cruise industries.","David Beckhams proposed soccer stadium at Miamis Port threatens the 207,000 jobs and $27 billion economic impact tied to the cargo and cruise industries. a ""Miami Herald"" newspaper ad"
Scott Walker gave Wisconsin job creation money to his cronies: corporate friends who contributed to his campaigns and got $570 million in job-development incentives,Scott Walker gave Wisconsin job creation money to his cronies: corporate friends who contributed to his campaigns and got $570 million in job-development incentives a campaign TV ad
"Due to actions by President Barack Obama, the Burger King national headquarters announced this month that they will be pulling their franchises from our military bases.","Due to actions by President Barack Obama, the Burger King national headquarters announced this month that they will be pulling their franchises from our military bases. emails circulating on the Internet"
Scott Walker has a plan to privatize state lands and wants to sell our deer to the highest bidder.,Scott Walker has a plan to privatize state lands and wants to sell our deer to the highest bidder. a web ad
We saw the president of the United States engage American troops in a fourth conflict in a foreign land. This is historic.,We saw the president of the United States engage American troops in a fourth conflict in a foreign land. This is historic. a Republican presidential debate in Las Vegas
"(U.S. Reps.) Paul Ryan, Sean Duffy and Reid Ribble are shutting down town hall meetings, or making their constituents pay to attend them.","(U.S. Reps.) Paul Ryan, Sean Duffy and Reid Ribble are shutting down town hall meetings, or making their constituents pay to attend them. an email to party supporters"
"Rick Perry thinks injecting 11- and 12-year-old girls with a controversial drug (the HPV vaccine), without a parents consent, is a good idea.","Rick Perry thinks injecting 11- and 12-year-old girls with a controversial drug (the HPV vaccine), without a parents consent, is a good idea. a TV ad"
A 2005 gay pride vote had nothing to do with discrimination.,A 2005 gay pride vote had nothing to do with discrimination. a mayoral debate
"On whether he would vote for the budget proposed by Rep. Paul Ryan, R-Wis.","On whether he would vote for the budget proposed by Rep. Paul Ryan, R-Wis. a public appearance and an op-ed"
Hillary Clinton and her campaign of 2008 startedthe birther controversy.,Hillary Clinton and her campaign of 2008 startedthe birther controversy. a speech
"Says U.S. Rep. John Barrow, D-Ga., celebrates gun ownership even in the face of school shootings.","Says U.S. Rep. John Barrow, D-Ga., celebrates gun ownership even in the face of school shootings. in a video"
"Schoolchildren across the nation ""will be forced to watch the president justify his plans for government-run health care, banks, and automobile companies, increasing taxes on those who create jobs, and racking up more debt than any other president.""","Schoolchildren across the nation ""will be forced to watch the president justify his plans for government-run health care, banks, and automobile companies, increasing taxes on those who create jobs, and racking up more debt than any other president."" a press release"
Wisconsin employers have repeatedly said in surveys that our anti-business litigation climate is one of the most important factors affecting their expansion decisions.,Wisconsin employers have repeatedly said in surveys that our anti-business litigation climate is one of the most important factors affecting their expansion decisions. comments at a bill signing ceremony
The Pasco County budget has doubled in the past three years.,The Pasco County budget has doubled in the past three years. an interview
Just look at what the FBI director said about her (Hillary Clinton) her misconduct is a disgrace and embarrassment to our country.,Just look at what the FBI director said about her (Hillary Clinton) her misconduct is a disgrace and embarrassment to our country. a speech
"When his grandfather arrived in the United States, there were no government benefits for immigrants.","When his grandfather arrived in the United States, there were no government benefits for immigrants. a speech at the Republican National Convention in Tampa"
Says rejecting federal aid to expand Medicaid in Texas will send $9 billion in federal taxes paid by Texans to other states to insure their working poor.,Says rejecting federal aid to expand Medicaid in Texas will send $9 billion in federal taxes paid by Texans to other states to insure their working poor. a press release
"A third of all the young people in America are not in America today because of abortion, because one in three pregnancies end in abortion.","A third of all the young people in America are not in America today because of abortion, because one in three pregnancies end in abortion. a radio interview"
On same-sex marriage.,On same-sex marriage. a video with the Human Rights Campaign.
Former Atlanta Public Schools Superintendent Beverly Hall left the school district significantly better than she found it.,Former Atlanta Public Schools Superintendent Beverly Hall left the school district significantly better than she found it. a blog post
"Ninety-four percent of the bills that pass the Senate have no debate, no vote, no amendments, no reading of the bill, no online disclosure.","Ninety-four percent of the bills that pass the Senate have no debate, no vote, no amendments, no reading of the bill, no online disclosure. YouTube video of a floor speech"
Says Scott Walkers bad budget includes: No weekend for workers.,Says Scott Walkers bad budget includes: No weekend for workers. a Facebook post
SaysPresident Obama and his allies in Congress gave power to control Medicare patients health care decisions to a commission of 15 unelected bureaucrats in Washington.,SaysPresident Obama and his allies in Congress gave power to control Medicare patients health care decisions to a commission of 15 unelected bureaucrats in Washington. a press release announcing her vote against the Independent Payments Advisory Board.
"Under Hillary Clinton, State Department officials were sending official thank-yous to people who gave to the Clinton Foundation.","Under Hillary Clinton, State Department officials were sending official thank-yous to people who gave to the Clinton Foundation. a Fox Business interview"
"Says the United States is the only nation that affords citizenship to anyone born here, whether you are here legally or illegally.","Says the United States is the only nation that affords citizenship to anyone born here, whether you are here legally or illegally. a conference call with reporters."
"Mary Burkes record: 130,000 fewer jobs.","Mary Burkes record: 130,000 fewer jobs. a campaign TV ad"
Says Planned Parenthood provides about 140 visits for prenatal care in each state.,Says Planned Parenthood provides about 140 visits for prenatal care in each state. a speech on the Senate floor by Sen. Michael Doherty (R-Warren)
"Says that in 41 states, government workers are better paid than the taxpayers who support them.","Says that in 41 states, government workers are better paid than the taxpayers who support them. an interview with PBS's Tavis Smiley."
The economy began its nose dive when Democrats took control of Congress in January 2007.,The economy began its nose dive when Democrats took control of Congress in January 2007. a speech on the House floor
If you sell your house after 2012 you will pay a 3.8 percent sales tax on it.,If you sell your house after 2012 you will pay a 3.8 percent sales tax on it. a message via the Internet
"Twenty percent of single adults, ages 21 to 25 with no kids, are not working or even in school trying to find a job.","Twenty percent of single adults, ages 21 to 25 with no kids, are not working or even in school trying to find a job. an interview"
President Obama plans to impose a tax of at least 23 percent on the Medicare prescription drug benefit for low-income beneficiaries.,President Obama plans to impose a tax of at least 23 percent on the Medicare prescription drug benefit for low-income beneficiaries. a newspaper advertisement.
"Says Steve Kagen promised us jobs, voting for the $787 billion stimulus. Cost: another 77,000 jobs lost.","Says Steve Kagen promised us jobs, voting for the $787 billion stimulus. Cost: another 77,000 jobs lost. a campaign TV ad"
"A report just came out that if we continue with President Obamas policies, were looking at over 9 percent unemployment next year in the fourth quarter.","A report just came out that if we continue with President Obamas policies, were looking at over 9 percent unemployment next year in the fourth quarter. a Fox News interview"
On the way the federal government should spend Floridas rejected high-speed rail money.,On the way the federal government should spend Floridas rejected high-speed rail money. a press release.
"According to (Barack) Obamas newest unconstitutionally enacted law, health care professionals are now required to violate HIPAA privacy laws and submit medical data to the government, which is then used as justification for gun confiscation.","According to (Barack) Obamas newest unconstitutionally enacted law, health care professionals are now required to violate HIPAA privacy laws and submit medical data to the government, which is then used as justification for gun confiscation. a blog post"
"For every one ESD superintendent position, we can pay for three speech pathologists, or three special needs instructors, or three classroom teachers.","For every one ESD superintendent position, we can pay for three speech pathologists, or three special needs instructors, or three classroom teachers. in a press release"
75 percent of the (air traffic control) towers the Obama Administration is closing are located in Republican Congressional Districts.,75 percent of the (air traffic control) towers the Obama Administration is closing are located in Republican Congressional Districts. a press release
"Says he has a fiduciary responsibility to his business, his family and his employees to pay no more tax than legally required.","Says he has a fiduciary responsibility to his business, his family and his employees to pay no more tax than legally required. a statement from the campaign"
Says the federal government restricts how much salt we can put on our food.,"Says the federal government restricts how much salt we can put on our food. Rick Perry's book, ""Fed Up! Our Fight to Save America from Washington"""
"During the lead-up to the American Revolutionary War, some guy in Boston got his head blown off because he tried to secretly raise the tax on tea.","During the lead-up to the American Revolutionary War, some guy in Boston got his head blown off because he tried to secretly raise the tax on tea. comments on Fox News Channel's ""The Five"""
On the accuracy of state jobs numbers.,On the accuracy of state jobs numbers. a news release
Says Ron Johnson has essentially done nothing to fight heroin addiction and opioid abuse.,Says Ron Johnson has essentially done nothing to fight heroin addiction and opioid abuse. a radio ad
Says U.S. House candidate Carlos Curbelo supported raising flood insurance rates.,Says U.S. House candidate Carlos Curbelo supported raising flood insurance rates. a web ad
Says some Planned Parenthood chapters have been selling the body parts of aborted fetuses for profit.,Says some Planned Parenthood chapters have been selling the body parts of aborted fetuses for profit. a constituent survey
I did not support the war in Iraq The record shows that Im right.,I did not support the war in Iraq The record shows that Im right. a presidential debate
President Barack Obama met with Iranian president Hassan Rouhani.,President Barack Obama met with Iranian president Hassan Rouhani. a TV ad
Terry McAuliffe has threatened to shut down Virginias government if his budget plan isnt supported.,Terry McAuliffe has threatened to shut down Virginias government if his budget plan isnt supported. radio ad.
At least 10 ISIS fighters have been caught coming across the Mexican border in Texas and there are dozens more that did not get caught by the Border Patrol.,At least 10 ISIS fighters have been caught coming across the Mexican border in Texas and there are dozens more that did not get caught by the Border Patrol. an interview with Greta Van Susteren of Fox News
Says Majority Leader Eric Cantor called for abolishing Social Security and Medicare.,Says Majority Leader Eric Cantor called for abolishing Social Security and Medicare. a news release.
I never said that Muslims would be subject to profiling under his policies.,I never said that Muslims would be subject to profiling under his policies. an interview with Fox News' Bill O'Reilly
Says Planned Parenthood CEO Cecile Richards was forced to concede that 86 percent of Planned Parenthoods revenue is from abortion.,Says Planned Parenthood CEO Cecile Richards was forced to concede that 86 percent of Planned Parenthoods revenue is from abortion. a tweet
Obama admits he is not a citizen.,Obama admits he is not a citizen. referring to a YouTube video
Says President Obamas deal allows Iran to produce a nuclear weapon.,Says President Obamas deal allows Iran to produce a nuclear weapon. a press release
"The stimulus bill includes ""$300,000 for a sculpture garden in Miami.""","The stimulus bill includes ""$300,000 for a sculpture garden in Miami."" an interview on the Fox News Channel."
"When the United States ""first created the federal income tax, frankly, nobody below a million dollars a year paid anything.""","When the United States ""first created the federal income tax, frankly, nobody below a million dollars a year paid anything."" a speech to the Southern Republican Leadership Conference"
Says Gov. John Kasich implied that a portion of workers compensation rebates to employers should be directed back to him in the form of campaign cash.,Says Gov. John Kasich implied that a portion of workers compensation rebates to employers should be directed back to him in the form of campaign cash. an emailed news release
We have over 300 state agencies. Forty-five of those agencies are related to health care.,We have over 300 state agencies. Forty-five of those agencies are related to health care. a debate.
The premiums on Medicares prescription drug program have fallen almost every year since it began.,The premiums on Medicares prescription drug program have fallen almost every year since it began. a speech before the Greater North Fulton Chamber of Commerce
"The Central Falls School system spent $100,000 on a time clock.","The Central Falls School system spent $100,000 on a time clock. a news release"
Says Donald Trumps Make America Great Againhats were made in China.,Says Donald Trumps Make America Great Againhats were made in China. tweets
Says government is a barrier to innovation and development.,Says government is a barrier to innovation and development. a tweet during the State of the Union address
We have a 40 to 50 percent dropout rate in our inner-city schools.,We have a 40 to 50 percent dropout rate in our inner-city schools. his speech at the state convention of the Republican Party of Texas
"The law says ... when a police officer stops you, do whatever he says and then deal with it later.","The law says ... when a police officer stops you, do whatever he says and then deal with it later. a panel debate on ""CNN Tonight with Don Lemon"""
The National Rifle Association was founded by religious leaders who wanted to protect freed slaves from the Ku Klux Klan.,The National Rifle Association was founded by religious leaders who wanted to protect freed slaves from the Ku Klux Klan. a news conference
"Says Hillary Clinton believes that all abortions should be legal, even on the due date of that unborn child.","Says Hillary Clinton believes that all abortions should be legal, even on the due date of that unborn child. the GOP primary debate in New Hampshire"
And the #jerseycomeback keeps rolling! Thanks to @GovChristie NJ now has lowest corruption risk of any state.,And the #jerseycomeback keeps rolling! Thanks to @GovChristie NJ now has lowest corruption risk of any state. a tweet
Passage of a referendum on an aquarium for Clearwater means NO future funding for our neighborhoods.,Passage of a referendum on an aquarium for Clearwater means NO future funding for our neighborhoods. a flier
Everything I have said (on the campaign trail) has been factually accurate.,"Everything I have said (on the campaign trail) has been factually accurate. Portland, Maine"
10 cents on thedollar from the Clinton Foundation goes to charitable causes.,10 cents on thedollar from the Clinton Foundation goes to charitable causes. the vice presidential debate
Says John Boehner admits we are not going to be any different than weve been by returning to the same failed economic policies that wrecked our economy.,Says John Boehner admits we are not going to be any different than weve been by returning to the same failed economic policies that wrecked our economy. a blog post
The right-wing extremists are trying to take this seat so they can push their anti-choice and anti-equality agenda through our State House.,The right-wing extremists are trying to take this seat so they can push their anti-choice and anti-equality agenda through our State House. In a fundraising email to supporters
"Sen. Sherrod Browns vote helped pass Barack Obamas job-killing health care law, which slapped small businesses throughout Ohio with a $500 billion tax increase.","Sen. Sherrod Browns vote helped pass Barack Obamas job-killing health care law, which slapped small businesses throughout Ohio with a $500 billion tax increase. a news release"
"Rob Cornilles has been endorsed by 20 local mayors, including Independent, Democratic and Republican.","Rob Cornilles has been endorsed by 20 local mayors, including Independent, Democratic and Republican. a campaign mailer"
Attorney General Eric Holder is involved in the dismissal of the criminal charges against the New Black Panther Party for voter intimidation,Attorney General Eric Holder is involved in the dismissal of the criminal charges against the New Black Panther Party for voter intimidation an online column
Gov. Chris Christie owes the state money for amenities like extra Gorgonzola cheese for his staff on these trips.,Gov. Chris Christie owes the state money for amenities like extra Gorgonzola cheese for his staff on these trips. a press release
I'm glad for the wording of it (an ethics report on corporate-sponsored Congressional trips) because clearly the wording exonerates me.,I'm glad for the wording of it (an ethics report on corporate-sponsored Congressional trips) because clearly the wording exonerates me. a press conference
"On tax inversions, the Wall Street Journalsurprisingly attacked this tax scheme.","On tax inversions, the Wall Street Journalsurprisingly attacked this tax scheme. a broadcast of MSNBC's ""Hardball"""
Wisconsin is one of the few states in the country that do not currently require a photographic identification to vote.,Wisconsin is one of the few states in the country that do not currently require a photographic identification to vote. letters to constituents
You will learn more about Donald Trump by going down to the Federal Elections to see the financial disclosure form than by looking at tax returns.,You will learn more about Donald Trump by going down to the Federal Elections to see the financial disclosure form than by looking at tax returns. a Presidential debate at Hofstra University
"Over half of the young people in medical, dental and law schools are women.","Over half of the young people in medical, dental and law schools are women. an interview with CNN"
Ken Block supports Obamacare.,Ken Block supports Obamacare. a TV commercial
My opponent promises to bring back old jobs by wishing away the global economy.,"My opponent promises to bring back old jobs by wishing away the global economy. St. Paul, Minn."
I co-sponsored the Rebuild America Jobs Act for transportation and infrastructure.,I co-sponsored the Rebuild America Jobs Act for transportation and infrastructure. an economic issues statement
"Says a new report proves the stimulus supported by N.J. Democrats cost $278,000 per job.","Says a new report proves the stimulus supported by N.J. Democrats cost $278,000 per job. a press release"
Says its absurd to say theres enough data to establish a link between playing football and Chronic Traumatic Encephalopathy.,Says its absurd to say theres enough data to establish a link between playing football and Chronic Traumatic Encephalopathy. remarks to reporters at NFL annual meeting
The wives of the 9/11 hijackers knew exactly what was happening and went back to Saudi Arabia two days before the attacks to watch their husbands on television flying the planes.,The wives of the 9/11 hijackers knew exactly what was happening and went back to Saudi Arabia two days before the attacks to watch their husbands on television flying the planes. a GOP debate hosted by Fox
Says Jill McCabe supports late term abortions. Larger baby parts are more profitable.,Says Jill McCabe supports late term abortions. Larger baby parts are more profitable. a tweet
"Says U.S. Rep. Nancy Pelosi said, Employers cutting hours is a good thing. It then gives that person time to pursue their dreams and passions.","Says U.S. Rep. Nancy Pelosi said, Employers cutting hours is a good thing. It then gives that person time to pursue their dreams and passions. a Facebook post"
The things I said (during the prank call by a blogger posing as GOP contributor David Koch) are the things Ive said publicly all along about the Wisconsin budget debate.,The things I said (during the prank call by a blogger posing as GOP contributor David Koch) are the things Ive said publicly all along about the Wisconsin budget debate. a news conference
Say photographs of Hillary Clinton at the debate show what could be an earpiece.,Say photographs of Hillary Clinton at the debate show what could be an earpiece. Internet posts
On whether to seat Roland Burris as the new senator from Illinois.,On whether to seat Roland Burris as the new senator from Illinois. public statements.
2014 Federal Tax Refunds To Be Delayed Until October 2015.,2014 Federal Tax Refunds To Be Delayed Until October 2015. a chain email
"Obama ""remains silent"" and ""is never asked how he feels about his church honoring Farrakhan.""","Obama ""remains silent"" and ""is never asked how he feels about his church honoring Farrakhan."""
Says Rep. Jon Runyan voted to redefine rape.,Says Rep. Jon Runyan voted to redefine rape. a campaign event
"This year, Eric Cantor has received more money from oil companies than any other member of Congress.","This year, Eric Cantor has received more money from oil companies than any other member of Congress. website posting."
"The Iran deal says that if any other country tries to undermine (Irans) nuclear program, we have to help them defend themselves against Israel, Egypt, Saudis, our own allies.","The Iran deal says that if any other country tries to undermine (Irans) nuclear program, we have to help them defend themselves against Israel, Egypt, Saudis, our own allies. an interview on Fox News"
"Tonight in Ohio, more people came out to vote for Barack Obama in an unopposed race than voted for (Mitt) Romney and (Rick) Santorum combined.","Tonight in Ohio, more people came out to vote for Barack Obama in an unopposed race than voted for (Mitt) Romney and (Rick) Santorum combined. an interview on NBC"
"U.S. Reps. Eric Cantor and Luis Gutierrez were touring the country last year joined at the hip, working together in a bipartisan fashion indeed for the goal of immigration reform.","U.S. Reps. Eric Cantor and Luis Gutierrez were touring the country last year joined at the hip, working together in a bipartisan fashion indeed for the goal of immigration reform. a speech."
The $5 billion website for Obamacare never worked. Still doesnt work.,The $5 billion website for Obamacare never worked. Still doesnt work. a speech in Phoenix
"In North Carolina, they used stimulus money to hire one new state worker. His job, apply for more stimulus funds from the taxpayers by the way of the federal government.","In North Carolina, they used stimulus money to hire one new state worker. His job, apply for more stimulus funds from the taxpayers by the way of the federal government. a Web ad"
"Dan Gecker voted to double vehicle registration fees, costing (Chesterfield) county residents over $6 million annually.","Dan Gecker voted to double vehicle registration fees, costing (Chesterfield) county residents over $6 million annually. a TV ad"
I dont know anything about David Duke.,I dont know anything about David Duke. comments on CNN's State of the Union
80 to 85 percent of my campaign funds go to donations to various organizations throughout the City of Providence.,80 to 85 percent of my campaign funds go to donations to various organizations throughout the City of Providence. a WPRI Channel 12 debate
Birthers have obtained a copy of Obamas Kenyan birth certificate.,Birthers have obtained a copy of Obamas Kenyan birth certificate. an attachment to a lawsuit
"The working tax cut created over 40,000 new jobs in just the last four years.","The working tax cut created over 40,000 new jobs in just the last four years. a TV ad"
I played in a game here against the Pittsburgh Steelers where there was 23 inches of snow. We played in at least 15 inches of that.,I played in a game here against the Pittsburgh Steelers where there was 23 inches of snow. We played in at least 15 inches of that. comments on ESPN
"An amendment to the House health reform bill ""puts new restrictions on women's access to abortion coverage in the private health insurance market even when they would pay premiums with their own money.""","An amendment to the House health reform bill ""puts new restrictions on women's access to abortion coverage in the private health insurance market even when they would pay premiums with their own money."" a speech on the House floor"
Were the worst state in the country at moving people from welfare to work.,Were the worst state in the country at moving people from welfare to work. a Republican gubernatorial debate
Weve got more revenue than we ever have.,"Weve got more revenue than we ever have. an interview on CNN's ""State of the Union with Candy Crowley"""
Says Hillary Clinton had an undercover nurse with her at the Sept. 11 memorial ceremony in New York.,Says Hillary Clinton had an undercover nurse with her at the Sept. 11 memorial ceremony in New York. posts
Medicare passed with virtually no Republican support.,Medicare passed with virtually no Republican support. a House floor speech
Says Wisconsin state Senate President Michael Elllis (R-Neenah) broke Senate rules during debate on a photo ID bill for voters.,Says Wisconsin state Senate President Michael Elllis (R-Neenah) broke Senate rules during debate on a photo ID bill for voters. a debate on the Senate floor.
Sen. Hutchison abandoned Republicans and stood with Democrats to ensure health care legislation would pass quickly.,Sen. Hutchison abandoned Republicans and stood with Democrats to ensure health care legislation would pass quickly. in a press release
"If a President Romney got a call from the president of the (Mormon church), he has no choice but to obey. It is obedience over family and country.","If a President Romney got a call from the president of the (Mormon church), he has no choice but to obey. It is obedience over family and country. an interview with The Guardian"
"Blue Cross new $90-million Providence headquarters ""was outfitted with $25 million in decor.""","Blue Cross new $90-million Providence headquarters ""was outfitted with $25 million in decor."" posting on his website"
"I have had to fill out FEC reports for the past six years now, and theyre much more detailed than a tax return...","I have had to fill out FEC reports for the past six years now, and theyre much more detailed than a tax return... In an MSNBC interview"
Says Wisconsin Attorney General J.B. Van Hollen knew about (the Ken Kratz sexting) case for nearly a year and did nothing about it.,Says Wisconsin Attorney General J.B. Van Hollen knew about (the Ken Kratz sexting) case for nearly a year and did nothing about it. an email to supporters
"An Environmental Protection Agency regulation that goes into effect Jan. 1, 2012, regulates dust.","An Environmental Protection Agency regulation that goes into effect Jan. 1, 2012, regulates dust. in a Republican presidential debate"
More businesses went out of business last year than were started for the first time in our history.,"More businesses went out of business last year than were started for the first time in our history. an interview on NBC's ""Meet the Press Daily"""
Says Hillary Clinton has not answered a single question about her immigration plan.,Says Hillary Clinton has not answered a single question about her immigration plan. an immigration policy speech in Phoenix
Says Houston National Cemetery is preventing Christian prayers from being said at military funerals.,Says Houston National Cemetery is preventing Christian prayers from being said at military funerals. a Facebook post
Was Martha Kanter dispatched to Corvallis with $17 million in stimulus money to save Craig Robinsons job?,Was Martha Kanter dispatched to Corvallis with $17 million in stimulus money to save Craig Robinsons job? a chain email
I asked (then-Secretary of State Condoleezza Rice) how many people had died and she did not know the answer to that question.,I asked (then-Secretary of State Condoleezza Rice) how many people had died and she did not know the answer to that question. an editorial board interview
Two thirds of the people in Wisconsin strongly disagree with this idea of permanently taking away peoples rights to collective bargaining.,Two thirds of the people in Wisconsin strongly disagree with this idea of permanently taking away peoples rights to collective bargaining. a television interview
I lost my health insurance and my doctor because of Obamacare.,I lost my health insurance and my doctor because of Obamacare. a campaign news release
"Governor-elect Scott Walkers opposition to high-speed rail killed 13,000 Wisconsin jobs","Governor-elect Scott Walkers opposition to high-speed rail killed 13,000 Wisconsin jobs a news release"
The only candidate pocketing big money from people who want to destroy coal is Mitch McConnell.,The only candidate pocketing big money from people who want to destroy coal is Mitch McConnell. a campaign ad
"In the U.S. Senate, Barack Obama ""has not reached across party lines to get anything significant done.""","In the U.S. Senate, Barack Obama ""has not reached across party lines to get anything significant done."" St. Paul, Minn."
Former President Bill Clinton and his Clinton Health Access Initiative (CHAI) distributed watered-down HIV/AIDSdrugs to patients in sub-Saharan Africa.,Former President Bill Clinton and his Clinton Health Access Initiative (CHAI) distributed watered-down HIV/AIDSdrugs to patients in sub-Saharan Africa. an article in the Daily Caller
A study of private bail bond systems showed that Wisconsin has a higher no-show rate than other states of defendants skipping court appearances.,A study of private bail bond systems showed that Wisconsin has a higher no-show rate than other states of defendants skipping court appearances. an interview
We have solved the problem. ... Scientists are now saying leave the nuclear waste where it is.,We have solved the problem. ... Scientists are now saying leave the nuclear waste where it is. a television interview with Las Vegas political analyst Jon Ralston
"Says the Internal Revenue Service estimated it must hire 16,500 agents at a cost of $10 billion to the taxpayer to enforce the federal health care overhaul.","Says the Internal Revenue Service estimated it must hire 16,500 agents at a cost of $10 billion to the taxpayer to enforce the federal health care overhaul. a letter to a constituent"
On drilling off the Atlantic coast,On drilling off the Atlantic coast
Says our economy in New Jersey gets $38 billion from the businesses at the Shore.,Says our economy in New Jersey gets $38 billion from the businesses at the Shore. a radio interview on New Jersey 101.5’s “Ask the Governor”
Says your Legislative Assembly was within one vote of enacting each of those bills into Oregon law.,Says your Legislative Assembly was within one vote of enacting each of those bills into Oregon law. a guest column
Milwaukee has the second-highest number of children recovered from sex trafficking.,Milwaukee has the second-highest number of children recovered from sex trafficking. remarks on the House floor
What they will do is socialized medicine.,What they will do is socialized medicine. a comment to reporters in Tampa.
I didn't endorse the federal stimulus bill.,I didn't endorse the federal stimulus bill. an interview on CNN
The stimulus has not created one private sector job.,The stimulus has not created one private sector job. a meeting with reporters in Tallahassee
"Americans ""have never paid more for gas at the pump.""","Americans ""have never paid more for gas at the pump."" a campaign rally in Alexandria, Va."
Virginia papers called (Scott) Rigells campaign Mostly False.,Virginia papers called (Scott) Rigells campaign Mostly False. a TV ad.
"Says that if Texas, California and New York all voted for Democratic presidential nominees, it would be mathematically impossible for Republicans to elect a president.","Says that if Texas, California and New York all voted for Democratic presidential nominees, it would be mathematically impossible for Republicans to elect a president. a comment while attending the Democratic National Convention."
Says Wisconsin Gov. Scott Walker eliminated cancer screenings for uninsured women and offered no alternatives.,Says Wisconsin Gov. Scott Walker eliminated cancer screenings for uninsured women and offered no alternatives. tweets
"Says in regard to providing more tax cuts for the rich, Bill Pascrell said, Republicans had great ideas. I liked some of their ideas.","Says in regard to providing more tax cuts for the rich, Bill Pascrell said, Republicans had great ideas. I liked some of their ideas. a video posted on YouTube"
Says Los Angeles Clippers owner Donald Sterling is a Democrat.,Says Los Angeles Clippers owner Donald Sterling is a Democrat. a tweet
Says a Bureau of Labor Statistics report attributed a sharp increase in work-related fatalities to increasing numbers of employees and drivers could not read or understand warning signs in English.,Says a Bureau of Labor Statistics report attributed a sharp increase in work-related fatalities to increasing numbers of employees and drivers could not read or understand warning signs in English. a press release
"The Mormon religion has ""a plan that will see the Constitution thrown out and replaced by a theocracy.""","The Mormon religion has ""a plan that will see the Constitution thrown out and replaced by a theocracy."""
Ukraine voluntarily gave up its nuclear weapons because the United States of America said it would ensure (its) territorial integrity from Russia.,Ukraine voluntarily gave up its nuclear weapons because the United States of America said it would ensure (its) territorial integrity from Russia. an interview on CNN
"Says nobody in higher education believes Gov. Rick Perrys proposal to serve up $10,000 college degrees is possible.","Says nobody in higher education believes Gov. Rick Perrys proposal to serve up $10,000 college degrees is possible. a web post."
"Says Rick Perry is spending more money than the state takes in, covering his deficits with record borrowing.","Says Rick Perry is spending more money than the state takes in, covering his deficits with record borrowing. an online video ad."
A 5-cent charge on paper bags is a tax.,A 5-cent charge on paper bags is a tax. a legislative hearing
Says U.N. arms treaty will mandate a new international gun registry.,Says U.N. arms treaty will mandate a new international gun registry. a letter forwarded to PolitiFact
The 9-9-9 plan does not raise taxes on those that are making the least.,The 9-9-9 plan does not raise taxes on those that are making the least. a debate in Las Vegas
Says U.S. Rep. Debbie Wasserman Schultz voted to cut off Floridas veterans and their benefits.,Says U.S. Rep. Debbie Wasserman Schultz voted to cut off Floridas veterans and their benefits. a robocall
Says the federal government borrows almost $60 billion per week.,Says the federal government borrows almost $60 billion per week. a speech before Congress
Clayton County offers the lowest operating millage rate in Metro Atlanta.,Clayton County offers the lowest operating millage rate in Metro Atlanta. a web post
"Remember that developers are forced to use the 195 land union contractors, so tap an extra $10 million into any construction project.","Remember that developers are forced to use the 195 land union contractors, so tap an extra $10 million into any construction project. blog"
Says New Jersey Devils managing partner Jeff Vanderbeek took us into arbitration.,Says New Jersey Devils managing partner Jeff Vanderbeek took us into arbitration. a news conference
On counting state budget shortfalls,On counting state budget shortfalls an interview
Most tips left at Dunkin Donuts dont go to employees.,Most tips left at Dunkin Donuts dont go to employees. a debate on the House floor
On banning assault weapons.,On banning assault weapons. as a candidate in 2016 and as a possible hopeful in 2000
"Taxpayer-funded benefits to illegals in California are ""a skyrocketing cost under Obamacare.""","Taxpayer-funded benefits to illegals in California are ""a skyrocketing cost under Obamacare."" a campaign commercial"
"Should Democrats get their way, every income tax bracket will increase on Jan. 1, 2011. Every single one.","Should Democrats get their way, every income tax bracket will increase on Jan. 1, 2011. Every single one. a press conference"
Jeanne Shaheen was principally involved in a plot with Lois Lerner and President Barack Obamas political appointee at the IRS to lead a program of harassment against conservative nonprofit groups during the 2012 election,Jeanne Shaheen was principally involved in a plot with Lois Lerner and President Barack Obamas political appointee at the IRS to lead a program of harassment against conservative nonprofit groups during the 2012 election an article
On whether to run for the U.S. Senate as an independent.,On whether to run for the U.S. Senate as an independent. various comments over the past few months
Libya supplies the oil for China. We get no oil from Libya.,Libya supplies the oil for China. We get no oil from Libya. an interview on Fox News
There is a Republican plan to end Medicare.,There is a Republican plan to end Medicare. a campaign fund-raising letter
Says CNN deleted an online poll showing Bernie Sanders won the first Democratic presidential debate to help out Hillary Clinton.,Says CNN deleted an online poll showing Bernie Sanders won the first Democratic presidential debate to help out Hillary Clinton. a video shared on social media
Claims Wisconsin Senate Majority Leader Scott Fitzgerald said: It is necessary to eliminate unions in order to balance future budgets.,Claims Wisconsin Senate Majority Leader Scott Fitzgerald said: It is necessary to eliminate unions in order to balance future budgets. a newspaper column and blog post
Congress is a very special group of people. More than 80 percent of them never left the United States.,Congress is a very special group of people. More than 80 percent of them never left the United States. an interview with the French television network France 24
Says Barack Obama supported Ted Kennedys ammo ban to outlaw all deer-hunting ammunition.,Says Barack Obama supported Ted Kennedys ammo ban to outlaw all deer-hunting ammunition. a mailer
An account of attacks in Benghazi written by former White House press secretary Dee Dee Myers shows that the body of U.S. Ambassador to Libya Christopher Stevens was dragged through the streets and abused.,An account of attacks in Benghazi written by former White House press secretary Dee Dee Myers shows that the body of U.S. Ambassador to Libya Christopher Stevens was dragged through the streets and abused. a chain email
Says a Senate resolution would restore $140 in monthly general assistance payments and prevent people from committing crime.,Says a Senate resolution would restore $140 in monthly general assistance payments and prevent people from committing crime. a speech on the State Senate floor
On running for re-election to U.S. Senate,On running for re-election to U.S. Senate an announcement
"The fact that one town has three lanes dedicated to it, that kind of gets me sauced.","The fact that one town has three lanes dedicated to it, that kind of gets me sauced. response to subpoenas being sent out over a bridge lane-closure controversy"
On whether he wants to be vice president.,On whether he wants to be vice president.
Theres no negative advertising in my campaign at all.,Theres no negative advertising in my campaign at all. talking with reporters.
"Says Hillary Clinton told the Des Moines Register on Aug. 8, 2015:I will get the NRA shut down for good if I become president. If we can ban handguns, we will do it.","Says Hillary Clinton told the Des Moines Register on Aug. 8, 2015:I will get the NRA shut down for good if I become president. If we can ban handguns, we will do it. a blog post and subsequently reposted on Facebook."
To deprive underprivileged children of a meat-based protein during school lunch is most likely depriving them of their only source of protein for the day.,To deprive underprivileged children of a meat-based protein during school lunch is most likely depriving them of their only source of protein for the day. oped commentary
"The Dog Meat Festival in Yulin, China, threatens global public health.","The Dog Meat Festival in Yulin, China, threatens global public health. a House resolution"
Says Republican candidates in key Wisconsin Assembly races side with those who want to privatize Social Security -- and risk our retirements on Wall Street.,Says Republican candidates in key Wisconsin Assembly races side with those who want to privatize Social Security -- and risk our retirements on Wall Street. radio ads and direct mail pieces
Says Milwaukee County district attorney candidate Verona Swanigan has worked as a prosecutor.,Says Milwaukee County district attorney candidate Verona Swanigan has worked as a prosecutor. a radio ad
Says Donald Trump has the second-highest disapproval ratings of anyone running for president.,Says Donald Trump has the second-highest disapproval ratings of anyone running for president. an online campaign ad
The Ryan budget gets rid of Medicare in 10 years and turns it into a voucher program.,The Ryan budget gets rid of Medicare in 10 years and turns it into a voucher program. a debate
On assault weapon violence: Ducks have more protection than people in Virginia.,On assault weapon violence: Ducks have more protection than people in Virginia. a floor speech.
The increase in the garbage tax that [Mayor Allan Fung] imposed in Cranston for some people has been as much as $200.,The increase in the garbage tax that [Mayor Allan Fung] imposed in Cranston for some people has been as much as $200. a radio debate
There are high administrative costs when you donate to Haiti relief through the White House Web site.,There are high administrative costs when you donate to Haiti relief through the White House Web site. a comment on his radio show.
Says Hillary Clinton wants to let people just pour in. You could have 650 million people pour in and we do nothing about it. Think of it. Thats what could happen. You triple the size of our country in one week.,Says Hillary Clinton wants to let people just pour in. You could have 650 million people pour in and we do nothing about it. Think of it. Thats what could happen. You triple the size of our country in one week. a campaign rally in Albuquerque
"(Jeff) Atwaters busy helping his friends and wasting our tax dollars -- $48 million for a government building so lavish its dubbed the Taj Mahal, $100,000 for a golf musuem, and $110 million to build a private prison to help a big contributor.","(Jeff) Atwaters busy helping his friends and wasting our tax dollars -- $48 million for a government building so lavish its dubbed the Taj Mahal, $100,000 for a golf musuem, and $110 million to build a private prison to help a big contributor. a TV ad."
"Despite claims that you can keep the health care plan you like, the Obama Administration has predicted that as many as 7 out of 10 Americans with employer-provided health coverage could lose their current health plan.","Despite claims that you can keep the health care plan you like, the Obama Administration has predicted that as many as 7 out of 10 Americans with employer-provided health coverage could lose their current health plan. an op-ed"
"In my years in the State Legislature, I have never voted for a tax increase.","In my years in the State Legislature, I have never voted for a tax increase. a blog post on his campaign website"
Says FBI Director James Comeys letter about new developments in the investigation into her emails only went to Republican members of the House.,Says FBI Director James Comeys letter about new developments in the investigation into her emails only went to Republican members of the House. a press conference
"Says U.S. Senate opponent Tammy Baldwin supported a federal budget that spent trillions -- not billions, trillions -- more money than the Obama budget.","Says U.S. Senate opponent Tammy Baldwin supported a federal budget that spent trillions -- not billions, trillions -- more money than the Obama budget. an interview"
"Says under President Barack Obama, the debt increased by 23 percent, which was less than under any president going back to Ronald Reagan.","Says under President Barack Obama, the debt increased by 23 percent, which was less than under any president going back to Ronald Reagan. a tweet"
"With his decision on whether to fire Gen. Stanley McChrystal, President Obama has to fix yet another problem he inherited from the Bush administration.","With his decision on whether to fire Gen. Stanley McChrystal, President Obama has to fix yet another problem he inherited from the Bush administration. a commentary on MSNBC's ""The Ed Show"""
The health care law imposes the largest tax increase in history on the middle class.,The health care law imposes the largest tax increase in history on the middle class. a television ad
"In Florida, illegal immigration costs taxpayers nearly $4 billion (a year). This amounts to $700 for every household in Florida.","In Florida, illegal immigration costs taxpayers nearly $4 billion (a year). This amounts to $700 for every household in Florida. a web video."
On reauthorization of Export-Import Bank.,On reauthorization of Export-Import Bank. an oped column
"Says if Texas abortion measure passes, someone living in El Paso would have to drive 550 miles each way to San Antonio for something as simple as cervical cancer screening.","Says if Texas abortion measure passes, someone living in El Paso would have to drive 550 miles each way to San Antonio for something as simple as cervical cancer screening. an email blast"
"Woonsocket needs a garbage-burning power plant because residents are paying through the nose for electricity thats fueled by foreign oil, at prices that are skyrocketing.","Woonsocket needs a garbage-burning power plant because residents are paying through the nose for electricity thats fueled by foreign oil, at prices that are skyrocketing. a news release"
Only after news broke that our veterans are dying because of inadequate health care did Harry Reid and Senate Democrats take action.,Only after news broke that our veterans are dying because of inadequate health care did Harry Reid and Senate Democrats take action. a statement on his website
Says Rick Perry wanted to secede from the union.,Says Rick Perry wanted to secede from the union. an interview.
Says the Texas State Board of Education is considering eliminating references to Christmas and the Constitution in textbooks.,Says the Texas State Board of Education is considering eliminating references to Christmas and the Constitution in textbooks. an episode of Fox & Friends
"A Medicaid provision added to the Senate health carereform bill ""is not a special deal for Nebraska.""","A Medicaid provision added to the Senate health carereform bill ""is not a special deal for Nebraska."" a speech on the Senate floor"
Georgia has the most lax gun laws in the nation.,Georgia has the most lax gun laws in the nation. a speech
"The Chamber of Commerce says new carbon regulations will kill 244,000 jobs a year and cost average families $1,200 a year.","The Chamber of Commerce says new carbon regulations will kill 244,000 jobs a year and cost average families $1,200 a year. a TV interview."
Says many states are floundering under crushing deficit spending.,Says many states are floundering under crushing deficit spending. comments announcing a budget deal with the Florida House of Representatives
"President Barack Obama suggested on national TV that the Democratic health care bill will have government decide that a healthy, 100-year-old woman in need of a pacemaker should take a pain pill instead.","President Barack Obama suggested on national TV that the Democratic health care bill will have government decide that a healthy, 100-year-old woman in need of a pacemaker should take a pain pill instead. a speech on the House floor"
I know that Hillary on occasion has said just last year said this (NAFTA) was a boon to the economy.,"I know that Hillary on occasion has said just last year said this (NAFTA) was a boon to the economy. a debate in Myrtle Beach, S.C."
Says Russ Feingold was the only senator to vote against Homeland Security.,Says Russ Feingold was the only senator to vote against Homeland Security. a TV ad
Sen.Mark Begich cast the deciding vote in favor of President Obamas authority to issue executive amnesty to illegal aliens.,Sen.Mark Begich cast the deciding vote in favor of President Obamas authority to issue executive amnesty to illegal aliens. an email to supporters
The U.S. economy is recovering slower than Europe,The U.S. economy is recovering slower than Europe a TV interview.
Says Allen West violatedfederal law by scuba diving with U.S. flag.,Says Allen West violatedfederal law by scuba diving with U.S. flag. a blog
This is not a mosque. Its a cultural center that has a prayer area.,"This is not a mosque. Its a cultural center that has a prayer area. ABC's ""This Week"""
Our federal government has lent $2 billion to the state-owned oil company of Brazil to allow them to explore for oil and gas.,Our federal government has lent $2 billion to the state-owned oil company of Brazil to allow them to explore for oil and gas. a debate.
"Over 200 years ago, the United States had declared war on Islam, and Thomas Jefferson led the charge!","Over 200 years ago, the United States had declared war on Islam, and Thomas Jefferson led the charge! a chain email"
The United States has seen a net loss of people with health insurance because of Obamacare.,The United States has seen a net loss of people with health insurance because of Obamacare. a press conference
Glenn Hegar promised to eliminate the property tax.,Glenn Hegar promised to eliminate the property tax. a campaign email blast
"When the Milwaukee County mental health facility is full, cops sit out there in their squad cars with a mentally ill patient and sometimes spend an entire shift out there doing that.","When the Milwaukee County mental health facility is full, cops sit out there in their squad cars with a mentally ill patient and sometimes spend an entire shift out there doing that. a meeting with Journal Sentinel reporters and editors"
"When President AbrahamLincoln signed his Emancipation Proclamation, there were over 300,000 slaveholders who were fighting in the Union army.","When President AbrahamLincoln signed his Emancipation Proclamation, there were over 300,000 slaveholders who were fighting in the Union army. a blog post"
On running a civil and polite campaign,On running a civil and polite campaign a television interview
"Says President Barack Obama has taken less vacation days than any other president in a generation, while Congress has taken more vacation days than any other Congress in history.","Says President Barack Obama has taken less vacation days than any other president in a generation, while Congress has taken more vacation days than any other Congress in history. a posting on Facebook"
90% of rural women and 55% of all women are illiterate in Morocco.,90% of rural women and 55% of all women are illiterate in Morocco. a snapchat
"McCain says the price of a gas tax ""holiday"" would be about the same as ""a Bridge to Nowhere (or) another pork barrel project.""","McCain says the price of a gas tax ""holiday"" would be about the same as ""a Bridge to Nowhere (or) another pork barrel project."" an interview on the Fox News Channel."
"The centerpiece of Senator McCain's education policy is to increase the voucher program in D.C. by 2,000 slots.","The centerpiece of Senator McCain's education policy is to increase the voucher program in D.C. by 2,000 slots. a debate in Hempstead, N.Y."
Virginia has a responsibility to fund 55 percent of public education and is payingjust 41 percent.,Virginia has a responsibility to fund 55 percent of public education and is payingjust 41 percent. a newspaper column.
"Every time weve cut the capital gains tax, the economy has grown. Whenever we raise the capital gains tax, its been damaged.","Every time weve cut the capital gains tax, the economy has grown. Whenever we raise the capital gains tax, its been damaged. an interview on CNN"
Says Jason Carter has gotten David Axelrod to come down and be his campaign advisor.,Says Jason Carter has gotten David Axelrod to come down and be his campaign advisor. radio interview
Says Barack Obama is the first president to appoint 45 czars to replace elected officials in his office.,Says Barack Obama is the first president to appoint 45 czars to replace elected officials in his office. a chain email
Nobody is leaving Memphis. Thats a myth.,Nobody is leaving Memphis. Thats a myth. a City Council presentation on the Memphis budget.
Florida seniors are exempt from losing Medicare Advantage under the federal health care bill.,"Florida seniors are exempt from losing Medicare Advantage under the federal health care bill. a speech at the National Press Club in Washington, D.C."
"Today and every day, an estimated 14,000 Americans will lose their health insurance coverage.","Today and every day, an estimated 14,000 Americans will lose their health insurance coverage. a Senate floor speech"
This president went before the United Nations and castigated Israel for building settlements. He said nothing about thousands of rockets being rained in on Israel from the Gaza Strip.,"This president went before the United Nations and castigated Israel for building settlements. He said nothing about thousands of rockets being rained in on Israel from the Gaza Strip. a debate in Jacksonville, Fla."
"Says as GOP was picking a convention city, I recommended Ohio.","Says as GOP was picking a convention city, I recommended Ohio. an interview on Fox News with Bill O'Reilly"
Says she was never a member of the Georgia Log Cabin Republicans.,Says she was never a member of the Georgia Log Cabin Republicans. a newspaper article
The majority of the people that are coming to Arizona and trespassing are now becoming drug mules.,The majority of the people that are coming to Arizona and trespassing are now becoming drug mules. a television interview
Were only inches away from no longer being a free economy.,"Were only inches away from no longer being a free economy. a Republican presidential debate in Manchester, N.H."
"This years redistricting has been the most open, interactive and transparent redistricting process in Tennessee history.","This years redistricting has been the most open, interactive and transparent redistricting process in Tennessee history. an email announcing redistricting maps."
Says President Barack Obama is the first president weve ever had who thinks he can choose which laws to enforce and which laws to ignore.,Says President Barack Obama is the first president weve ever had who thinks he can choose which laws to enforce and which laws to ignore. a speech at the CPAC conference
"Charlie Crist ""worked with Acorn"" to give felons voting rights.","Charlie Crist ""worked with Acorn"" to give felons voting rights. a U.S. Senate primary debate on FOX News Sunday"
On support for gay marriage.,On support for gay marriage. a TV interview
"Obama thinks the national anthem should be ""I'd Like to Teach the World to Sing.""","Obama thinks the national anthem should be ""I'd Like to Teach the World to Sing."" in a chain email"
Says Marco Rubio said that felons should not have their voting rights restored but that convicted felons should be allowed to own guns after they have done their time.,Says Marco Rubio said that felons should not have their voting rights restored but that convicted felons should be allowed to own guns after they have done their time. a Facebook post
You cant put a gun rack in a [Chevrolet] Volt.,You cant put a gun rack in a [Chevrolet] Volt. a campaign speech in Cobb County
Newt Gingrich says electric co-ops and credit unions are government-sponsored enterprises like Freddie Mac.,Newt Gingrich says electric co-ops and credit unions are government-sponsored enterprises like Freddie Mac. a Republican presidential primary debate
The National Science Foundation spent $1.2 million paying seniors to play World of Warcraft to study the impact it had on their brain.,The National Science Foundation spent $1.2 million paying seniors to play World of Warcraft to study the impact it had on their brain. a news release.
The biggest contribution behind a decrease in U.S. unemployment was 1.2 million people leaving the workforce,The biggest contribution behind a decrease in U.S. unemployment was 1.2 million people leaving the workforce a radio interview
Drug overdoses are now the second-most common cause of death in New Hampshire.,Drug overdoses are now the second-most common cause of death in New Hampshire. her State of the State speech
"Congressman Cicilline, when he was the mayor of Providence, espoused a sanctuary city.","Congressman Cicilline, when he was the mayor of Providence, espoused a sanctuary city. a TV interview"
Says 70 percent of Virginias Medicaid cost is for seniors in nursing homes.,Says 70 percent of Virginias Medicaid cost is for seniors in nursing homes. a speech.
Obama Signs Bill Forgiving All Student Loan Debt.,Obama Signs Bill Forgiving All Student Loan Debt. emails and social media posts circulating on the Internet
"Obama says Iran is a 'tiny' country, 'doesn't pose a serious threat.'","Obama says Iran is a 'tiny' country, 'doesn't pose a serious threat.' a TV ad"
"Says that Mitt Romney, while he was in Arizona, said he believes the states SB 1070 immigration law should be the model for national immigration laws.","Says that Mitt Romney, while he was in Arizona, said he believes the states SB 1070 immigration law should be the model for national immigration laws. a conference call"
On releasing photographs depicting the abuse of prisoners.,On releasing photographs depicting the abuse of prisoners. legal filings
Says attorney general candidate Jon Richards went so far to say he would only enforce the laws with which he personally agreed.,Says attorney general candidate Jon Richards went so far to say he would only enforce the laws with which he personally agreed. a fund-raising email
The pass rate for a high school level test to join the military is 35 to 40 percent.,The pass rate for a high school level test to join the military is 35 to 40 percent. a Wall Street Journal CEO Council event
Says the federal government mandates transexuals (sic) and homosexuals grabbing children in their stranger-danger zones in the name of airport security.,Says the federal government mandates transexuals (sic) and homosexuals grabbing children in their stranger-danger zones in the name of airport security. a post on his campaign's Facebook page.
"Every year since Gov. Walker and the Republicans have been in control of the Legislature weve created fewer jobs, according to the Bureau of Labor Statistics.","Every year since Gov. Walker and the Republicans have been in control of the Legislature weve created fewer jobs, according to the Bureau of Labor Statistics. a radio interview"
An Obama campaign tactic for rallying voters is to offer them cell phones.,An Obama campaign tactic for rallying voters is to offer them cell phones. at a Romney campaign rally
Says Arkansas Republican Rep. Tom Cotton voted to provide Congress with taxpayer-funded health care for life.,Says Arkansas Republican Rep. Tom Cotton voted to provide Congress with taxpayer-funded health care for life. an ad
More businesses are closing than opening in Virginia today.,More businesses are closing than opening in Virginia today. a Facebook post.
The media wont publish a real photo of Trayvon Martin with tattoos on his face.,The media wont publish a real photo of Trayvon Martin with tattoos on his face. a chain email
Under the Iran deal: If Israel attacks Iran were supposed to be on Irans side.,Under the Iran deal: If Israel attacks Iran were supposed to be on Irans side. an interview
Nobody suffered any lasting injuries from the CIA interrogation program.,Nobody suffered any lasting injuries from the CIA interrogation program. a radio show appearance
Im not one for name calling.,Im not one for name calling. an interview with Politico's Burgess Everett
"In the primary election, a right-wing group spent more than $100,000,000 to support Supreme Court Justice Rebecca Bradley.","In the primary election, a right-wing group spent more than $100,000,000 to support Supreme Court Justice Rebecca Bradley. a website posting"
"(Brendan) Doherty wants to raise the eligibility age for Social Security benefits for anyone born after 1960, with no regard for the challenges it would cause for people working in physically demanding occupations.","(Brendan) Doherty wants to raise the eligibility age for Social Security benefits for anyone born after 1960, with no regard for the challenges it would cause for people working in physically demanding occupations. a campaign flier"
Our national debt is as low as it has been since World War II.,"Our national debt is as low as it has been since World War II. an interview with Al Sharpton on MSNBC's ""PoliticsNation"""
Debbie Jackow unlike her opponent ...WILL NOT de-fund the 20/20 land program.,Debbie Jackow unlike her opponent ...WILL NOT de-fund the 20/20 land program. a campaign mailer
Property taxes are now 18% higher than when(Mark Sharpe)first took office.,Property taxes are now 18% higher than when(Mark Sharpe)first took office. in a mailer.
The truth was revealed there in that report that showed there was no unlawful or unethical activity on my part.,The truth was revealed there in that report that showed there was no unlawful or unethical activity on my part. an interview with reporters
Nearly 60% of all occupants of HUD properties in U.S. are illegals.,Nearly 60% of all occupants of HUD properties in U.S. are illegals. a widely circulated posting
Says Ken Cuccinelli wants to eliminate all forms of birth control.,Says Ken Cuccinelli wants to eliminate all forms of birth control. a campaign brochure.
A bill that would halt the EPA from regulating greenhouse gases would help stop rising gas prices.,A bill that would halt the EPA from regulating greenhouse gases would help stop rising gas prices. a letter to fellow Members of Congress
"The measles vaccine has killed 108 people in the last decade, while no one has died of measles.","The measles vaccine has killed 108 people in the last decade, while no one has died of measles. a story making the rounds on social media"
In Virginia there has been a billion dollars in surplus over the last three years. The legislature has spent less than 1 percent of that on roads.,In Virginia there has been a billion dollars in surplus over the last three years. The legislature has spent less than 1 percent of that on roads. a radio interview.
Says a picture he posted on Facebook of a man posing in front of five decapitated human heads is one of the subhuman mongrels our president set free.,Says a picture he posted on Facebook of a man posing in front of five decapitated human heads is one of the subhuman mongrels our president set free. a Facebook post
The (national) debt really added up $75 trillion in 2010 and is on track to hit $99 trillion this year.,The (national) debt really added up $75 trillion in 2010 and is on track to hit $99 trillion this year. a newsletter.
"A government panel that didn't include cancer specialists says women shouldn't receive mammograms until age 50...If government takes over health care, recommendations like these could become the law for all kinds of diseases.","A government panel that didn't include cancer specialists says women shouldn't receive mammograms until age 50...If government takes over health care, recommendations like these could become the law for all kinds of diseases. a TV ad"
Says Wisconsin Senate recall candidate Jessica King voted to increase her pay with taxpayer dollars by 63 percent.,Says Wisconsin Senate recall candidate Jessica King voted to increase her pay with taxpayer dollars by 63 percent. a TV ad
Says Barack Obama began his presidency with an apology tour.,Says Barack Obama began his presidency with an apology tour. the second presidential debate
No Bridge to Nowhere could occur.,No Bridge to Nowhere could occur. a TV interview
Food stamps have gone up two-and-a-half times under Barack Obama.,"Food stamps have gone up two-and-a-half times under Barack Obama. an interview on CNN's ""State of the Union"""
"In the 38 Studios deal, Wall Street investors took a risk, and went bust.","In the 38 Studios deal, Wall Street investors took a risk, and went bust. a TV commercial"
Says President Barack Obama broke his promise to keep a Wisconsin GM plant from closing.,Says President Barack Obama broke his promise to keep a Wisconsin GM plant from closing. a speech at the Republican National Convention in Tampa
"The weight of the evidence (on global warming) is that most of it, maybe all of it, is because of natural causes ... its fair to say the science is in dispute.","The weight of the evidence (on global warming) is that most of it, maybe all of it, is because of natural causes ... its fair to say the science is in dispute. an interview with the 'Miami Herald.'"
State Department officials actually directed contracts for the Haitian recovery after the earthquake to friends of the Clintons.,"State Department officials actually directed contracts for the Haitian recovery after the earthquake to friends of the Clintons. an interview on NBC's ""Meet the Press"""
Beer drinking is not allowed in any Illinois state parks.,Beer drinking is not allowed in any Illinois state parks. a budget hearing
Says U.S. Senate rival Tommy Thompson ran Medicare into the ground and nine years closer to bankruptcy.,Says U.S. Senate rival Tommy Thompson ran Medicare into the ground and nine years closer to bankruptcy. a debate
"On new dollar coins, In God We Trust is gone!","On new dollar coins, In God We Trust is gone! a chain email"
Freshman Rep. Bob Gibbs is spending his one year anniversary on vacation only working 6 days in all of January.,Freshman Rep. Bob Gibbs is spending his one year anniversary on vacation only working 6 days in all of January. a news release
[T]he Georgia Dome has returned $10 billion in economic impact to the state of Georgia.,[T]he Georgia Dome has returned $10 billion in economic impact to the state of Georgia. an op-ed
"The Northwest Corridor highway project in Cobb and Cherokee counties is expected to create over 9,700 jobs statewide.","The Northwest Corridor highway project in Cobb and Cherokee counties is expected to create over 9,700 jobs statewide. a press release"
Says Hillary Clinton is proposing destroying Medicare for seniors.,Says Hillary Clinton is proposing destroying Medicare for seniors. a speech at the Republican National Convention in Cleveland
On supporting winner of Democratic primary with her superdelegate vote.,On supporting winner of Democratic primary with her superdelegate vote. an interview
A bill to advance the Keystone XL Pipeline is an earmark under House rules.,A bill to advance the Keystone XL Pipeline is an earmark under House rules. a news release
Florida is the first state requiring drug testing to receive welfare!,Florida is the first state requiring drug testing to receive welfare! a chain e-mail
Says Hillary Clinton wants to raise taxes on African-American owned businesses to as much as nearly 50 percent more than theyre paying now.,"Says Hillary Clinton wants to raise taxes on African-American owned businesses to as much as nearly 50 percent more than theyre paying now. a speech in Manchester, N.H."
"A lot of people who go into prison straight, and when they come out theyre gay.","A lot of people who go into prison straight, and when they come out theyre gay. an interview on CNN"
The president of the United States will be taking a trip over to India that is expected to cost the taxpayers $200 million a day.,The president of the United States will be taking a trip over to India that is expected to cost the taxpayers $200 million a day. a CNN interview
200 consumer laws were destroyed in 2011 when Gov. Scott Walker signed Act 92.,200 consumer laws were destroyed in 2011 when Gov. Scott Walker signed Act 92. a statement on campaign website
Congress Approves Bill Offering Free Cars To Welfare Recipients.,Congress Approves Bill Offering Free Cars To Welfare Recipients. a web post
"Says that in 2007, Oregon ranked 25th -- or 7th from the bottom -- in percentage of children with untreated decay compared to 32 other states with similar data.","Says that in 2007, Oregon ranked 25th -- or 7th from the bottom -- in percentage of children with untreated decay compared to 32 other states with similar data. a draft report"
Hitler abolished unions and thats what Wisconsin Gov. Scott Walker is doing today.,"Hitler abolished unions and thats what Wisconsin Gov. Scott Walker is doing today. in a TV interview, as well as other venues"
Says Ted Kennedy sent a letter to then Soviet leader Yuri Andropov apologizing for Ronald Reagan and begging the Soviets not to overreact.,"Says Ted Kennedy sent a letter to then Soviet leader Yuri Andropov apologizing for Ronald Reagan and begging the Soviets not to overreact. a broadcast of ""The Rush Limbaugh Show"""
"Page 92 of the House health care bill ""says specifically that people can't purchase private health insurance after a date certain.""","Page 92 of the House health care bill ""says specifically that people can't purchase private health insurance after a date certain."" an interview on Sean Hannity's show on the Fox News Channel."
States still face a mandate to expand Medicaid coverage under President Obamas health care reform law.,States still face a mandate to expand Medicaid coverage under President Obamas health care reform law. a TV interview.
"Says Nancy Pelosi said, Waiting long hours in the emergency room will allow you to make new friends!","Says Nancy Pelosi said, Waiting long hours in the emergency room will allow you to make new friends! Facebook posts"
"Muslims attempted to establish the first Islamic Sharia court inside the United States in the town of Irving, Texas.","Muslims attempted to establish the first Islamic Sharia court inside the United States in the town of Irving, Texas. a chain email"
"Since January 2008 the private sector has lost nearly 8 million jobs while local, state and federal governments added 590,000.","Since January 2008 the private sector has lost nearly 8 million jobs while local, state and federal governments added 590,000. an op-ed in the ""Wall Street Journal"""
"Yes, this would be the same congressman (Rep. Pete Hoekstra) who last year Tweeted the whereabouts of a top-secret mission to Iraq.","Yes, this would be the same congressman (Rep. Pete Hoekstra) who last year Tweeted the whereabouts of a top-secret mission to Iraq. his MSNBC ""Countdown"" program"
On the Cuba embargo.,On the Cuba embargo. a speech in Miami
Says Scott Walker rejected legislation to make college loan payments tax deductible and the result was to raise taxes on students.,Says Scott Walker rejected legislation to make college loan payments tax deductible and the result was to raise taxes on students. a speech
Says Wisconsin Manufacturers Commerces own 2014 survey revealed that just 15 percent of business executive respondents were in favor of Right-To-Work legislation.,Says Wisconsin Manufacturers Commerces own 2014 survey revealed that just 15 percent of business executive respondents were in favor of Right-To-Work legislation. a website claim
Tens of thousands of fraudulent Clinton votes found in Ohio warehouse.,Tens of thousands of fraudulent Clinton votes found in Ohio warehouse. an online article
"When it comes to protesters in Madison, almost all are now from outside of Wisconsin.","When it comes to protesters in Madison, almost all are now from outside of Wisconsin. a secretly-recorded prank telephone call"
"As Florida secretary of state, Kurt Browning allowed 1,800 illegal voters to register in Florida.","As Florida secretary of state, Kurt Browning allowed 1,800 illegal voters to register in Florida. a campaign mailer"
"Rural schools enroll 40 percent of American children, but receive only 22 percent of federal education funding.","Rural schools enroll 40 percent of American children, but receive only 22 percent of federal education funding. Des Moines, Iowa."
On repealing the 17th Amendment,On repealing the 17th Amendment a debate
An aide acted on his own and was not representing the Thompson campaign when he sent an email criticizing the sexual orientation of U.S. Senate candidate Tammy Baldwin.,An aide acted on his own and was not representing the Thompson campaign when he sent an email criticizing the sexual orientation of U.S. Senate candidate Tammy Baldwin. an email
"In 2006, Planned Parenthood performed more prevention services and cancer screenings than abortions, but in 2013, there were more abortions.","In 2006, Planned Parenthood performed more prevention services and cancer screenings than abortions, but in 2013, there were more abortions. a Congressional hearing."
The Mexican government forces many bad people into our country.,The Mexican government forces many bad people into our country. an interview with NBC's Katy Tur
"Governor Christie also remains the only Governor since World War II, among both Democrats and Republicans, who failed to have his party win control of at least one legislative body over the course of his term.","Governor Christie also remains the only Governor since World War II, among both Democrats and Republicans, who failed to have his party win control of at least one legislative body over the course of his term. a memo on behalf of the New Jersey Democratic State Committee"
Sixty-percent of the state retirees...dont get Social Security.,Sixty-percent of the state retirees...dont get Social Security. a hearing
"Over 73% of all donations raised (from the ALS Ice Bucket Challenge) are going to fundraising, overhead, executive salaries, and external donations.","Over 73% of all donations raised (from the ALS Ice Bucket Challenge) are going to fundraising, overhead, executive salaries, and external donations. blog posts"
Inner-city crime is reaching record levels.,Inner-city crime is reaching record levels. a tweet
Tampa mayoral opponent Bob Buckhorn supported forcing police officers to keep their guns locked in the trunks of their cruisers.,Tampa mayoral opponent Bob Buckhorn supported forcing police officers to keep their guns locked in the trunks of their cruisers. a campaign TV ad
Millions could lose their health care coverage and be forced into a government pool under the new health care law.,Millions could lose their health care coverage and be forced into a government pool under the new health care law. a television ad
Only a few months ago the FBI arrested three Broward County Commissioners for accepting millions of dollars in trade for illegal favors.,Only a few months ago the FBI arrested three Broward County Commissioners for accepting millions of dollars in trade for illegal favors. a position paper on his campaign website
Ted Cruz helps run two national organizations that have been leading the push to give amnesty to illegal immigrants.,Ted Cruz helps run two national organizations that have been leading the push to give amnesty to illegal immigrants. a radio ad.
Portland Community College serves more students than all of the states universities combined.,Portland Community College serves more students than all of the states universities combined. the college's website
Obamacare is . . . the largest tax increase in the history of the world.,Obamacare is . . . the largest tax increase in the history of the world. comments on his radio show
Says Barack Obama founded ISIS. I would say the co-founder would be crooked Hillary Clinton.,"Says Barack Obama founded ISIS. I would say the co-founder would be crooked Hillary Clinton. a speech in Sunrise, Fla."
"Except for Virginia, the other 49 states keep raising their gas tax.","Except for Virginia, the other 49 states keep raising their gas tax. a news conference."
On disaster aid offsets,On disaster aid offsets a TV interview.
"Sarah Palin ""has more experience than Barack Obama.""","Sarah Palin ""has more experience than Barack Obama."" St. Paul, Minn."
The Congressional Budget Office has already doubled its estimate for the cost (of Obamacare) so far from roughly $800 billion to $1.7 trillion.,"The Congressional Budget Office has already doubled its estimate for the cost (of Obamacare) so far from roughly $800 billion to $1.7 trillion. a taped debate on ""State of the State"""
"Oregons three largest employers, and 13 of the top 25, are health care providers.","Oregons three largest employers, and 13 of the top 25, are health care providers. a syndicated column"
The Department of Energys Billion Ton Study has shown that wind and solar energy combined could at best provide only 5 percent of our total energy needs.,"The Department of Energys Billion Ton Study has shown that wind and solar energy combined could at best provide only 5 percent of our total energy needs. his book, ""This is Herman Cain! My Journey to the White House"""
Says Mitt Romneys campaign has already spent more on negative ads than John McCain did during his entire presidential run.,Says Mitt Romneys campaign has already spent more on negative ads than John McCain did during his entire presidential run. a press release
"As we near the 10th anniversary of the 9/11 terrorist attacks, we should not forget that some of the hijackers used New Jersey drivers licenses to board those aircraft.","As we near the 10th anniversary of the 9/11 terrorist attacks, we should not forget that some of the hijackers used New Jersey drivers licenses to board those aircraft. an opinion piece in the Times of Trenton"
"Although the governor doubled the beach fees . . . all the money, as we found out, is all going to an out-of-state company. The state isnt even getting the money for that.","Although the governor doubled the beach fees . . . all the money, as we found out, is all going to an out-of-state company. The state isnt even getting the money for that. a talk radio comment"
"Three presidents in the last century Harding, Kennedy and Reagan all cut taxes during recessions and produced ""rapid and dramatic economic recoveries,"" while two, Herbert Hoover and Barack Obama, did ""the opposite.""","Three presidents in the last century Harding, Kennedy and Reagan all cut taxes during recessions and produced ""rapid and dramatic economic recoveries,"" while two, Herbert Hoover and Barack Obama, did ""the opposite."" a speech on the House floor"
Sens. Mark Warner and Tim Kaine voted to let the U.N. take OUR guns.,Sens. Mark Warner and Tim Kaine voted to let the U.N. take OUR guns. a chain email.
"Says, In the last four years weve cut $36 million in ongoing revenue.","Says, In the last four years weve cut $36 million in ongoing revenue. a budget meeting"
"It's just outrageous that under President Bush, the National Institutes of Health have been basically decreased in funding.","It's just outrageous that under President Bush, the National Institutes of Health have been basically decreased in funding. Philadelphia, Pa."
Kathryn Starkey joined forces with liberal Democrats on a historic sales tax hike.,Kathryn Starkey joined forces with liberal Democrats on a historic sales tax hike. in a mailer
Says Maggie Hassan is the only female governor in the country.,Says Maggie Hassan is the only female governor in the country. a tweet
Thomas Paine wrote that the duty of a patriot is to protect his country from his government.,Thomas Paine wrote that the duty of a patriot is to protect his country from his government. a speech
U.S. Senate candidate Todd Akin was partly right that a womans body has a way of shutting down so that a pregnancy doesnt occur if shes raped.,U.S. Senate candidate Todd Akin was partly right that a womans body has a way of shutting down so that a pregnancy doesnt occur if shes raped. a speech
Global warming is a hoax.,Global warming is a hoax. a YouTube video
The new health care law crushes small businesses with billions in penalties.,The new health care law crushes small businesses with billions in penalties. a campaign ad
"The fact is that although we have had a president who is opposed to abortion over the last eight years, abortions have not gone down.''	abortion	barack-obama	President	Illinois	democrat	70	71	160	163	9	a TV interview with megachurch pastor Rick Warren in Lake Forest, Calif.
2724.json	true	Most of the jobs that we lost were lost before the economic policies we put in place had any effect.	economy,job-accomplishments,jobs,stimulus	barack-obama	President	Illinois	democrat	70	71	160	163	9	an interview on The Daily Show with Jon Stewart""","The fact is that although we have had a president who is opposed to abortion over the last eight years, abortions have not gone down.''	abortion	barack-obama	President	Illinois	democrat	70	71	160	163	9	a TV interview with megachurch pastor Rick Warren in Lake Forest, Calif.
2724.json	true	Most of the jobs that we lost were lost before the economic policies we put in place had any effect.	economy,job-accomplishments,jobs,stimulus	barack-obama	President	Illinois	democrat	70	71	160	163	9	an interview on The Daily Show with Jon Stewart"""
I was the first member of Congress to call him (Barack Obama) a socialist...,I was the first member of Congress to call him (Barack Obama) a socialist... fundraising letter
South Korea doesnt pay the United States for U.S. troops that protect their country.,"South Korea doesnt pay the United States for U.S. troops that protect their country. an interview on ABC's ""The View"""
Says U.S. is giving seven Alaskan islands to Russia.,Says U.S. is giving seven Alaskan islands to Russia. a Facebook post
Medicaid expansion could cost the Commonwealth of Virginia over $1 billion a year...,Medicaid expansion could cost the Commonwealth of Virginia over $1 billion a year... a constituent survey.
"The Islamic State is so small it couldnt fill a DoubleAballpark in Charleston, W. Va.","The Islamic State is so small it couldnt fill a DoubleAballpark in Charleston, W. Va. an interview on ""Real Time with Bill Maher"""
There is no evidence that poor people abuse drugs more frequently than any other socio-economic group.,There is no evidence that poor people abuse drugs more frequently than any other socio-economic group. a press release.
"The Democrats' health care bills would provide ""free health care for illegal immigrants.""","The Democrats' health care bills would provide ""free health care for illegal immigrants."" a chain e-mail"
"[If] you apply for a job, the chances are 1 in 7 that you are going to be denied that job unfairly if everybody is forced to use E-Verify.","[If] you apply for a job, the chances are 1 in 7 that you are going to be denied that job unfairly if everybody is forced to use E-Verify. an appearance on Rhode Island PBS's ""A Lively Experiment"""
Says she never received nor sent any material that was marked classified on her private email server whilesecretary of state.,Says she never received nor sent any material that was marked classified on her private email server whilesecretary of state. an interview on MSNBC
"When I was growing up as a kid in the city of Milwaukee, if we averaged 4 homicides a year in the entire city that was a record number.","When I was growing up as a kid in the city of Milwaukee, if we averaged 4 homicides a year in the entire city that was a record number. a speech"
"In recent years, Rep. LaTourette has sponsored legislation that would increase spending by 551.6 percent.","In recent years, Rep. LaTourette has sponsored legislation that would increase spending by 551.6 percent. in a letter"
Some city of Atlanta employees have not had raises in eight years.,Some city of Atlanta employees have not had raises in eight years. a telephone interview
99% of NJ voters do NOT support hunting.,99% of NJ voters do NOT support hunting. a website
"Says U.S. Senate candidate Tommy Thompson admitted that Washington, D.C., changed him into an insider selling his influence to make millions from powerful special interests.","Says U.S. Senate candidate Tommy Thompson admitted that Washington, D.C., changed him into an insider selling his influence to make millions from powerful special interests. a TV ad"
Now we have ISIS coming over the (U.S.-Mexico) border.,Now we have ISIS coming over the (U.S.-Mexico) border. an interview with CNN's Carol Costello.
For every single scientist that tells you (global warming is) happening and that its our fault...I can stack up another group of reports that say just the opposite.,"For every single scientist that tells you (global warming is) happening and that its our fault...I can stack up another group of reports that say just the opposite. Columbia, S.C."
Millions of Americans are paying more and getting less under Obamacare.,Millions of Americans are paying more and getting less under Obamacare. a political ad
"When he took office in 2009, President Barack Obama had the biggest Democratic majorities in Congress since Lyndon Johnson.","When he took office in 2009, President Barack Obama had the biggest Democratic majorities in Congress since Lyndon Johnson. an interview on CBS' ""Face the Nation"""
Says Barack Obama is getting his nominees confirmed faster than President (George W.) Bush was at the same time in his second term.,Says Barack Obama is getting his nominees confirmed faster than President (George W.) Bush was at the same time in his second term. an interview on 'Meet the Press.'
"Dozens of artists, including Justin Timberlake, Jay Z and Rihanna, are canceling Florida shows like Stevie Wonder in protest of stand your ground.","Dozens of artists, including Justin Timberlake, Jay Z and Rihanna, are canceling Florida shows like Stevie Wonder in protest of stand your ground. Instagram posts"
The countrys bankrupt.,"The countrys bankrupt. in a debate in Ames, Iowa"
"Preventive care ""saves money.""","Preventive care ""saves money."" a speech to Congress"
"Says Connie Mack IV co-sponsored a bill to take a third of the Social Security Trust Fund ... give it in individual accounts to the senior citizens, who then were to invest it in the stock market.","Says Connie Mack IV co-sponsored a bill to take a third of the Social Security Trust Fund ... give it in individual accounts to the senior citizens, who then were to invest it in the stock market. remarks at a campaign event"
"Our National Guard, as we saw in the Midwest flooding, can't function as effectively as it could. I was talking to National Guard representatives. Fifteen of their 17 helicopters in this region were overseas during the flooding.","Our National Guard, as we saw in the Midwest flooding, can't function as effectively as it could. I was talking to National Guard representatives. Fifteen of their 17 helicopters in this region were overseas during the flooding. Chicago"
Says Democrats cut $35 million from the state budget for Information Technology improvements.,Says Democrats cut $35 million from the state budget for Information Technology improvements. a news conference
Austins Pease Elementary is a school that was created as part of the Texas Constitution.,Austins Pease Elementary is a school that was created as part of the Texas Constitution. a radio interview.
I was pretty proud of being the only guy on the stage that ever had a job in the private sector.,I was pretty proud of being the only guy on the stage that ever had a job in the private sector. a campaign rally in Pensacola.
Says U.S. Rep. Ted Yoho said African Americans should only be given three-fifths of a vote.,Says U.S. Rep. Ted Yoho said African Americans should only be given three-fifths of a vote. a Facebook post
We dont need a separate (prescription drug) database ... Pharmacies already have a database in place.,"We dont need a separate (prescription drug) database ... Pharmacies already have a database in place. a letter to the editor of the ""St. Petersburg Times"""
FACT: Nothing in #Obamacare forces people out of their health plans.,FACT: Nothing in #Obamacare forces people out of their health plans. a tweet
Says Damascus disincorporation would produce NO significant tax savings.,Says Damascus disincorporation would produce NO significant tax savings. a Voters' Pamphlet statement
Scott Walker opposed a plan to help Wisconsin students refinance their student loans.,Scott Walker opposed a plan to help Wisconsin students refinance their student loans. a TV ad
Lee Zeldin missed 2/3rds of Veterans Affairs Hearings,Lee Zeldin missed 2/3rds of Veterans Affairs Hearings a tweet that linked to the claim in a Newsday article
"In Arizona, there are only one and a half (Border Patrol) agents per every 10 square miles.","In Arizona, there are only one and a half (Border Patrol) agents per every 10 square miles. a Republican National Convention video"
"Loranne Ausleys a financial train wreck for taxpayers -- pushing gas taxes, property taxes, taxes on seniors.","Loranne Ausleys a financial train wreck for taxpayers -- pushing gas taxes, property taxes, taxes on seniors. a TV ad."
I think we came down here (to Florida) one time ... but we weren't actively fundraising here.,"I think we came down here (to Florida) one time ... but we weren't actively fundraising here. Tampa, Fla."
Canadian-born Ted Cruz has had a double passport.,Canadian-born Ted Cruz has had a double passport. an interview with The Washington Post
The California governor says yes to poisoning more children with mercury and aluminum in vaccines.,The California governor says yes to poisoning more children with mercury and aluminum in vaccines. a Twitter post
SaysHillary Clinton wants to abolish the Second Amendment.,SaysHillary Clinton wants to abolish the Second Amendment. a rally in Washington
In 20 years there will be enough Muslim voters in the U.S. to elect the president by themselves.,In 20 years there will be enough Muslim voters in the U.S. to elect the president by themselves. a chain e-mail
"Donald Trump Protester Speaks Out: I Was Paid $3,500 To Protest Trumps Rally.","Donald Trump Protester Speaks Out: I Was Paid $3,500 To Protest Trumps Rally. a post on the Internet"
"Says Vladimir Putin said, President Obama and his fellow Democrats are either idiots or deliberately trying to destroy their own economy.","Says Vladimir Putin said, President Obama and his fellow Democrats are either idiots or deliberately trying to destroy their own economy. a meme on the Internet"
ISIS is running through a border made porous by Barack Obamas policies.,ISIS is running through a border made porous by Barack Obamas policies. addressing the Republican Party of Texas state convention
Studies have shown that voter fraud is non-existent in Texas.,Studies have shown that voter fraud is non-existent in Texas. an opinion column in Fort Worth Star-Telegram
Its factually correct to say that Jennifer Brunner inherited at least 18 lawsuits when she came into the office that were a result of Ken Blackwells mismanagement of the 2004 election.,Its factually correct to say that Jennifer Brunner inherited at least 18 lawsuits when she came into the office that were a result of Ken Blackwells mismanagement of the 2004 election. a radio interview
The ACLU has filed a suit to end prayer from the military completely.,The ACLU has filed a suit to end prayer from the military completely. a chain email
"There are 300,000 babies born deformed every year in this country because of women who are alcoholics while they're carrying those children to term.","There are 300,000 babies born deformed every year in this country because of women who are alcoholics while they're carrying those children to term. Hanover, N.H."
"Today, we have two Vietnams, side by side, North and South, exchanging and working.","Today, we have two Vietnams, side by side, North and South, exchanging and working. a special order speech on the U.S. House floor"
Alison Alter got an F in attendance in 2016 as an Austin parks board member and was removed by a unanimous vote of the Austin City Council.,Alison Alter got an F in attendance in 2016 as an Austin parks board member and was removed by a unanimous vote of the Austin City Council. a mailer to voters
Says he got lobbied by a woman with late-stage cancer about vaccinating Texas girls against a virus that can cause cervical cancer.,Says he got lobbied by a woman with late-stage cancer about vaccinating Texas girls against a virus that can cause cervical cancer. a Republican presidential debate in Orlando.
Kesha Rogers is not a Democrat.,Kesha Rogers is not a Democrat. an email blast
Says House Republicans spent $50 million on 33 votes to repeal Obamacare.,Says House Republicans spent $50 million on 33 votes to repeal Obamacare. a campaign email
Democrats are poised now to cause this largest tax increase in U.S. history.,"Democrats are poised now to cause this largest tax increase in U.S. history. an interview on ""Fox News Sunday"""
"It costs us, logistically, three times more to fight in Afghanistan than it does in any other place.","It costs us, logistically, three times more to fight in Afghanistan than it does in any other place. a Rhode Island News Channel debate"
The children coming across the southern U.S. border were never examined after they got here and quarantined if they had a disease. They were just sent out across the country. Many of them had measles ... We now have an outbreak of it all because of our immigration policy.,"The children coming across the southern U.S. border were never examined after they got here and quarantined if they had a disease. They were just sent out across the country. Many of them had measles ... We now have an outbreak of it all because of our immigration policy. a broadcast of the ""Rush Limbaugh Show"""
Says Thomas Jefferson helped craft the Constitution.,Says Thomas Jefferson helped craft the Constitution. a TV interview.
A recent economic uptick appears to coincide with the expectation of a new Republican Congress.,A recent economic uptick appears to coincide with the expectation of a new Republican Congress. a Senate floor speech
"I was one of the few, very few, who voted `no on the Iran deal.","I was one of the few, very few, who voted `no on the Iran deal. a speech."
On expanding Medicaid under the Affordable Care Act.,On expanding Medicaid under the Affordable Care Act. interviews with reporters
"Doctors kill about 250,000 people a year in botched surgeries.","Doctors kill about 250,000 people a year in botched surgeries. a speech"
The White House branded the memorial service for the Tucson shootings with a Together We Thrive logo and slogan.,The White House branded the memorial service for the Tucson shootings with a Together We Thrive logo and slogan. a blog post
"President Eisenhower, on the night before the Normandy invasion...[wrote a] letter of resignation to the United States Army for the failure of the landings at Normandy.","President Eisenhower, on the night before the Normandy invasion...[wrote a] letter of resignation to the United States Army for the failure of the landings at Normandy. Oxford, Miss."
"Barack Obama has ""reversed"" on his commitment ""to begin withdrawing American troops from Iraq immediately.""","Barack Obama has ""reversed"" on his commitment ""to begin withdrawing American troops from Iraq immediately."" in an e-mail message from campaign spokesman Brian Rogers."
"Between 2008 and 2014, criminal aliens accounted for 38 percentof all murder convictions in the five states of California, Texas, Arizona, Florida and New York.","Between 2008 and 2014, criminal aliens accounted for 38 percentof all murder convictions in the five states of California, Texas, Arizona, Florida and New York. a Breitbart article"
Repealing Obamacare saves our nation more than $2 trillion.,Repealing Obamacare saves our nation more than $2 trillion. a written statement.
We have constitutional amendment that says that there's a ban on drilling right off Florida's coast.,We have constitutional amendment that says that there's a ban on drilling right off Florida's coast. a Newsmax.TV interview
Oregon is the most trade-dependent state in the nation,Oregon is the most trade-dependent state in the nation a campaign debate
Says Barack Obama had huge majorities in Congress during his first two years in office and did nothing with them to create jobs in America.,Says Barack Obama had huge majorities in Congress during his first two years in office and did nothing with them to create jobs in America. a radio interview
"Says Hillary Clinton is proposing to print instant work permits for millions of illegal immigrants to come in and take everybodys jobs, including low-income African-Americans.","Says Hillary Clinton is proposing to print instant work permits for millions of illegal immigrants to come in and take everybodys jobs, including low-income African-Americans. a speech"
I didnt support Sonia Sotomayor.,I didnt support Sonia Sotomayor. a Republican debate on Fox Business Network in South Carolina on Fox Business Network
Says Chris Christie was the first governor in America to endorse Mitt Romney.,"Says Chris Christie was the first governor in America to endorse Mitt Romney. an interview on ""CBS This Morning"""
Texans eat more catfish than residents of all other states combined.,Texans eat more catfish than residents of all other states combined. an oped column.
U.S. Sen. Sheldon Whitehouse rewarded Wall Street executives with millions in bonuses.,U.S. Sen. Sheldon Whitehouse rewarded Wall Street executives with millions in bonuses. a campaign commercial
The current (agriculture) commissioner allowed tainted beef to be sent to school cafeterias.,The current (agriculture) commissioner allowed tainted beef to be sent to school cafeterias. a response to League of Women Voters of Texas.
Says the states budget shortfall is not that much different than it was in 2003.,Says the states budget shortfall is not that much different than it was in 2003. a comment to reporters.
The overwhelming number of school districts reported their staff stayed the same or grew after the 2011-13 state budget,The overwhelming number of school districts reported their staff stayed the same or grew after the 2011-13 state budget a radio interview
"Thirty million Americans, including a lot of people in Florida, are going to be able to get healthcare next year because of that law.","Thirty million Americans, including a lot of people in Florida, are going to be able to get healthcare next year because of that law. a Fox television interview"
Theres only one candidate under investigation -- Terry McAuliffe.,Theres only one candidate under investigation -- Terry McAuliffe. a TV ad.
"We have been focusing so much, especially the Texas Department of Transportation, on that 97 percent of people in single-occupancy vehicles.","We have been focusing so much, especially the Texas Department of Transportation, on that 97 percent of people in single-occupancy vehicles. a ceremony to introduce new local transit authority chairman"
"When those restrictions expire (in the Iran nuclear deal), Iran will have an industrial-size military nuclear capability ready to go.","When those restrictions expire (in the Iran nuclear deal), Iran will have an industrial-size military nuclear capability ready to go. a speech at the 2016 American Israel Public Affairs Committee conference in Washington."
Says Hillary Clinton will receive her congressional salary until she dies and the Secret Service pays her mortgage.,Says Hillary Clinton will receive her congressional salary until she dies and the Secret Service pays her mortgage. a chain email
Every signer of the Declaration of Independence had no federal elected office experience.,Every signer of the Declaration of Independence had no federal elected office experience. an edited Facebook post
President Barack Obamas budget threatens national security by proposing an Army of fewer personnel than we had before Pearl Harbor.,President Barack Obamas budget threatens national security by proposing an Army of fewer personnel than we had before Pearl Harbor. a town-hall meeting
"Says that under his tax plan, no matter where you are in the stratosphere, youre going to be getting a tax cut.","Says that under his tax plan, no matter where you are in the stratosphere, youre going to be getting a tax cut. an interview."
"Planned Parenthood is the only health care that a significant number of women get. About 30 percent of women, thats their health care.","Planned Parenthood is the only health care that a significant number of women get. About 30 percent of women, thats their health care. a Senate floor speech"
"Says Texas has been waiting for two years for the federal government to act on a proposal to allow the state to ""create insurance opportunities for those that are uninsured today.""","Says Texas has been waiting for two years for the federal government to act on a proposal to allow the state to ""create insurance opportunities for those that are uninsured today."" an interview"
Says he was endorsed by theValley News newspaper.,Says he was endorsed by theValley News newspaper. a campaign ad
"We had a massive landslide victory, as you know, in the Electoral College.","We had a massive landslide victory, as you know, in the Electoral College. an interview on ""Fox News Sunday"""
A new bill was written into the new health care reform initiative ensuring that Congress will be 100 percent exempt.,A new bill was written into the new health care reform initiative ensuring that Congress will be 100 percent exempt. a message forwarded to many people
"While CEOs of some large charities have big salaries, the heads of some veterans groups do the job for free.","While CEOs of some large charities have big salaries, the heads of some veterans groups do the job for free. a message via the Internet"
"The form students fill out to get college financial aid is ""longer than the form to get U.S. citizenship.""","The form students fill out to get college financial aid is ""longer than the form to get U.S. citizenship."" Manchester, N.H."
"Says Obama wants to give (Iran) nuclear weapons and Michael Bennet, he was all for it.","Says Obama wants to give (Iran) nuclear weapons and Michael Bennet, he was all for it. a TV ad"
"Seniors will have to find $12,500 for health care because Republicans voted to end Medicare.","Seniors will have to find $12,500 for health care because Republicans voted to end Medicare. a Web ad"
On repeal and replace of federal health care reform.,On repeal and replace of federal health care reform. a vote in the U.S. House on repeal of health care reform
Our real unemployment is anywhere from 18 to 20 percent. Dont believe the 5.6. Dont believe it.,Our real unemployment is anywhere from 18 to 20 percent. Dont believe the 5.6. Dont believe it. his presidential announcement speech
House Republicans just passed a bill that makes it legal for single mothers to be fired by their employers.,House Republicans just passed a bill that makes it legal for single mothers to be fired by their employers. a meme on Facebook
Says Barack Obama and his team are socialists in every respect of the word.,Says Barack Obama and his team are socialists in every respect of the word. an interview
U.S. Rep. Patrick Murphy voted to allow members of Congress to receive taxpayer-funded health care for life.,U.S. Rep. Patrick Murphy voted to allow members of Congress to receive taxpayer-funded health care for life. a statement on a website
"Under Floridas voting law, a requirement to turn in voter registrations within 48 hours makes it impossible to meet the deadline if youre working right to the end of the week.","Under Floridas voting law, a requirement to turn in voter registrations within 48 hours makes it impossible to meet the deadline if youre working right to the end of the week. comments on MSNBC's ""Hardball"""
There are a multitude of vaccines that do not prevent deadly and crippling diseases.,There are a multitude of vaccines that do not prevent deadly and crippling diseases. the second GOP debate
We dont have bars on campus in Texas. Its against the law... no alcohol allowed.,"We dont have bars on campus in Texas. Its against the law... no alcohol allowed. an interview on MSNBC's ""Hardball with Chris Matthews"""
China holds 26 percent of the U.S. debt.,China holds 26 percent of the U.S. debt. a speech in Iowa
Ed Perlmutter voted for Viagra for rapists paid for with tax dollars.,Ed Perlmutter voted for Viagra for rapists paid for with tax dollars. a campaign ad
A National Football League lockout would cost Atlanta $160 million in lost jobs and revenue.,A National Football League lockout would cost Atlanta $160 million in lost jobs and revenue. a letter
Says Wisconsin Gov. Scott Walkers budget calls for raising property taxes by nearly $500 billion.,Says Wisconsin Gov. Scott Walkers budget calls for raising property taxes by nearly $500 billion. an email to campaign supporters
President Obama has spent over $2 million in legal fees defending lawsuits about his birth certificate.,"President Obama has spent over $2 million in legal fees defending lawsuits about his birth certificate. an interview on NBC's ""Today"" show"
There's no rationing in any of these bills.,"There's no rationing in any of these bills. an appearance on ABC's ""This Week"""
A bill backed by Sean Duffy and other House Republicans could actually require the Internal Revenue Service to conduct audits of rape victims who get an abortion.,A bill backed by Sean Duffy and other House Republicans could actually require the Internal Revenue Service to conduct audits of rape victims who get an abortion. an email
Obamacare puts the federal government between you and your doctor.,Obamacare puts the federal government between you and your doctor. prepared remarks
Dan Gelber: On the record against scholarships to help our needy children attend Jewish private schools.,Dan Gelber: On the record against scholarships to help our needy children attend Jewish private schools. a mailer
Says Barack Obamas health care law will be the biggest job-killer ever.,"Says Barack Obamas health care law will be the biggest job-killer ever. a ""Fox and Friends"" interview"
Secretary Geithner has left the option on the table of abandoning the dollar for a multinational currency.,Secretary Geithner has left the option on the table of abandoning the dollar for a multinational currency. a press release.
Says U.S. Rep. Martin Heinrich spent a trillion of our tax dollars on a stimulus for failed companies here and jobs overseas.,Says U.S. Rep. Martin Heinrich spent a trillion of our tax dollars on a stimulus for failed companies here and jobs overseas. an advertisement
FCAT tests account for less than 1 percent of the instructional time provided during the year.,FCAT tests account for less than 1 percent of the instructional time provided during the year. a written statement
"Despite opposition from national Club for Growth, Club for Growth Wisconsin has endorsed him for U.S. Senate.","Despite opposition from national Club for Growth, Club for Growth Wisconsin has endorsed him for U.S. Senate. an interview"
"Says that since lawmakers acted, we have 130 new businesses across Texas doing helicopter hog hunts.","Says that since lawmakers acted, we have 130 new businesses across Texas doing helicopter hog hunts. as quoted in a commentary by Ken Herman of the Austin American-Statesman"
"Gas prices have doubled because Obama opposed exploring for energy in Alaska. He gave millions of tax dollars to Solyndra, which then went bankrupt. And he blocked the Keystone pipeline. So we will all pay more at the pump.","Gas prices have doubled because Obama opposed exploring for energy in Alaska. He gave millions of tax dollars to Solyndra, which then went bankrupt. And he blocked the Keystone pipeline. So we will all pay more at the pump. a television ad"
"Says Lee Leffingwell has been mayor of Austin, Texas for about as long as Sarah Palin was governor of Alaska.","Says Lee Leffingwell has been mayor of Austin, Texas for about as long as Sarah Palin was governor of Alaska. a TV interview."
"Because of President Barack Obamas failure to push job creation, the black unemployment rate in Ferguson, Mo., is three times higher than the white unemployment rate.","Because of President Barack Obamas failure to push job creation, the black unemployment rate in Ferguson, Mo., is three times higher than the white unemployment rate. comments on Fox News' ""America's Newsroom"""
"A sign in Dearborn, Mich., for the Advancement of Islamic Agenda for America says, Allah be praised. America we will kill you all and nothing you can do to stop it.","A sign in Dearborn, Mich., for the Advancement of Islamic Agenda for America says, Allah be praised. America we will kill you all and nothing you can do to stop it. a meme on social media"
Obama regime planned the influx of illegal alien children at the border.,"Obama regime planned the influx of illegal alien children at the border. a broadcast of the ""Rush Limbaugh Show"""
Says the National Labor Relations Board told Boeing that it couldnt build a factory in South Carolina because South Carolina is a right-to-work state.,Says the National Labor Relations Board told Boeing that it couldnt build a factory in South Carolina because South Carolina is a right-to-work state. a video ad
"The Trump Winery near Charlottesville, Va. is the largest winery on the East Coast.","The Trump Winery near Charlottesville, Va. is the largest winery on the East Coast. a news conference"
"Why would our president close the embassy to the Vatican? Hopefully, it is not retribution for Catholic organizations opposing Obamacare.","Why would our president close the embassy to the Vatican? Hopefully, it is not retribution for Catholic organizations opposing Obamacare. a tweet"
"According to a government supplier of emergency products, the Disaster Assistance Response Team was told to be prepared to be activated in the month of October for an outbreak of Ebola.","According to a government supplier of emergency products, the Disaster Assistance Response Team was told to be prepared to be activated in the month of October for an outbreak of Ebola. an article on the WND website"
On supporting the budget proposed by Rep. Paul Ryan,On supporting the budget proposed by Rep. Paul Ryan comments in various media outlets
Obamacarerepresents the largest tax increase in the history of the world.,Obamacarerepresents the largest tax increase in the history of the world. an email newsletter.
Claims Supreme Court Justice Ruth Bader Ginsburg said she prefers the South African Constitution over the United States Constitution.,Claims Supreme Court Justice Ruth Bader Ginsburg said she prefers the South African Constitution over the United States Constitution. a speech
Says we could have saved ourselves the cost of building the Powell Butte water reservoir.,Says we could have saved ourselves the cost of building the Powell Butte water reservoir. a debate
Says challenger Dominic Chavez is a Rick Perry Republican lobbyist.,Says challenger Dominic Chavez is a Rick Perry Republican lobbyist. a campaign mailer.
"Says that under City Council Member Randi Shade, Austin had the highest city debt per person in Texas.","Says that under City Council Member Randi Shade, Austin had the highest city debt per person in Texas. a campaign mailer."
Barack Obama loves Che Guevara.,Barack Obama loves Che Guevara. blog postings responding to a news video showing the flag.
Were one of the only communities in the country that didnt lose population in the last census.,Were one of the only communities in the country that didnt lose population in the last census. a speech
Says the U.S. election system is rigged.,Says the U.S. election system is rigged. multiple speeches and interviews
This (Independent Payment Advisory Board) board can ration care and deny certain Medicare treatments so Washington can fund more wasteful spending.,This (Independent Payment Advisory Board) board can ration care and deny certain Medicare treatments so Washington can fund more wasteful spending. a television ad
The cheerleaders for the Dallas Cowboys have entertained more troops in the world than Bob Hope.,"The cheerleaders for the Dallas Cowboys have entertained more troops in the world than Bob Hope. an interview with ESPN aired Jan. 9, 2015"
Says he has yet to get a response from Barack Obama to his August 2010 letter making border security requests.,Says he has yet to get a response from Barack Obama to his August 2010 letter making border security requests. an interview on CNN.
"Over 214,000 doctors opt out of Obamacare exchanges.","Over 214,000 doctors opt out of Obamacare exchanges. a chain email"
Says a $12.5 million incentive deal she approved for Abbott Laboratories contained strong protections for taxpayers if job creation goals were not met.,Says a $12.5 million incentive deal she approved for Abbott Laboratories contained strong protections for taxpayers if job creation goals were not met. a news release
Bill White is discriminating. Hes taking jobs from African Americans and giving them to his friends.,Bill White is discriminating. Hes taking jobs from African Americans and giving them to his friends. a Dallas press conference
A legacy of taxing and borrowing crippled the economy we inherited two years ago.,A legacy of taxing and borrowing crippled the economy we inherited two years ago. his State of the State speech
That 59 divisions in Philly had no votes for Romney in 2012 is (a) mathematical and statistical impossibility.,That 59 divisions in Philly had no votes for Romney in 2012 is (a) mathematical and statistical impossibility. various websites
Says Barack Obama has gone from blaming George W. Bush to plagiarizing George W. Bush.,"Says Barack Obama has gone from blaming George W. Bush to plagiarizing George W. Bush. a broadcast of Fox News' ""The Kelly File"""
Donald Trump says all Mexicans are rapists.,Donald Trump says all Mexicans are rapists. a speech.
2008: Unions Spent $400 Million to Elect Obama.,2008: Unions Spent $400 Million to Elect Obama. a political advertisement
"Says Mary Burkes 2007-09 state budget had a tax hike of $1.8 billion -- costing every man, woman and child in the state an extra $310.","Says Mary Burkes 2007-09 state budget had a tax hike of $1.8 billion -- costing every man, woman and child in the state an extra $310. a website ad"
The climate hasnt warmed in quite a few years. That is proven scientifically.,The climate hasnt warmed in quite a few years. That is proven scientifically. an interview
A North Carolina study proves that probably over a million people voted twice in (the 2012) election.,"A North Carolina study proves that probably over a million people voted twice in (the 2012) election. in a broadcast of Fox News' ""Hannity"""
Tarpon Springs takes its homeless to St. Petersburg.,Tarpon Springs takes its homeless to St. Petersburg. a city council meeting
The health care reform bill would make it mandatory absolutely require that every five years people in Medicare have a required counseling session that will tell them how to end their life sooner.,The health care reform bill would make it mandatory absolutely require that every five years people in Medicare have a required counseling session that will tell them how to end their life sooner. on the Fred Thompson radio show
"When President Franklin D. Roosevelt started Social Security, it only affected widows and orphans, and when Medicare began, it was a small program.","When President Franklin D. Roosevelt started Social Security, it only affected widows and orphans, and when Medicare began, it was a small program. a press conference"
"Says Florida U.S. Reps. Corrine Brown, Alcee Hastings and Frederica Wilson are Socialists.","Says Florida U.S. Reps. Corrine Brown, Alcee Hastings and Frederica Wilson are Socialists. various web pages"
Says Hillary Clinton refuses to testify before Congress about the 2012 attack in Benghazi.,Says Hillary Clinton refuses to testify before Congress about the 2012 attack in Benghazi. a meme on social media
Commerce Secretary nominee John Bryson appears to endorse world government.,Commerce Secretary nominee John Bryson appears to endorse world government. a web news story
Says Rob Portman even voted to allow people on the terrorism watch list to buy guns.,Says Rob Portman even voted to allow people on the terrorism watch list to buy guns. a campaign ad
"The administration raises revenue for nationalized health care through a series of new taxes, including a light switch tax that would cost every American household $3,128 a year.","The administration raises revenue for nationalized health care through a series of new taxes, including a light switch tax that would cost every American household $3,128 a year. a press release and Web post"
The Constitution simply does not authorize the federal government to own any of this land (in the Western states).,"The Constitution simply does not authorize the federal government to own any of this land (in the Western states). an interview on ""Hannity"""
ISIS leader Abu Bakr al Baghdadi was released by Obama in 2009.,ISIS leader Abu Bakr al Baghdadi was released by Obama in 2009. a broadcast on Fox News
Ive been outspent by my opponents every time Ive run for U.S. Senate.,Ive been outspent by my opponents every time Ive run for U.S. Senate. a TV interview and multiple other sources
"In the history of Republican primaries, Ive gotten the most votes in the history of the Republican party.","In the history of Republican primaries, Ive gotten the most votes in the history of the Republican party. a speech at the California Republican Party Convention"
"The Massachusetts Supreme Court...defined marriage as simply, quote,the establishment of intimacy ... I guess that would mean if you really had affection for your horse, I guess you could marry your horse.","The Massachusetts Supreme Court...defined marriage as simply, quote,the establishment of intimacy ... I guess that would mean if you really had affection for your horse, I guess you could marry your horse. a radio interview"
"When the New Hampshire Legislature raised the gasoline tax, gas prices in the state were skyrocketing.","When the New Hampshire Legislature raised the gasoline tax, gas prices in the state were skyrocketing. a campaign ad"
"We will spend $100 billion in Afghanistan this year, fixing roads, building bridges, training police officers, and more, [and] cutting the same things in our own country.","We will spend $100 billion in Afghanistan this year, fixing roads, building bridges, training police officers, and more, [and] cutting the same things in our own country. a TV debate"
Says Mitt Romney did not pay taxes for 10 years.,Says Mitt Romney did not pay taxes for 10 years. an interview with the Huffington Post
Says Gov. Scott Walker has been rated Americas most factually-challenged politician.,Says Gov. Scott Walker has been rated Americas most factually-challenged politician. a website post
On whether BPs $20 billion fund to compensate oil spill victims is a slush fund.,On whether BPs $20 billion fund to compensate oil spill victims is a slush fund. a local radio interview
On in-state tuition for illegal immigrants.,On in-state tuition for illegal immigrants. interviews and news releases
Says Jacky Rosen has refused to tell us whether she supports Bernie Sanders or Hillary Clinton.,Says Jacky Rosen has refused to tell us whether she supports Bernie Sanders or Hillary Clinton. an automated call
What were the old annual deficits under Republicans have now become the monthly deficits under Democrats.,What were the old annual deficits under Republicans have now become the monthly deficits under Democrats. a Republican retreat in Baltimore
Says Texas did not bail out a loan program he oversaw as state agriculture commissioner.,"Says Texas did not bail out a loan program he oversaw as state agriculture commissioner. Fox News Republican presidential debate in Sioux City, Iowa"
We spend almost twice as much per capita on health care as do the people of any other country.,"We spend almost twice as much per capita on health care as do the people of any other country. an interview on ""Meet the Press"""
"Says while serving in the city council, Rachel Zenzinger voted to use tax dollars to take a taxpayer-funded junket to China.","Says while serving in the city council, Rachel Zenzinger voted to use tax dollars to take a taxpayer-funded junket to China. a political mailer"
"Lots of studies seem to indicate that minors find it very easy to get marijuana, easier than to get alcohol.","Lots of studies seem to indicate that minors find it very easy to get marijuana, easier than to get alcohol. an interview with The Providence Journal"
Says President Obamas decision to not issue a permit for the Keystone XL pipeline meant we were denied the ability immediately to reduce prices at the pump.,Says President Obamas decision to not issue a permit for the Keystone XL pipeline meant we were denied the ability immediately to reduce prices at the pump. a letter to the editor
The stimulus created zero jobs.,The stimulus created zero jobs. a web ad.
The health care law reduces the number of uninsured in America by 3 percent for how much money? $2 trillion.,"The health care law reduces the number of uninsured in America by 3 percent for how much money? $2 trillion. a panel on ""Meet the Press"""
We import more oil today than ever before.,We import more oil today than ever before. a newspaper interview
"Says under his budget-repair bill, collective bargaining is fully intact.","Says under his budget-repair bill, collective bargaining is fully intact. a radio interview"
Says President Obama was proposing pinprick strikes for military intervention in Syria.,Says President Obama was proposing pinprick strikes for military intervention in Syria. a U.S. Senate debate
Says there are no political prisoners in Cuba.,Says there are no political prisoners in Cuba. a press conference in Havana
Says Illinois Democrat David Gill would end Medicare.,Says Illinois Democrat David Gill would end Medicare. a campaign commercial
"Says EPA regulation of greenhouse gases will endanger 575 Texas dairy facilities, 58 swine operations, 1,300 corn farms and 28,000 beef cattle operations.","Says EPA regulation of greenhouse gases will endanger 575 Texas dairy facilities, 58 swine operations, 1,300 corn farms and 28,000 beef cattle operations. a campaign Web post"
Facebook has unveiled new rules to stop their users from creatingposts related in any way to religion.,Facebook has unveiled new rules to stop their users from creatingposts related in any way to religion. posts on social media
"The Democrats are very sly. (in New Hampshire) we have same day voter registration, and to be honest, when Massachusetts elections are not very close, theyre busing them in all over the place.","The Democrats are very sly. (in New Hampshire) we have same day voter registration, and to be honest, when Massachusetts elections are not very close, theyre busing them in all over the place. a radio interview"
"The Employment Non-Discrimination Act discriminates against Christian daycare, Christian parents, Christian business owners, and the rights of religious freedom.","The Employment Non-Discrimination Act discriminates against Christian daycare, Christian parents, Christian business owners, and the rights of religious freedom. a fundraising email"
"In the 1980s, The lowest income people had the biggest gains.","In the 1980s, The lowest income people had the biggest gains. HBO's ""Real Time with Bill Maher"""
"For every one job created under the Obama administration, 75 people went on food stamps.","For every one job created under the Obama administration, 75 people went on food stamps. a meme on social media"
The administration has issued rules for $1 abortions in ObamaCare and requires all persons enrolled in insurance plans that include elective abortion coverage to pay an abortion premium.,The administration has issued rules for $1 abortions in ObamaCare and requires all persons enrolled in insurance plans that include elective abortion coverage to pay an abortion premium. blog posts and links on the Internet
Says Gov. Rick Perry has never held a private-sector job.,Says Gov. Rick Perry has never held a private-sector job. an interview
Illegal immigration costs state taxpayers over $3 billion every year.,Illegal immigration costs state taxpayers over $3 billion every year. a news release
"Says a liberal immigration reform group endorsed his GOP primary opponent, Dave Brat.","Says a liberal immigration reform group endorsed his GOP primary opponent, Dave Brat. a campaign email."
Welders make more money than philosophers.,Welders make more money than philosophers. the fourth GOP primary debate.
The American people spoke pretty loudly. They said stop all the looming tax hikes....,The American people spoke pretty loudly. They said stop all the looming tax hikes.... comments to reporters
"For the hour after the (Jan. 14) debate, Debra Medina was the No. 1 search on Google and for the remainder of that night No. 3.","For the hour after the (Jan. 14) debate, Debra Medina was the No. 1 search on Google and for the remainder of that night No. 3. an interview"
After four years of a celebrity president 85% (of recent college grads are) moving back in with their parents.,After four years of a celebrity president 85% (of recent college grads are) moving back in with their parents. a campaign ad
I was totally against the war in Iraq.,I was totally against the war in Iraq. the NBC Commander-In-Chief Forum
Says Suzanne Bonamici supports the $500 billion cut to Medicare passed last year.,Says Suzanne Bonamici supports the $500 billion cut to Medicare passed last year. a speech.
"1928 was last time Republicans had the White House, the House and the Senate.","1928 was last time Republicans had the White House, the House and the Senate. a tweet"
Hillary Clinton and Barack Obama want to raise taxes on all income brackets.,Hillary Clinton and Barack Obama want to raise taxes on all income brackets. a chain e-mail
U.S. Sen. Saxby Chambliss votes more with Democrats than with conservatives.,U.S. Sen. Saxby Chambliss votes more with Democrats than with conservatives. an interview
"On gift taking,Bob McDonnell took a fraction of what (Tim) Kaine took.","On gift taking,Bob McDonnell took a fraction of what (Tim) Kaine took. an interview on NBC's ""Meet the Press"""
This is the first time since World War II that five nuclear-powered aircraft carriers were docked together.,This is the first time since World War II that five nuclear-powered aircraft carriers were docked together. a chain email
I never said that Marco Rubio was Mark Zuckerbergs personal senator.,"I never said that Marco Rubio was Mark Zuckerbergs personal senator. a Republican presidential debate in Boulder, Colo."
"If you're a small business and don't ""adopt the health care plan that Senator Obama mandates, he's going to fine you.""","If you're a small business and don't ""adopt the health care plan that Senator Obama mandates, he's going to fine you."" a debate in Hempstead, N.Y."
Weve lost 26 million jobs since (Obamas) been president.,"Weve lost 26 million jobs since (Obamas) been president. an interview on NBC's ""Today"" show"
"New jobs numbers are in, and Wisconsin has fallen to dead last in Midwest job growth.","New jobs numbers are in, and Wisconsin has fallen to dead last in Midwest job growth. a television ad"
Under the Baucus bill ... federal funds would subsidize coverage of elective abortions.,Under the Baucus bill ... federal funds would subsidize coverage of elective abortions. a press release
Cap-and-trade is wildly unpopular with Americans.,Cap-and-trade is wildly unpopular with Americans. an editorial
Teachers were not involved in developing the Common Core State Standards.,"Teachers were not involved in developing the Common Core State Standards. Tampa, Fla."
This (parent trigger) legislation was drafted by President Obamas top advisers. It was drafted by President Clintons top advisers.,This (parent trigger) legislation was drafted by President Obamas top advisers. It was drafted by President Clintons top advisers. a House Education Committee meeting
"Mercury is used in vaccines, and there is no safe level of mercury.","Mercury is used in vaccines, and there is no safe level of mercury. a story making the rounds on social media"
Theres no wildlife in the Arctic National Wildlife Refuge.,Theres no wildlife in the Arctic National Wildlife Refuge. a statement on Central Florida News 13’s 'Political Connections'
On a cap-and-trade plan.,On a cap-and-trade plan. a candidate forum
The left is blatantly attempting to disrupt Georgias elections.,The left is blatantly attempting to disrupt Georgias elections. a tweet
Says Ted Cruz is a supporter of legalizing people that are in this country illegally and proposed giving them work permits.,Says Ted Cruz is a supporter of legalizing people that are in this country illegally and proposed giving them work permits. remarks to reporters in South Carolina
On whether he wrote a provision that allowed AIG to dole out bonuses.,On whether he wrote a provision that allowed AIG to dole out bonuses. a CNN interview.
[The] ACLU and atheists in Denver are demanding the NFL stop [Tim Tebow] from praying on the sidelines.,[The] ACLU and atheists in Denver are demanding the NFL stop [Tim Tebow] from praying on the sidelines. an assertion on his WPRO radio show
"Wisconsin uses voting machines that are outlawed, they are illegal.","Wisconsin uses voting machines that are outlawed, they are illegal. a video"
U.S. Rep. Debbie Wasserman Schultz has blamed the Republicans for the creation of Hamas.,U.S. Rep. Debbie Wasserman Schultz has blamed the Republicans for the creation of Hamas. an interview
"A report in Navy Times said that 7.3 percent of Army, Navy and Marines have thought about attempting suicide.","A report in Navy Times said that 7.3 percent of Army, Navy and Marines have thought about attempting suicide. a House committee hearing"
The McCain campaign is roughly in the position where Vice President Gore was running against President Bush one week before the election of 2000.,The McCain campaign is roughly in the position where Vice President Gore was running against President Bush one week before the election of 2000. remarks by chief strategist Steve Schmidt
"Health care reform: Everything about it is going to raise costs, raise taxes and lower the quality of health care.","Health care reform: Everything about it is going to raise costs, raise taxes and lower the quality of health care. a TV ad"
"Since 1965, the United States has spent untold trillions yet the poverty rate hasnt budged.","Since 1965, the United States has spent untold trillions yet the poverty rate hasnt budged. a comment on Fox News' ""The O'Reilly Factor"""
New Jersey is the only state in the union that spent less on higher education than it did at the beginning of the decade.,New Jersey is the only state in the union that spent less on higher education than it did at the beginning of the decade. an interview with reporters at William Paterson University
"The Obama administration was actively supporting Al Qaeda in Iraq, the terrorist group that became the Islamic State.","The Obama administration was actively supporting Al Qaeda in Iraq, the terrorist group that became the Islamic State. a Facebook post"
Said Planned Parenthoods early objective was to help kill black babies before they came into the world.,Said Planned Parenthoods early objective was to help kill black babies before they came into the world. a talk at a conservative think tank
On the Trans-Pacific Partnership.,On the Trans-Pacific Partnership. an interview on PBS Newshour
"Says that when Congressman (Steve) Cohen took office in 2007, the unemployment rate was at 4.8 percent. The unemployment rate in Shelby County has reached 9.7 percent.","Says that when Congressman (Steve) Cohen took office in 2007, the unemployment rate was at 4.8 percent. The unemployment rate in Shelby County has reached 9.7 percent. in campaign mail piece"
Says that Sen. Sherrod Brown is out there egging on a lot of these protesters who are spitting on policemen and going to the bathroom on policemens cars at these protests on Wall Street and other places.,Says that Sen. Sherrod Brown is out there egging on a lot of these protesters who are spitting on policemen and going to the bathroom on policemens cars at these protests on Wall Street and other places. a radio interview
Says Chuck Hagels nomination as defense secretary has been publicly celebrated by the Iranian government.,Says Chuck Hagels nomination as defense secretary has been publicly celebrated by the Iranian government. a Politico column.
Says Texas is the only state that exempts jet fuel from its state motor fuels tax.,Says Texas is the only state that exempts jet fuel from its state motor fuels tax. a forum.
On reconciliation,On reconciliation campaign speeches
Virginias current unemployment rate is the lowest in Virginia history.,Virginias current unemployment rate is the lowest in Virginia history. a debate.
"In Providence, R.I., its illegal to sell toothpaste and a toothbrush to the same customer on a Sunday.","In Providence, R.I., its illegal to sell toothpaste and a toothbrush to the same customer on a Sunday. a web site list"
"A new Colorado law literally allows residents to print ballots from their home computers, then encourages them to turn ballots over to collectors.","A new Colorado law literally allows residents to print ballots from their home computers, then encourages them to turn ballots over to collectors. a segment on ""The Kelly File"""
"During the Eisenhower Administration, not a single soldier died in combat.","During the Eisenhower Administration, not a single soldier died in combat. an appearance on NBC's ""Meet the Press"""
"California Senator, Democratic Senator Dianne Feinstein said if she could say to Mr. America and Mrs. America, Give me your guns, Im rounding em up, she would.","California Senator, Democratic Senator Dianne Feinstein said if she could say to Mr. America and Mrs. America, Give me your guns, Im rounding em up, she would. a TV interview"
Says he has supported George Bush more than I have Barack Obama.,"Says he has supported George Bush more than I have Barack Obama. an interview with ""The Hill"" newspaper"
"By 2015, we will be sending so much interest to China that we will be paying for the entire Peoples Liberation Army.","By 2015, we will be sending so much interest to China that we will be paying for the entire Peoples Liberation Army. a Republican presidential debate in Michigan"
Not even Tim Kaine is willing to say he trusts Hillary Clinton.,Not even Tim Kaine is willing to say he trusts Hillary Clinton. a U.S. Senate debate in Orlando
Says the U.S. Senate has passed a budget over the last three years called the Budget Control Act.,Says the U.S. Senate has passed a budget over the last three years called the Budget Control Act. a debate on New Jersey 101.5-FM
Medicare officials have treated Humana and AARP inconsistently on how they can communicate with seniors.,Medicare officials have treated Humana and AARP inconsistently on how they can communicate with seniors. an article on its Web site
"Obama would ""experiment with socialism.""","Obama would ""experiment with socialism."" a speech in Springfield, Mo."
The Islamic State just built a hotel in Syria.,The Islamic State just built a hotel in Syria. a speech announcing his 2016 presidential campaign
Justice John Roberts Signed Off On Obamas Arrest For Treason.,Justice John Roberts Signed Off On Obamas Arrest For Treason. various posts on the Internet
Says Maryellen OShaughnessy accepted campaign cash from indicted politician Jimmy Dimora.,Says Maryellen OShaughnessy accepted campaign cash from indicted politician Jimmy Dimora. a campaign mailer
Georgia has a well-deserved reputation for setting the gold standard for food safety.,Georgia has a well-deserved reputation for setting the gold standard for food safety. a press releaase
"If lawmakers fail to avert the fiscal cliff, 18 percent of the federal money that is sent to the states will be eliminated.","If lawmakers fail to avert the fiscal cliff, 18 percent of the federal money that is sent to the states will be eliminated. a press release"
Says U.S. Rep. Paul Ryans budget proposal eliminates Medicare in 10 years.,Says U.S. Rep. Paul Ryans budget proposal eliminates Medicare in 10 years. remarks at a campaign fundraiser
About 800 people refused to get a drug screening because they are out there on drugs.,About 800 people refused to get a drug screening because they are out there on drugs. remarks in the state Legislature
Says Tom Hughes supports paving over thousands of acres with over-development and sprawl.,Says Tom Hughes supports paving over thousands of acres with over-development and sprawl. a television ad
Bill White ...offered sanctuary to illegal immigrants.,Bill White ...offered sanctuary to illegal immigrants. a fund-raising letter
Says the states Medicaid waiver proposal has languished in a file cabinet at the Centers for Medicare and Medicaid Services for more than two years.,Says the states Medicaid waiver proposal has languished in a file cabinet at the Centers for Medicare and Medicaid Services for more than two years. an interview
"Under the new Arizona immigration law, police can't stop someone to check their immigration status unless they think they see something illegal.","Under the new Arizona immigration law, police can't stop someone to check their immigration status unless they think they see something illegal. an interview on MSNBC's Hardball"
"Every time we raise the minimum wage, the number of jobless people increases.","Every time we raise the minimum wage, the number of jobless people increases. the Republican debate in Milwaukee, Wis."
"As governor, Tim Kaine oversaw a huge increase in illegal immigration, a tremendous increase.","As governor, Tim Kaine oversaw a huge increase in illegal immigration, a tremendous increase. a rally"
Virginias banning of felons from voting is a Jim Crow-era law.,Virginias banning of felons from voting is a Jim Crow-era law. a radio interview.
Weve broken by millions the all-time record for votes in a GOP presidential primary election.,Weve broken by millions the all-time record for votes in a GOP presidential primary election. a campaign speech
Only one out of 10 minimum wage workers today are teen age or a young person.,"Only one out of 10 minimum wage workers today are teen age or a young person. comments on ABC's ""This Week"""
Says we are going to sell this house and use the proceeds to stabilize rates.,Says we are going to sell this house and use the proceeds to stabilize rates. a statement on the Portland Water Bureau website
"According to recent reports, a group of death panels organized under Obamacare ordered their first execution.","According to recent reports, a group of death panels organized under Obamacare ordered their first execution. an article"
Say easing restrictions on selling alcohol on Sundays will result in more traffic crashes and fatalities.,Say easing restrictions on selling alcohol on Sundays will result in more traffic crashes and fatalities. a legislative debate
Right now the Tea Party polls higher than the Republicans and the Democrats.,Right now the Tea Party polls higher than the Republicans and the Democrats. an interview with NBC
Says the former president of the Czech Republic said the American people were a confederacy of fools for electing Barack Obama.,Says the former president of the Czech Republic said the American people were a confederacy of fools for electing Barack Obama. a chain email
Its possible that non-citizen voters were responsible for Obamas 2008 victory in North Carolina.,"Its possible that non-citizen voters were responsible for Obamas 2008 victory in North Carolina. a speech in Green Bay, Wisconsin"
"If you give guns to gangs, you can get out of jail free, if (Californias Proposition 57) passes. If you do a drive-by shooting, you can get out of jail free, if Proposition 57 passes. If you discharge guns on a school yard, you can get out of jail free.","If you give guns to gangs, you can get out of jail free, if (Californias Proposition 57) passes. If you do a drive-by shooting, you can get out of jail free, if Proposition 57 passes. If you discharge guns on a school yard, you can get out of jail free. a U.S. Senate campaign debate."
"Gov. Nathan Deal has taken at least $15,600 from the (Koch brothers), their businesses, and their employees.","Gov. Nathan Deal has taken at least $15,600 from the (Koch brothers), their businesses, and their employees. a news release"
"The Democratic health care plan is a ""government takeover of our health programs.""","The Democratic health care plan is a ""government takeover of our health programs."" a speech to Pinellas County Republicans."
Says Scott Walker says he would ban stem cell research,Says Scott Walker says he would ban stem cell research a campaign TV ad
"Statistically, law-enforcement officers die 10 years earlier than the general population.","Statistically, law-enforcement officers die 10 years earlier than the general population. a Providence Journal commentary"
Suicide comes from federal government largesse saying you are not worth anything but you are going to get something for nothing.,Suicide comes from federal government largesse saying you are not worth anything but you are going to get something for nothing. a speech in Alaska
The U.N. Arms Treatyinfringes upon our right to keep and bear arms.,The U.N. Arms Treatyinfringes upon our right to keep and bear arms. a campaign website statement
"The Jewish holiday Purim is ""their version of Halloween here.""","The Jewish holiday Purim is ""their version of Halloween here."" a news conference in Israel"
The fact that Rick Scott is running for governor as a 'reformer' would be funny if it wasn't so outrageous. This is a man who barely escaped imprisonment.,The fact that Rick Scott is running for governor as a 'reformer' would be funny if it wasn't so outrageous. This is a man who barely escaped imprisonment. a press release.
"Under Scott Walker, Wisconsin unemployments up from 4.8% to 6.2%","Under Scott Walker, Wisconsin unemployments up from 4.8% to 6.2% a TV ad"
Says Target installed urinals in a womens bathroom to accommodate the ones who have giblets.,Says Target installed urinals in a womens bathroom to accommodate the ones who have giblets. a Facebook post
An anonymous e-mail says that Hillary Clinton advocates communism.,An anonymous e-mail says that Hillary Clinton advocates communism.
"Says CNNs Wolf Blitzer was wrong to say that the wealthiest Americans, they pay the most in taxes already -- 50 percent of Americans dont even pay any federal income tax.","Says CNNs Wolf Blitzer was wrong to say that the wealthiest Americans, they pay the most in taxes already -- 50 percent of Americans dont even pay any federal income tax. an interview before the CNN/Tea Party Express presidential debate"
The largest category of people coming into the technical schools in Wisconsin are people with four-year degrees.,The largest category of people coming into the technical schools in Wisconsin are people with four-year degrees. an interview
Brazil got off oil in the last 30 years.,Brazil got off oil in the last 30 years. an interview on ABC News' 'This Week'
"Louisiana gets ""not one single penny"" from Gulf Coast offshore oil revenues.","Louisiana gets ""not one single penny"" from Gulf Coast offshore oil revenues. an interview with MSNBC's Ed Schultz"
"For the first time in U.S. history, a personal inaction will be deemed unlawful -- not purchasing a health-insurance plan","For the first time in U.S. history, a personal inaction will be deemed unlawful -- not purchasing a health-insurance plan an opinion piece in the Wall Street Journal"
Says he lived in a colonia while working as a farm worker.,Says he lived in a colonia while working as a farm worker. his speech at the state convention of the Texas Democratic Party
Bernie Sanderss plan is to raise your taxes to 90 percent.,"Bernie Sanderss plan is to raise your taxes to 90 percent. a Republican presidential debate in Boulder, Colo."
We will be the first party to elect a bald guy to governor.,We will be the first party to elect a bald guy to governor. comments at the Republican Party of Florida's annual meeting.
Bicycle ownership drops by half while obesity in Rhode Island rises by 154 percent,Bicycle ownership drops by half while obesity in Rhode Island rises by 154 percent news release
Portland Schools spend $500K to deem PBJ sandwiches racist.,Portland Schools spend $500K to deem PBJ sandwiches racist. an online post
"Says he cured Charlie Sheen and the island of Comoros of HIV with milk from goats, which had arthritis.","Says he cured Charlie Sheen and the island of Comoros of HIV with milk from goats, which had arthritis. comments on ""Real Time with Bill Maher"""
"Terry McAuliffe cashed in, walking away with millions from the demise of Global Crossing.","Terry McAuliffe cashed in, walking away with millions from the demise of Global Crossing. a TV ad."
Phoenix is the kidnapping capital of the Western Hemisphere.,Phoenix is the kidnapping capital of the Western Hemisphere. a comment on her talk show
Statistics show you are about nine times more likely to be assaulted by a taxi driver in Austin than a driver for a ride-hailing service.,Statistics show you are about nine times more likely to be assaulted by a taxi driver in Austin than a driver for a ride-hailing service. a voter forum hosted by the League of Women Voters of the Austin Area
Gov. Terry McAuliffe has made several statements that he would love to be in a Cabinet secretary position with the Clinton administration.,Gov. Terry McAuliffe has made several statements that he would love to be in a Cabinet secretary position with the Clinton administration. a radio interview.
There are places in America that are among the most dangerous in the world. You go to places like Oakland. Or Ferguson. The crime numbers are worse. Seriously.,There are places in America that are among the most dangerous in the world. You go to places like Oakland. Or Ferguson. The crime numbers are worse. Seriously. an interview with the New York Times Magazine
Congressman McCollum voted to dismantle Social Security.,Congressman McCollum voted to dismantle Social Security. a press release
Bush's tax cuts for high earners have been the biggest contributor to the budget deficit.,Bush's tax cuts for high earners have been the biggest contributor to the budget deficit. during a news conference
President Obamas lawsuit claims it is unconstitutional for Ohio to allow servicemen and women extended early voting privileges during the states early voting period.,President Obamas lawsuit claims it is unconstitutional for Ohio to allow servicemen and women extended early voting privileges during the states early voting period. a press statement
Says the mandate is 71 times that a childs body will be injected with a disease for immunizations.,Says the mandate is 71 times that a childs body will be injected with a disease for immunizations. a House floor speech
Annexation would lead to overcrowding at Decaturs city schools.,Annexation would lead to overcrowding at Decaturs city schools. comments on various local blogs
On fundraising for super PACs,On fundraising for super PACs a campaign blog post
I am the only candidate who ran in either the Democratic or the Republican primary who said from the very beginning (that) I will not raise taxes on the middle class.,I am the only candidate who ran in either the Democratic or the Republican primary who said from the very beginning (that) I will not raise taxes on the middle class. a campaign rally in Cleveland
"Tells David Cicilline, 94 percent of the carbon emissions which you so want to get rid of are caused by nature.","Tells David Cicilline, 94 percent of the carbon emissions which you so want to get rid of are caused by nature. a WPRI/Providence Journal debate"
Sen. Barbara Boxer voted against immigration reform to permit (Hispanic immigrants) people to come here legally to work.,Sen. Barbara Boxer voted against immigration reform to permit (Hispanic immigrants) people to come here legally to work. a TV ad
The only growth sector that weve had in the last two years in America is government growth.,The only growth sector that weve had in the last two years in America is government growth. an interview with CNBC
"As has been noted by many observers, including Bill Clinton's former secretary of labor, my plan does more than anybody to reduce costs.","As has been noted by many observers, including Bill Clinton's former secretary of labor, my plan does more than anybody to reduce costs. Austin, Texas"
Its coming. Nobody can stop this train.,Its coming. Nobody can stop this train. a speech at a Labor Day rally in Milwaukee
"On average, each U.S. military working dog saves the lives of between 150 and 200 servicemen and women over the span of his career.","On average, each U.S. military working dog saves the lives of between 150 and 200 servicemen and women over the span of his career. a Facebook post."
"Ive gotten to see the commercials that they did on you. And Ive gotten to see some of the most vicious commercials Ive ever seen of Michelle Obama talking about you, Hillary.","Ive gotten to see the commercials that they did on you. And Ive gotten to see some of the most vicious commercials Ive ever seen of Michelle Obama talking about you, Hillary. the second presidential debate in St. Louis"
We have not taken away any rights that have currently existed in any city in North Carolina with the passage of HB2.,"We have not taken away any rights that have currently existed in any city in North Carolina with the passage of HB2. a speech in Clayton, N.C."
Says Ron Wyden spent $2 million to study exotic ants.,Says Ron Wyden spent $2 million to study exotic ants. a television/web ad
"For a young man or woman who is entering the ninth grade in Newark this year, they have a 29 percent graduation rate.","For a young man or woman who is entering the ninth grade in Newark this year, they have a 29 percent graduation rate. a speech at the Harvard Graduate School of Education"
"Because the EPA closed a lead smelter in Missouri, all lead for bullets will have to come from overseas!","Because the EPA closed a lead smelter in Missouri, all lead for bullets will have to come from overseas! a chain email"
"Ken Hodges badly botched this investigation and, as a result, justice wasnt done in this case.","Ken Hodges badly botched this investigation and, as a result, justice wasnt done in this case. a telephone interview"
"Donald Trump and Hillary Clinton and Bernie Sanders have the identical position on health care, which is they want to put the government in charge of you and your doctor.","Donald Trump and Hillary Clinton and Bernie Sanders have the identical position on health care, which is they want to put the government in charge of you and your doctor. comments on ""Meet the Press"""
"You have 200,000 to 400,000 military veterans on the street in this country on any given day.","You have 200,000 to 400,000 military veterans on the street in this country on any given day. a TV debate"
The New York Times writes this long story about Donald Trumps tax returns but didnt point out there was no wrongdoing until paragraph 18.,"The New York Times writes this long story about Donald Trumps tax returns but didnt point out there was no wrongdoing until paragraph 18. an interview on ""Meet the Press"""
"An amazing 5,400 jobs were lost in the first 12 months of the (smoking) bans implementation in Ohios hospitality industry alone.","An amazing 5,400 jobs were lost in the first 12 months of the (smoking) bans implementation in Ohios hospitality industry alone. Press Release"
"Says Mexico doesnt have birthright citizenship, and Americans are the only ones to have it.","Says Mexico doesnt have birthright citizenship, and Americans are the only ones to have it. a GOP presidential debate on CNN"
Richmond is the most vegan-friendly city.,Richmond is the most vegan-friendly city. a speech.
President Obama has never received a paycheck from a profitmaking business in his entire life.,President Obama has never received a paycheck from a profitmaking business in his entire life. a discussion on MSNBC
Wendy Davis opposes any limits on abortion.,Wendy Davis opposes any limits on abortion. an audio recording described as a radio ad
The president released all of the oil from the Strategic Oil Reserve.,"The president released all of the oil from the Strategic Oil Reserve. an interview on CBS's ""Face the Nation"""
"If President Obama signs the Copenhagen climate change treaty, he ""will sign your freedom, your democracy, and your prosperity away forever and neither you nor any subsequent government you may elect would have any power whatsoever to take it back again.""","If President Obama signs the Copenhagen climate change treaty, he ""will sign your freedom, your democracy, and your prosperity away forever and neither you nor any subsequent government you may elect would have any power whatsoever to take it back again."" a speech in St. Paul, Minn."
"If Congress fails to act, the Obama administration intends to give away control of the internet to an international body akin to the United Nations.","If Congress fails to act, the Obama administration intends to give away control of the internet to an international body akin to the United Nations. Senate floor remarks"
Labor union president Andy Stern is the most frequent visitor at the White House.,Labor union president Andy Stern is the most frequent visitor at the White House. his Fox News Channel show
On a cap-and-trade plan.,On a cap-and-trade plan. a letter to the Minnesota delegation in Washington
"Two years ago, the longest serving leader of the California republic, Jerry Brown, boldly declared in China that California is a separate nation.","Two years ago, the longest serving leader of the California republic, Jerry Brown, boldly declared in China that California is a separate nation. a speech in Moscow"
"The Keystone oil pipeline would employ 20,000 people in the United States.","The Keystone oil pipeline would employ 20,000 people in the United States. a speech"
How is a misogynist bigot of epic proportions (like U.S. Rep. Steven Smith) allowed to serve?,How is a misogynist bigot of epic proportions (like U.S. Rep. Steven Smith) allowed to serve? a Tweet to PolitiFact Georgia
Joe Garcia raised utility rates on families.,Joe Garcia raised utility rates on families. a television ad
"I watched in Jersey City, N.J., where thousands and thousands of people were cheering as the World Trade Center collapsed.","I watched in Jersey City, N.J., where thousands and thousands of people were cheering as the World Trade Center collapsed. comments during a speech"
Says Bill White is refusing to debate.,Says Bill White is refusing to debate. a press release
"Elena Kagan is a New York City radical, Marxist lawyer through and through.","Elena Kagan is a New York City radical, Marxist lawyer through and through. his website"
Says there were over 600 reports of Texas votes for Donald Trump in the states 2016 Republican primary virtually all getting tallied for Marco Rubio.,Says there were over 600 reports of Texas votes for Donald Trump in the states 2016 Republican primary virtually all getting tallied for Marco Rubio. a web post
A proposed immigration bill will bankrupt Georgia if passed.,A proposed immigration bill will bankrupt Georgia if passed. a press release
Says large majority of Republicans believe Obama is a Muslim and not U.S.-born.,Says large majority of Republicans believe Obama is a Muslim and not U.S.-born. the Central Texas Democratic Forum
The Washington D.C.-area never has a recession.,The Washington D.C.-area never has a recession. radio interview
"Says that when Michelle Fields found out that there was a security camera, and that they had her on tape, all of a sudden that story changed.","Says that when Michelle Fields found out that there was a security camera, and that they had her on tape, all of a sudden that story changed. a CNN town hall"
"Says McCain ""voted to let governments charge rape victims"" for forensic exams.","Says McCain ""voted to let governments charge rape victims"" for forensic exams. a TV ad."
"No Republicans voted for recent hikes in the income tax, payroll tax, capital gains tax, dividend tax and estate tax. These taxes were all passed under Obamacare.","No Republicans voted for recent hikes in the income tax, payroll tax, capital gains tax, dividend tax and estate tax. These taxes were all passed under Obamacare. a chain email"
"When Trump wanted to turn a taxpayer-owned building into an $800 anight hotel, (Congressman Jeff Denham, R-CA) helped broker the deal and bragged about it.","When Trump wanted to turn a taxpayer-owned building into an $800 anight hotel, (Congressman Jeff Denham, R-CA) helped broker the deal and bragged about it. in a campaign TV advertisement"
Says Chris Abele has had five years and hes done nothing about the Estabrook Dam.,Says Chris Abele has had five years and hes done nothing about the Estabrook Dam. a speech
Community banks are being destroyed by Dodd-Frank.,"Community banks are being destroyed by Dodd-Frank. remarks at Mandester, N.H. campaign headquarters"
"In New York City, an entry level janitor gets paid twice as much as an entry level teacher.","In New York City, an entry level janitor gets paid twice as much as an entry level teacher. a Republican presidential debate in Des Moines, Iowa"
Africa is spending the highest percentage of their GDP on education of any part of the world.,"Africa is spending the highest percentage of their GDP on education of any part of the world. comments on CBS' ""Face the Nation"""
Recent studies have confirmed that any academic benefits of government funded preschool disappear by the fourth grade.,Recent studies have confirmed that any academic benefits of government funded preschool disappear by the fourth grade. a news release
We have more hospitals that are childrens hospitals than any other state in the union. ,We have more hospitals that are childrens hospitals than any other state in the union.  an interview with The Plain Dealer
On calling Supreme Court nominee Sonia Sotomayor a racist.,On calling Supreme Court nominee Sonia Sotomayor a racist. a statement on the Human Events Web site
On the use of presidentially appointed commissions.,"On the use of presidentially appointed commissions. a campaign speech in Grand Junction, Colo."
Mitchell International Airport is the the third busiest airport in the world and the number one busiest in the country.,Mitchell International Airport is the the third busiest airport in the world and the number one busiest in the country. a statement at a candidate forum
I never considered myself a maverick.,I never considered myself a maverick. a comment on Newsweek magazine's Web site
Mitt Romney says the Arizona immigration law should be a model for the nation.,Mitt Romney says the Arizona immigration law should be a model for the nation. a speech in San Antonio.
The government -- not the armed forces -- is stockpiling hundreds of millions of rounds of ammunition for domestic use.,The government -- not the armed forces -- is stockpiling hundreds of millions of rounds of ammunition for domestic use. a campaign website statement
Do this research watch how much crime picks up if you take away [football].,Do this research watch how much crime picks up if you take away [football]. an interview
The five Guantanamo detainees swapped for Bowe Bergdahl are back on the battlefield.,"The five Guantanamo detainees swapped for Bowe Bergdahl are back on the battlefield. Ottumwa, Iowa, on NBC's ""Meet the Press"""
Martin Luther King Jr. was a Republican.,Martin Luther King Jr. was a Republican. a speech.
Alaskas Prince William Sound is pristine now.,Alaskas Prince William Sound is pristine now. his radio program
"While Americans pray for Paris, the government has acted on mandatory national vaccinations.","While Americans pray for Paris, the government has acted on mandatory national vaccinations. a viral meme on social media"
Every (personhood) bill Ive ever support has either had language that says were conforming to the constitutional rulings of the Supreme Court or something to that effect.,Every (personhood) bill Ive ever support has either had language that says were conforming to the constitutional rulings of the Supreme Court or something to that effect. a debate.
"In Oregon, 12,808 people were arrested for marijuana-related crimes in 2012.","In Oregon, 12,808 people were arrested for marijuana-related crimes in 2012. a website statement"
"Said U.S. Rep. Jim Marshall, D-Macon, sent nearly $2 billion overseas to build wind turbines and create jobs, mostly in China","Said U.S. Rep. Jim Marshall, D-Macon, sent nearly $2 billion overseas to build wind turbines and create jobs, mostly in China a TV campaign commercial"
The wealth gap between blacks and whites in the United States is greater than the black-white wealth gap was in apartheid South Africa.,"The wealth gap between blacks and whites in the United States is greater than the black-white wealth gap was in apartheid South Africa. a broadcast of ""The Daily Show"""
A member of the redistricting commission proposed in Issue 2 could accept a bribe from somebody and couldnt be removed from this commission.,A member of the redistricting commission proposed in Issue 2 could accept a bribe from somebody and couldnt be removed from this commission. an interview with reporters
Social Security is a Ponzi scheme.,Social Security is a Ponzi scheme. a meet-the-candidates forum
"The vast majority of (Syrian) refugees are young, able-bodied men looking for work.","The vast majority of (Syrian) refugees are young, able-bodied men looking for work. a campaign stop in Concord, N.H."
Our men and women of the Guard have been forced to contact food banks to feed themselves.,Our men and women of the Guard have been forced to contact food banks to feed themselves. a press release
The non-profit groupFeeding America is lying when it claimsthat one in five kids is fighting starvation daily in the United States.,"The non-profit groupFeeding America is lying when it claimsthat one in five kids is fighting starvation daily in the United States. an op-ed in the ""New York Post"""
"Up until two weeks ago, John McCain was a leading proponent of amnesty. Now with me challenging him, suddenly he has changed.","Up until two weeks ago, John McCain was a leading proponent of amnesty. Now with me challenging him, suddenly he has changed. an interview on the Fox Business Network"
"The Medicare proposal by Rep. Paul Ryan, R-Wis., would allow insurance companies to deny you coverage and drop you for pre-existing conditions.","The Medicare proposal by Rep. Paul Ryan, R-Wis., would allow insurance companies to deny you coverage and drop you for pre-existing conditions. an interview on CBS' ""Face the Nation"""
Michelle Obama ordered $400 worth of lobster and caviar at a New York hotel.,Michelle Obama ordered $400 worth of lobster and caviar at a New York hotel. a chain e-mail
"When I came into office, our vaccination rate in Texas was 65 percent. When I left two weeks ago, it was 95 percent.","When I came into office, our vaccination rate in Texas was 65 percent. When I left two weeks ago, it was 95 percent. an interview with the Texas Tribune and Washington Post."
On restoring voting rights to non-violent felons.,On restoring voting rights to non-violent felons. news conference.
"President Obama ""doesn't ... want to admit we're at war.""","President Obama ""doesn't ... want to admit we're at war."" a statement to Politico."
Says stories about his birth certificate drowned out media coverage of the Republican and White House budget plans the week of April 11.,Says stories about his birth certificate drowned out media coverage of the Republican and White House budget plans the week of April 11. a press conference
Says Dow Chemical decided to build a plant in Saudi Arabia rather than Oklahoma due to the impact of environmental regulations on the supply of natural gas.,"Says Dow Chemical decided to build a plant in Saudi Arabia rather than Oklahoma due to the impact of environmental regulations on the supply of natural gas. a speech to the Business Roundtable in Frankenmuth, Mich."
"The head of the IRS ordered 24,000 emails erased before Congress could review them, making sure the American people will never know the real truth.","The head of the IRS ordered 24,000 emails erased before Congress could review them, making sure the American people will never know the real truth. a radio ad"
Says in Newark were paying 80 percent of the school budget from local property taxes.,Says in Newark were paying 80 percent of the school budget from local property taxes. a state senate budget committee hearing
Says Newt Gingrich has said that we should make the 11 million illegal workers that are in this country legal.,Says Newt Gingrich has said that we should make the 11 million illegal workers that are in this country legal. an interview
"Obama ""only wants your children to have health insurance.""","Obama ""only wants your children to have health insurance."" a campaign event in Hanging Rock, Ohio."
Says Josh Mandel opposed federal loans to the auto industry.,Says Josh Mandel opposed federal loans to the auto industry. an email campaign statement
"The high-speed rail project would create 60,000-plus jobs for Floridians.","The high-speed rail project would create 60,000-plus jobs for Floridians. an interview with WESH-TV"
"Nothing was done. I mean, $25 million was spent, but we dont have that (gun ownership)database.","Nothing was done. I mean, $25 million was spent, but we dont have that (gun ownership)database. a Capital Public Radio interview"
Says he has a track record of not raising taxes.,Says he has a track record of not raising taxes. an interview
Says President Barack Obama delivered $2 billion to Brazil to help with offshore drilling projects.,Says President Barack Obama delivered $2 billion to Brazil to help with offshore drilling projects. a speech at a house party in New Hampshire.
One. Thats the number of new drilling permits under the Obama administration since they came into office.,One. Thats the number of new drilling permits under the Obama administration since they came into office. a speech at the Conservative Principles PAC Conference
We just had someone last week in Neenah near a school kill someone with a bow and arrow.,We just had someone last week in Neenah near a school kill someone with a bow and arrow. a news conference
"The Obama administration offered $900 million to Hamas, a recognized terrorist organization, to rebuild Gaza.","The Obama administration offered $900 million to Hamas, a recognized terrorist organization, to rebuild Gaza. a GOP survey"
Says Wisconsin Gov. Scott Walker is making voting more difficult by closing Department of Motor Vehicles offices where low-income voters live.,Says Wisconsin Gov. Scott Walker is making voting more difficult by closing Department of Motor Vehicles offices where low-income voters live. an interview
"The alternative to higher state worker pension and health care payments is to look at 1,500 layoffs of state employees or close to 200,000 children who would be bumped off Medicaid-related programs.","The alternative to higher state worker pension and health care payments is to look at 1,500 layoffs of state employees or close to 200,000 children who would be bumped off Medicaid-related programs. a news conference"
On high-speed rail.,On high-speed rail. a press statement.
"Hillary Clinton has already said shes going to wipe out the Second Amendment. She doesnt believe in the First Amendment. And, she also believes in big government, which flies in the face of the 10th Amendment","Hillary Clinton has already said shes going to wipe out the Second Amendment. She doesnt believe in the First Amendment. And, she also believes in big government, which flies in the face of the 10th Amendment an interview on MSNBC."
Says Hillary Clinton shows up in Broward County and had a private meeting with elections supervisor Brenda Snipes.,Says Hillary Clinton shows up in Broward County and had a private meeting with elections supervisor Brenda Snipes. an interview on Alex Jones' radio show
Voter fraud provided a portion of the margin of victory of Democrat John Lehman over Republican Sen. Van Wanggaard in a state Senate recall election.,Voter fraud provided a portion of the margin of victory of Democrat John Lehman over Republican Sen. Van Wanggaard in a state Senate recall election. a television interview
"The Massachusetts health care plan dealt with 8 percent of our population, far less than the 100 percent of American people affected by President Barack Obamas health care law.","The Massachusetts health care plan dealt with 8 percent of our population, far less than the 100 percent of American people affected by President Barack Obamas health care law. a Republican candidates' forum in South Carolina"
Georgias illegal immigration crackdown laws should be called the Brown Codes because of their similarity to the Black Codes governing blacks after the Civil War.,Georgias illegal immigration crackdown laws should be called the Brown Codes because of their similarity to the Black Codes governing blacks after the Civil War. a press release
Says his comment about extremists being a JV team wasnt specifically referring to Islamic State.,"Says his comment about extremists being a JV team wasnt specifically referring to Islamic State. an interview on ""Meet the Press."""
Texas is one of only a handful of states that does not have an equal pay law.,Texas is one of only a handful of states that does not have an equal pay law. an interview with Texas Monthly
Says Charlie Crists campaign bashedSen. Bill Nelsons big-government solutions.,"Says Charlie Crists campaign bashedSen. Bill Nelsons big-government solutions. a graphic during ""The Daily Rundown"""
"Says Tommy Thompson favors Obamas health care mandate, was publicly thanked by Obama for health reform support and that Thompson says we cant repeal Obamacare.","Says Tommy Thompson favors Obamas health care mandate, was publicly thanked by Obama for health reform support and that Thompson says we cant repeal Obamacare. a radio ad"
There was serious voter fraud in New Hampshire.,There was serious voter fraud in New Hampshire. a tweet
Says the Democratic Party createda debate schedule to maximize the opportunity for voters to see our candidates.,Says the Democratic Party createda debate schedule to maximize the opportunity for voters to see our candidates. an interview on CNN Reliable Sources
Says Gov. Rick Scott is spending a quarter of a million of our tax dollars to robocall people.,"Says Gov. Rick Scott is spending a quarter of a million of our tax dollars to robocall people. a robocall from the Pink Slip Rick website, played on MSNBC's ""Rachel Maddow"" show."
We gave every public employee in the state the freedom to choose whether or not they want to be in a union.,We gave every public employee in the state the freedom to choose whether or not they want to be in a union. a television interview
Saysproposal to boostteacherpension fundputs no mandate on local government.,Saysproposal to boostteacherpension fundputs no mandate on local government. a speech.
"Says after Hillary Clinton helped a man accused of raping a 12-year-old, shes seen laughing on two separate occasions, laughing at the girl who was raped.","Says after Hillary Clinton helped a man accused of raping a 12-year-old, shes seen laughing on two separate occasions, laughing at the girl who was raped. the second 2016 presidential debate"
Says Gov. Scott Walker said no to equal pay for equal work for women.,Says Gov. Scott Walker said no to equal pay for equal work for women. a TV ad
Says Hillary Clinton spent 30 days in the hospital in 2012 and appeared wearing glasses that are only for people who have traumatic brain injury.,Says Hillary Clinton spent 30 days in the hospital in 2012 and appeared wearing glasses that are only for people who have traumatic brain injury. a panel discussion
Says the City of Portland alone has 84 public relation representatives on payroll which cost taxpayers over $6.2 million (a year).,Says the City of Portland alone has 84 public relation representatives on payroll which cost taxpayers over $6.2 million (a year). a newsletter
Says Saddam Hussein had a 10-year relationship with al-Qaida.,"Says Saddam Hussein had a 10-year relationship with al-Qaida. comments on NBC's ""Meet the Press"""
Says the media created the term polar vortex and the cold air proves the ice isnt melting.,Says the media created the term polar vortex and the cold air proves the ice isnt melting. comments on his radio show
"New Jersey today has fewer employees in state government than it had when Christie Whitman left office in January of 2001, and I think thats good. And we did it without any layoffs. We did it through attrition.","New Jersey today has fewer employees in state government than it had when Christie Whitman left office in January of 2001, and I think thats good. And we did it without any layoffs. We did it through attrition. an appearance at the Brookings Institution"
The American slave trade caused 5 million deaths or more.,"The American slave trade caused 5 million deaths or more. a broadcast of ""The Daily Show"""
"I'm predicting (the Saints) will go not only undefeated, but all the way through the Super Bowl -- something that's never been done before.","I'm predicting (the Saints) will go not only undefeated, but all the way through the Super Bowl -- something that's never been done before. a radio interview"
"20,000 Kansans lost their health insurance because of (Obamacare).","20,000 Kansans lost their health insurance because of (Obamacare). a Web video"
"Once the U.S. government signs a U.N. treaty on conventional arms, ""all U.S. citizens will be subject to those gun laws created by foreign governments.""","Once the U.S. government signs a U.N. treaty on conventional arms, ""all U.S. citizens will be subject to those gun laws created by foreign governments."" a chain e-mail circulated on the Internet"
Warren Buffett recently said Scrap Obamacare and Start All Over.,Warren Buffett recently said Scrap Obamacare and Start All Over. posts on the Internet
"Since Obamacare became law, most of our new jobs have been part-time jobs.","Since Obamacare became law, most of our new jobs have been part-time jobs. a speech."
We have killed lots of innocent people in the state of Texas.,We have killed lots of innocent people in the state of Texas. a Democratic debate
"Of every three dollars in food stamps for the needy, seven dollars in salaries and pensions (go to) the bureaucrats who are supposed to be taking care of the poor.","Of every three dollars in food stamps for the needy, seven dollars in salaries and pensions (go to) the bureaucrats who are supposed to be taking care of the poor. a speech at the conservative CPAC conference"
"Former Alaska Governor Sarah Palin was right that President Barack Obamas health care bill created what would, in effect, be death panels.","Former Alaska Governor Sarah Palin was right that President Barack Obamas health care bill created what would, in effect, be death panels. a Republican presidential debate"
Bill McCollum has accepted thousands from lobbyists for Planned Parenthood.,Bill McCollum has accepted thousands from lobbyists for Planned Parenthood. a campaign mail piece.
"Cap and trade legislation that Zack Space supported would cost the average household approximately $1,761 per year in increased energy rates.","Cap and trade legislation that Zack Space supported would cost the average household approximately $1,761 per year in increased energy rates. an issue statement posted to his website"
The Declaration of Independence was written on paper made out of hemp.,The Declaration of Independence was written on paper made out of hemp. a debate.
Jason Carters plan: increase spending by $12.5 billion.,Jason Carters plan: increase spending by $12.5 billion. television attack ad
"Dan Seals has been running for office since before there were, like, iPods.","Dan Seals has been running for office since before there were, like, iPods. a campaign commercial"
The Miami Dolphins are the only NFL team in the entire nation that pays property taxes.,The Miami Dolphins are the only NFL team in the entire nation that pays property taxes. a county commission meeting
Says Texas legislators in 2011 increased state spending on education.,Says Texas legislators in 2011 increased state spending on education. her campaign website.
[Eighty-five percent] of the funds collected in each county will be redistributed elsewhere -- not spent in the county in which it is collected.,[Eighty-five percent] of the funds collected in each county will be redistributed elsewhere -- not spent in the county in which it is collected. an op-ed
Say the ratio of CEO pay to average worker pay in the U.S. is 475 to 1.,"Say the ratio of CEO pay to average worker pay in the U.S. is 475 to 1. postings on Facebook, blogs, and social-media sites"
"More than 100,000 women in Texas have attempted to self-induce abortion in the past year alone.","More than 100,000 women in Texas have attempted to self-induce abortion in the past year alone. a news conference"
The platform of the Republican Party says deport everybody and to hell with it.,The platform of the Republican Party says deport everybody and to hell with it. an interview with KERA News
14 percent of noncitizens are registered to vote.,"14 percent of noncitizens are registered to vote. a rally in Cleveland, Ohio"
Says Milwaukee County Executive Chris Abele is a billionaire.,Says Milwaukee County Executive Chris Abele is a billionaire. a press release
State employees will have to pay 100 percent of their pensions and health insurance after 2012.,State employees will have to pay 100 percent of their pensions and health insurance after 2012. a chain email apparently focused on Wisconsin corrections workers
"Says U.S. Rep. Sean Duffy is among seven Tea Party freshmen who spent an average of $15,000 on cars for themselves.","Says U.S. Rep. Sean Duffy is among seven Tea Party freshmen who spent an average of $15,000 on cars for themselves. a blog post"
On advancing state money for a Formula One race,On advancing state money for a Formula One race a statement
They talk about this problem with binding arbitration. It doesnt make a lot of sense to me to have somebody from Los Angeles fly into Zanesville and impose a wage settlement on you ... and then theyre on the plane back to Los Angeles.,They talk about this problem with binding arbitration. It doesnt make a lot of sense to me to have somebody from Los Angeles fly into Zanesville and impose a wage settlement on you ... and then theyre on the plane back to Los Angeles. a campaign speech
"In 1916, the U.S. government predicted that by the 1940s all paper would come from hemp and that no more trees would need to be cut down.","In 1916, the U.S. government predicted that by the 1940s all paper would come from hemp and that no more trees would need to be cut down. a graphic on the Internet"
On changing the rules for filibusters on presidential nominees,On changing the rules for filibusters on presidential nominees speeches
"Says Hillary Clinton wrote,I believe the primary role of the state is to teach, train and raise children. Parents have a secondary role.","Says Hillary Clinton wrote,I believe the primary role of the state is to teach, train and raise children. Parents have a secondary role. a tweet"
The Paul Ryan budget proposal would leave the country without Medicare.,The Paul Ryan budget proposal would leave the country without Medicare. an advertisement
A national organization says Georgia has one of Americas toughest ethics laws.,A national organization says Georgia has one of Americas toughest ethics laws. a newspaper article
Human activity is not causing these dramatic changes to our climate.,"Human activity is not causing these dramatic changes to our climate. an interview on ABC's ""This Week"""
"In three days last week, (Gov. Rick) Perry flew to five cities at taxpayers expense, holding press conferences, delivering $2,325,000 in checks.","In three days last week, (Gov. Rick) Perry flew to five cities at taxpayers expense, holding press conferences, delivering $2,325,000 in checks. a Facebook post"
Mary Landrieu voted to take away your gun rights.,Mary Landrieu voted to take away your gun rights. a campaign ad
Says President Barack Obama has an Environmental Protection Agency proposal that would raise the price of gasoline by 25 cents a gallon.,"Says President Barack Obama has an Environmental Protection Agency proposal that would raise the price of gasoline by 25 cents a gallon. an interview on ""Meet the Press"""
Appalachian Power Company is making record profits.,Appalachian Power Company is making record profits. in TV ads.
"According to The Book of Revelations the anti-christ ... will be a man, in his 40s, of MUSLIM descent ... is it OBAMA??","According to The Book of Revelations the anti-christ ... will be a man, in his 40s, of MUSLIM descent ... is it OBAMA?? a chain e-mail"
The Texas Constitution still contains Jim Crow provisions about the poll tax and restrictions on women having the right to vote.,The Texas Constitution still contains Jim Crow provisions about the poll tax and restrictions on women having the right to vote. an oped column.
Says President Bill Clinton did not sign NAFTA.,Says President Bill Clinton did not sign NAFTA. a viral video
"Health reform will ""give every American the same opportunity"" to buy health insurance the way members of Congress do.","Health reform will ""give every American the same opportunity"" to buy health insurance the way members of Congress do. a speech to Congress"
The Free Flow of Information Act of 2009 would guarantee Barack Obama will never be held accountable for producing forged birth documents.,The Free Flow of Information Act of 2009 would guarantee Barack Obama will never be held accountable for producing forged birth documents. an e-mail received by many people.
Wisconsin ranks 48th out of all 50 states in venture capital investment.,Wisconsin ranks 48th out of all 50 states in venture capital investment. a presentation
Common Core expects English teachers to spend at least half of their reading instructional time at every grade level on informational texts.,Common Core expects English teachers to spend at least half of their reading instructional time at every grade level on informational texts. during a public hearing
"If they made no changes whatsoever, the [state employees pension] plan still had enough money to go forward for approximately the next 16 years.","If they made no changes whatsoever, the [state employees pension] plan still had enough money to go forward for approximately the next 16 years. an appearance on 10 News Conference"
Says its an old wives story that Margaret Thatcher told George H.W. Bush not to go wobbly.,Says its an old wives story that Margaret Thatcher told George H.W. Bush not to go wobbly. an interview on Fox News
"Oil companies ""haven't touched"" 68 million acres where they already have rights to drill.","Oil companies ""haven't touched"" 68 million acres where they already have rights to drill. Lansing, MI"
"Phoenix, Arizona, Im told, is now the No. 2 kidnapping capital in the world, right behind Mexico City.","Phoenix, Arizona, Im told, is now the No. 2 kidnapping capital in the world, right behind Mexico City. a speech"
Congresswoman Kathy Castor voted to spend $2.6 million to teach prostitutes in China to drink responsibly.,Congresswoman Kathy Castor voted to spend $2.6 million to teach prostitutes in China to drink responsibly. a campaign mailer
"Says Ron Johnson is benefiting from several super PACs, I am not.","Says Ron Johnson is benefiting from several super PACs, I am not. a meeting with the Milwaukee Journal Sentinel editorial board."
I didnt raise taxes once.,I didnt raise taxes once. an interview on Super Bowl Sunday
"Says the health care law rations care, like systems in Canada and Great Britain.","Says the health care law rations care, like systems in Canada and Great Britain. an interview on Fox News"
"On Sandra Day O'Connor: ""I think one reason she was a good judge is she had no judicial experience"" before she joined the Supreme Court.","On Sandra Day O'Connor: ""I think one reason she was a good judge is she had no judicial experience"" before she joined the Supreme Court. a speech on the Senate floor"
Says PolitiFact says Amendment 4 will force counties and cities across Florida to raise taxes and fees.,Says PolitiFact says Amendment 4 will force counties and cities across Florida to raise taxes and fees. a newspaper ad.
Says U.S. Rep. Steve Southerland voted himself health care for life.,Says U.S. Rep. Steve Southerland voted himself health care for life. a campaign commercial
A proposed San Antonio ordinance will allow men into womens restrooms in the city.,A proposed San Antonio ordinance will allow men into womens restrooms in the city. an email blast
John Cornyn backed his pal David Dewhurst for the U.S. Senate over Ted Cruz.,John Cornyn backed his pal David Dewhurst for the U.S. Senate over Ted Cruz. a Stockman campaign web page
Says Scott Walker runs a state government that bans employees from talking about climate change.,Says Scott Walker runs a state government that bans employees from talking about climate change. a statement on a web page.
We could cut unemployment in half simply by reclaiming the jobs taken by illegal workers.,We could cut unemployment in half simply by reclaiming the jobs taken by illegal workers. a floor speech
"As a result of Obamacare, we are becoming something of a part-time employment country.","As a result of Obamacare, we are becoming something of a part-time employment country. an appearance on NBC's ""Meet the Press"""
"Oregon Rep. Tina Kotek, D-Portland, has never held a job nor run a business","Oregon Rep. Tina Kotek, D-Portland, has never held a job nor run a business a tweet by Post"
I finished the controversyabout wherePresident Barack Obama was born.,I finished the controversyabout wherePresident Barack Obama was born. in a speech
"There is no $30 million pot of money for redistricting issues, including defending redistricting lawsuits. Your tax dollars are not being spent on anything like that.","There is no $30 million pot of money for redistricting issues, including defending redistricting lawsuits. Your tax dollars are not being spent on anything like that. a redistricting meeting in Panama City"
We dont show people playing these games. We dont show them winning playing the video lottery games.,We dont show people playing these games. We dont show them winning playing the video lottery games. an interview on Oregon Public Broadcasting
"The states tax burden has, according to census figures released today, cost our state another 190,000 residents in 2009.","The states tax burden has, according to census figures released today, cost our state another 190,000 residents in 2009. a press release"
Far more children died last year drowning in their bathtubs than were killed accidentally by guns.,"Far more children died last year drowning in their bathtubs than were killed accidentally by guns. a broadcast of ""Fox and Friends Weekend."""
House Republicans required the use of Styrofoam cups in House cafeterias that are part of Koch Industries.,House Republicans required the use of Styrofoam cups in House cafeterias that are part of Koch Industries. a speech.
"ISIS is right now crucifying Christians in Iraq, literally nailing Christians to trees.","ISIS is right now crucifying Christians in Iraq, literally nailing Christians to trees. an interview with WFAA-TV"
On the importance of an independent voting record,On the importance of an independent voting record a speech in Boston
"Americas gun-related homicide rate would be about the same as Belgiums if you left out California, Illinois, D.C. and New Jersey, places with some of the strictest gun control laws in the U.S.","Americas gun-related homicide rate would be about the same as Belgiums if you left out California, Illinois, D.C. and New Jersey, places with some of the strictest gun control laws in the U.S. a Facebook post"
Former President George W. Bush and former Vice President Dick Cheney are unable to visit Europe due to outstanding warrants.,Former President George W. Bush and former Vice President Dick Cheney are unable to visit Europe due to outstanding warrants. a meme on social media
Says Texas retained the right to have a navy when it joined the United States.,Says Texas retained the right to have a navy when it joined the United States. an email
"Says Ted Cruz said: While there may have been an age difference, Josh Duggars transgressions are far less an affront to God than what gays do to each other.","Says Ted Cruz said: While there may have been an age difference, Josh Duggars transgressions are far less an affront to God than what gays do to each other. a meme on a Facebook page"
"The WIC program is an incredibly cost effective program, serving nearly 10 million Americans each year and costing less than $100 per person. In my district, more than 18 percent of residents suffer from food insecurity and depend on WIC to make ends meet.","The WIC program is an incredibly cost effective program, serving nearly 10 million Americans each year and costing less than $100 per person. In my district, more than 18 percent of residents suffer from food insecurity and depend on WIC to make ends meet. a speech on the floor of the House of Representatives"
Says Barack Obama counted on Sandy Adams to approve stimulus spending.,Says Barack Obama counted on Sandy Adams to approve stimulus spending. a mailer
"Documents released by Edward Snowden reveal that American, Britishand Israeli intelligence agencies worked together to create the Islamic State.","Documents released by Edward Snowden reveal that American, Britishand Israeli intelligence agencies worked together to create the Islamic State. stories"
ISIS is making millions of dollars a week selling Libyan oil.,ISIS is making millions of dollars a week selling Libyan oil. a foreign policy speech
"You and I know that in the history of mankind and womankind, government federal, state, local, or otherwise has never created one job.","You and I know that in the history of mankind and womankind, government federal, state, local, or otherwise has never created one job. a speech to House Republicans"
"Under my platform, I will make no changes to the current (Medicare) system for current retirees and anyone approaching retirement.","Under my platform, I will make no changes to the current (Medicare) system for current retirees and anyone approaching retirement. a debate"
"Over the last four years, the deficit has gone up, but 90 percent of that is as a consequence of President George W. Bushs policies and the recession.","Over the last four years, the deficit has gone up, but 90 percent of that is as a consequence of President George W. Bushs policies and the recession. an interview on CBS' ""60 Minutes"""
Pres. Obamas finance team is recommending a . . . 1% tax on all transactions at any financial institution.,Pres. Obamas finance team is recommending a . . . 1% tax on all transactions at any financial institution. a message via the Internet
Says a new national poll shows the majority of the American people believe we should have a gold standard for U.S. currency.,Says a new national poll shows the majority of the American people believe we should have a gold standard for U.S. currency. a speech after the Iowa caucuses
Even our nuclear arsenal doesnt work. It came out recently they have equipment that is 30 years old. They dont know if it worked.,Even our nuclear arsenal doesnt work. It came out recently they have equipment that is 30 years old. They dont know if it worked. his presidential announcement speech
"If you log into the governments Cash for Clunkers Web site (cars.gov) from your home computer, the government can seize all of your personal and private information, and track your computer activity.","If you log into the governments Cash for Clunkers Web site (cars.gov) from your home computer, the government can seize all of your personal and private information, and track your computer activity. the Glenn Beck show"
"In 2009, the state Legislature passed more than $5 billion in tax increases.","In 2009, the state Legislature passed more than $5 billion in tax increases. a campaign brochure distributed door to door"
Right now were the highest taxed country in the world.,Right now were the highest taxed country in the world. an ABC Republican debate in New Hampshire
"Says Harry Reid, when asked about the Republican field, said the Republican he likes the best is Donald Trump, and he said, because I can work with him. Hell cut deals.","Says Harry Reid, when asked about the Republican field, said the Republican he likes the best is Donald Trump, and he said, because I can work with him. Hell cut deals. an interview on ABC's ""This Week"""
"Economic inequality in Multnomah County has a face -- and a name. It has 90,000 faces and names -- the number of county residents who are still unemployed, or underemployed, in the wake of the 2008 Wall Street crash.","Economic inequality in Multnomah County has a face -- and a name. It has 90,000 faces and names -- the number of county residents who are still unemployed, or underemployed, in the wake of the 2008 Wall Street crash. a campaign website statement"
Obama Announces Plans For A Third Term Presidential Run,Obama Announces Plans For A Third Term Presidential Run a chain email
A hidden provision in the health care law taxes sporting goods as medical devices.,A hidden provision in the health care law taxes sporting goods as medical devices. an email
The Georgia Regional Transportation Authority concluded that light rail in Cobb County would more than double commute time and would therefore be unsuccessful in alleviating traffic congestion.,The Georgia Regional Transportation Authority concluded that light rail in Cobb County would more than double commute time and would therefore be unsuccessful in alleviating traffic congestion.
I have not said that I was a single-payer supporter.,I have not said that I was a single-payer supporter. a town hall meeting in New Hampshire
Says President Barack Obama built this $16 trillion debt.,Says President Barack Obama built this $16 trillion debt. an interview
The IRS is going to be in charge of our health care.,"The IRS is going to be in charge of our health care. an interview on Fox News' ""On the Record"" with Greta Van Susteren"
Says Obama is only president in history who has deliberately removed the words endowed by their Creator when referring to the Declaration of Independence.,Says Obama is only president in history who has deliberately removed the words endowed by their Creator when referring to the Declaration of Independence. a newspaper ad
Says Donald Trumps presidential victory was an electoral landslide.,Says Donald Trumps presidential victory was an electoral landslide. an interview
Says the University of Wisconsin football program is spending almost all of its Bowl Championship Series payout on a Rose Bowl junket for politically connected officials,Says the University of Wisconsin football program is spending almost all of its Bowl Championship Series payout on a Rose Bowl junket for politically connected officials a comment made during his radio show
"As the Democrats finally maxed out their government spending credit card Monday, Kurt Schrader continued to stand with his party leaders in failing to offer any viable long-term solution.","As the Democrats finally maxed out their government spending credit card Monday, Kurt Schrader continued to stand with his party leaders in failing to offer any viable long-term solution. a press release"
Says Marilinda Garcia supports $150 billion in new taxes.,Says Marilinda Garcia supports $150 billion in new taxes. a campaign mailer
"U.S. Reps. Hank Johnson, John Lewis and other members of the Congressional Progressive Caucus are socialists who are openly serving in the U.S. Congress.","U.S. Reps. Hank Johnson, John Lewis and other members of the Congressional Progressive Caucus are socialists who are openly serving in the U.S. Congress. a web post"
"Not only is there no scientific evidence that CO2 is a pollutant, higher CO2 concentrations actually help ecosystems support more plant and animal life.","Not only is there no scientific evidence that CO2 is a pollutant, higher CO2 concentrations actually help ecosystems support more plant and animal life. an ad in the Washington Post"
Says our taxes have doubled with Rick Perry in office.,"Says our taxes have doubled with Rick Perry in office. a Republican presidential debate in Tampa, Florida."
"For the new state budget, ""Floridians have sent us $3 billion less of their funding.""","For the new state budget, ""Floridians have sent us $3 billion less of their funding."" a House floor speech"
The Bush tax cuts created about 8 million jobs over the first 10 years that they were in existence. Weve lost about 5 million of those jobs during this recession.,"The Bush tax cuts created about 8 million jobs over the first 10 years that they were in existence. Weve lost about 5 million of those jobs during this recession. an interview on NBC's ""Today"" show"
They delayed my swearing-in here in Massachusetts for a couple weeks so they could ram (the health care law) through.,They delayed my swearing-in here in Massachusetts for a couple weeks so they could ram (the health care law) through. a Fox News interview
Rhode Island: 3% bigger at low tide.,Rhode Island: 3% bigger at low tide. an interview
"Honduras bans citizens from owning guns and has the highest homicide rate in the entire world. Switzerland, with a similar population, requires citizens to own guns and has the lowest homicide rate in the entire world.","Honduras bans citizens from owning guns and has the highest homicide rate in the entire world. Switzerland, with a similar population, requires citizens to own guns and has the lowest homicide rate in the entire world. a viral Internet post"
"Rubio's tax swap proposal ""would have been a massive tax increase.""","Rubio's tax swap proposal ""would have been a massive tax increase."" a FOX News Sunday debate."
"Says the mayors job is to make sure that if somebody is trying to build a set of water treatment plants to cure us from cryptosporidium we dont have, we dont say yes even if CH2M Hill wants us to.","Says the mayors job is to make sure that if somebody is trying to build a set of water treatment plants to cure us from cryptosporidium we dont have, we dont say yes even if CH2M Hill wants us to. a debate"
The leader of ISIS was imprisoned by American troops and ordered released to Iraq by Obama administration in 2009.,The leader of ISIS was imprisoned by American troops and ordered released to Iraq by Obama administration in 2009. a tweet
Del. Ben Chafin took money away from Southwest Virginia schools while votingto build a politicians palace.,Del. Ben Chafin took money away from Southwest Virginia schools while votingto build a politicians palace. a TV ad
"Under changes being debated, state employees in Wisconsin who earn $30,000, $40,000, $50,000 a year might have 20 percent of their income just disappear overnight.","Under changes being debated, state employees in Wisconsin who earn $30,000, $40,000, $50,000 a year might have 20 percent of their income just disappear overnight. a statement on his television talk show"
"If an Iranian woman shows too much hair in public, she risks being beaten or killed.","If an Iranian woman shows too much hair in public, she risks being beaten or killed. the New York Sun"
He has ushered in $3 billion in new investment.,He has ushered in $3 billion in new investment. a statement on Cicilline's website
Says Hillary Clinton wants to essentially abolish the Second Amendment.,Says Hillary Clinton wants to essentially abolish the Second Amendment. a speech at the Republican national convention
The Obama administration has even joined Islamist governments in sponsoring a U.N. resolution that would shred our First Amendment by threatening to make discussion of radical Islamism potentially illegal.,The Obama administration has even joined Islamist governments in sponsoring a U.N. resolution that would shred our First Amendment by threatening to make discussion of radical Islamism potentially illegal. a campaign email
Says I was the first governor in America to endorse Mitt Romney.,Says I was the first governor in America to endorse Mitt Romney. a press conference
"In the 80s, Democrats promised spending cuts, but delivered only tax hikes.","In the 80s, Democrats promised spending cuts, but delivered only tax hikes. a television campaign ad"
Im beating (Kelly Ayotte) in the polls by a lot.,Im beating (Kelly Ayotte) in the polls by a lot. an interview with the Washington Post
"If Cory Gardner gets his way, youd better stock up on condoms.","If Cory Gardner gets his way, youd better stock up on condoms. a television ad"
Says for the duration of this recession not a single person in government middle management has lost (a) job or taken a pay cut.,Says for the duration of this recession not a single person in government middle management has lost (a) job or taken a pay cut. a newsletter.
"The Baucus health care bill ""could be used to ban guns in home self-defense.""","The Baucus health care bill ""could be used to ban guns in home self-defense."" an alert to members"
"Gov. Scott Walker received a $7,300 pay raise.","Gov. Scott Walker received a $7,300 pay raise. a news release"
"The 48, 49 percent that supports President Barack Obama are people who pay no income tax.","The 48, 49 percent that supports President Barack Obama are people who pay no income tax. a surreptitiously recorded speech to donors at a fundraiser"
Accuses Ed FitzGerald of pay-to-play and corruption politics.,Accuses Ed FitzGerald of pay-to-play and corruption politics. a news release reacting to FitzGerald's run for governor
Says President Barack Obama is sending a much larger (force) to deal with Ebola than ISIS is getting.,"Says President Barack Obama is sending a much larger (force) to deal with Ebola than ISIS is getting. a broadcast of ""Fox News Sunday"""
U.S. Senate Majority Leader Harry Reid on whether Senate Democrats would seat Roland Burris.,U.S. Senate Majority Leader Harry Reid on whether Senate Democrats would seat Roland Burris. public statements.
Says New Jerseys tenure law has now been reformed to say that if teachers get two years of partially effective or ineffective ratings they lose tenure.,Says New Jerseys tenure law has now been reformed to say that if teachers get two years of partially effective or ineffective ratings they lose tenure. a speech at the Brookings Institution
"Says climate scientist James Hansen says we have until perhaps 50 years from now, or maybe a little longer and at that point, we are looking at 10, 20, 30 feet of sea-level rise.","Says climate scientist James Hansen says we have until perhaps 50 years from now, or maybe a little longer and at that point, we are looking at 10, 20, 30 feet of sea-level rise. a forum at Huston-Tillotson University"
"Everyone on Californias roads is properly licensed, tested and insured.","Everyone on Californias roads is properly licensed, tested and insured. a press release"
Says GOP U.S. Rep. Sean Duffy of Wisconsin voted twice to end Medicare.,Says GOP U.S. Rep. Sean Duffy of Wisconsin voted twice to end Medicare. a news release
More people are losing their insurance (due to Obamacare) than are becoming newly insured.,More people are losing their insurance (due to Obamacare) than are becoming newly insured. a blog post
"The immigration bill includes free Obamacars, motorcycles or scooters.","The immigration bill includes free Obamacars, motorcycles or scooters. a blog post on Breitbart"
My numbers are better right now than Ronald Reagans numbers were with Jimmy Carter.,"My numbers are better right now than Ronald Reagans numbers were with Jimmy Carter. a rally in Rome, N.Y."
"Under Obama's budget plan, families making over $250,000 are going to lose their mortgage deduction, their charitable deductions.","Under Obama's budget plan, families making over $250,000 are going to lose their mortgage deduction, their charitable deductions. a news conference."
I have always said that I would be for drilling.,I have always said that I would be for drilling. an event to promote the Keystone XL pipeline
"If you care about the environment, weve got record funding.","If you care about the environment, weve got record funding. a speech at his economic summit for presidential candidates"
"It was (Rob Portmans) job to stop Chinas illegal dumping of steel. He failed, looked the other way, did nothing.","It was (Rob Portmans) job to stop Chinas illegal dumping of steel. He failed, looked the other way, did nothing. campaign ad, ""Beltway Rob"""
Fox News said the New Black Panther Party decided the election for Barack Obama.,Fox News said the New Black Panther Party decided the election for Barack Obama. an interview on CBS' Late Show with David Letterman
Every major study that has been done by a legitimate group ...shows that there are hundreds of thousands of jobs to be created if you pass our (cap-and-trade) legislation. And if you wind up pricing carbon.,"Every major study that has been done by a legitimate group ...shows that there are hundreds of thousands of jobs to be created if you pass our (cap-and-trade) legislation. And if you wind up pricing carbon. ABC's ""This Week"""
The president is advocating a drone strike program in America.,The president is advocating a drone strike program in America. a tweet
He's promising four more years of an administration that will push for the privatization of Social Security...,"He's promising four more years of an administration that will push for the privatization of Social Security... Associated Press Annual Meeting, Washington D.C."
Says in the last five years Senate Republicans have placed a filibuster on every piece of legislation and every nominee.,Says in the last five years Senate Republicans have placed a filibuster on every piece of legislation and every nominee. an online article.
"Claims that former Sen. Tom Daschle said, ""Seniors should be more accepting of the conditions that come with age instead of treating them.""","Claims that former Sen. Tom Daschle said, ""Seniors should be more accepting of the conditions that come with age instead of treating them."" a chain e-mail."
"Thanks to #ObamaCare, average E.R. wait in California is 5 hours.","Thanks to #ObamaCare, average E.R. wait in California is 5 hours. a tweet"
Says Rep. Justin Amash votes more with the Democrats than with the Republicans.,Says Rep. Justin Amash votes more with the Democrats than with the Republicans. an article published by Politico
Says raising the state income tax rate on millionaires to offset property taxes for other residents is not a tax increase. Its a tax shift.,Says raising the state income tax rate on millionaires to offset property taxes for other residents is not a tax increase. Its a tax shift. an interview on 6abc’s “Inside Story”
"Californias Capitol building is second only to Disneyland, among visitor sites in the state.","Californias Capitol building is second only to Disneyland, among visitor sites in the state. remarks at a Capitol budget hearing"
SaysPresident Obama hijacked the farm bill (and) turned it into a food stamp bill.,SaysPresident Obama hijacked the farm bill (and) turned it into a food stamp bill. a campaign ad
There are over 200 documented cases where (Obama) has lied.,"There are over 200 documented cases where (Obama) has lied. a broadcast of ""Cashin' In"" on Fox News"
Says Barack Obama never worked in the private sector before he was elected president.,"Says Barack Obama never worked in the private sector before he was elected president. a debate at Dartmouth College in Hanover, N.H."
"Ive also offered a plan that can help (fix Social Security) thats supported by Robert Reich, secretary of labor previously, in a previous administration.","Ive also offered a plan that can help (fix Social Security) thats supported by Robert Reich, secretary of labor previously, in a previous administration. an ABC News U.S. Senate debate."
"Says Wisconsin Gov. Scott Walkers actions are directly responsible for killing at least 15,000 jobs.","Says Wisconsin Gov. Scott Walkers actions are directly responsible for killing at least 15,000 jobs. a news release"
The most recent survey of climate scientists said about 57 percent dont agree with the idea that 95 percent of the change in the climate is caused by CO2.,The most recent survey of climate scientists said about 57 percent dont agree with the idea that 95 percent of the change in the climate is caused by CO2. an interview with Bill Maher.
"While others place their hands over their hearts, Obama turns his back to the flag and slouches.","While others place their hands over their hearts, Obama turns his back to the flag and slouches. a chain e-mail sent to many people."
"Steve Poizner ""increased his department's budget nearly 14 percent.""","Steve Poizner ""increased his department's budget nearly 14 percent."" a campaign commerical"
"While Mayor Kenney personally doesnt support DROP, he cant fault highly qualified city employees for appropriately utilizing a benefit thats available to them.","While Mayor Kenney personally doesnt support DROP, he cant fault highly qualified city employees for appropriately utilizing a benefit thats available to them. To the media"
Says Wisconsin Gov. Scott Walker is denying Democrats the right to vote.,Says Wisconsin Gov. Scott Walker is denying Democrats the right to vote. an online ad
"When George Bush took office, President Clinton, a Democrat, and the Democratic Congress at the time had left an annual budget that was in surplus.","When George Bush took office, President Clinton, a Democrat, and the Democratic Congress at the time had left an annual budget that was in surplus. a Senate floor speech"
Says the new health care law delivers a $13 billion tax increase on families with special needs.,Says the new health care law delivers a $13 billion tax increase on families with special needs. a Twitter message
I am every year the No.1 pick of all of the law enforcement agencies within Texas.,"I am every year the No.1 pick of all of the law enforcement agencies within Texas. a telephone call to the Allen, Texas, police department."
We were told there would never be a case of Ebola in the United States.,"We were told there would never be a case of Ebola in the United States. comments on CNN's ""State of the Union"""
Our larger domestic threat is from racial supremacist groups.,"Our larger domestic threat is from racial supremacist groups. an interview on ABC News' ""This Week"""
Says in 2012 Obama won in every state that did not require a photo ID and lost in every state that did require a photo ID in order to vote.,Says in 2012 Obama won in every state that did not require a photo ID and lost in every state that did require a photo ID in order to vote. a posting on various websites
On support for the Export-Import Bank,On support for the Export-Import Bank On support for the Export-Import Bank
Says he didnt have an involvement withnutritional supplement company Mannatech.,"Says he didnt have an involvement withnutritional supplement company Mannatech. a Republican presidential debate in Boulder, Colo."
Gov. Bill Haslam is making our Economic Development department Sharia compliant by hiring a woman who specializes in Sharia compliance. Thats what her job is.,Gov. Bill Haslam is making our Economic Development department Sharia compliant by hiring a woman who specializes in Sharia compliance. Thats what her job is. in an interview with The Commercial Appeal.
We worked together to enact ... the largest tax cut in Florida history.,We worked together to enact ... the largest tax cut in Florida history. his State of the State address.
Bill Nelson actually voted in favor of higher taxes 272 times.,Bill Nelson actually voted in favor of higher taxes 272 times. a fundraising email
President Barack Obama said at the beginning of the negotiations that the basic approach was to dismantle Irans nuclear program in exchange for dismantling the sanctions.,"President Barack Obama said at the beginning of the negotiations that the basic approach was to dismantle Irans nuclear program in exchange for dismantling the sanctions. an interview on CNN's ""New Day"""
The United States has never stood by and seen innocent people slaughtered to the extent thats happening in Syria.,"The United States has never stood by and seen innocent people slaughtered to the extent thats happening in Syria. an interview on CNN's ""The Situation Room"""
"Obama ""suggested bombing Pakistan.""","Obama ""suggested bombing Pakistan."" a media availability in Columbus, Ohio."
Public employees receive something like 25 percent of the paychecks that are issued in Rhode Island.,Public employees receive something like 25 percent of the paychecks that are issued in Rhode Island. TV niterview
The Iran Deal will facilitate and accelerate the nation of Iran acquiring nuclear weapons.,The Iran Deal will facilitate and accelerate the nation of Iran acquiring nuclear weapons. a tweet
"As a Member of Congress, Chris Murphy was raking in $1 million in salary.","As a Member of Congress, Chris Murphy was raking in $1 million in salary. a campaign ad"
"The DNC hack showed you that the Clinton campaign was working to schedule (primary) debates against (Bernie) Sanders, and the Clinton campaign is continuing this ploy against Donald Trump.","The DNC hack showed you that the Clinton campaign was working to schedule (primary) debates against (Bernie) Sanders, and the Clinton campaign is continuing this ploy against Donald Trump. an interview on NBC's ""Meet the Press"""
"Bill McCollum ""served as a lobbyist whose clients enabled mortgages for illegal immigrants.""","Bill McCollum ""served as a lobbyist whose clients enabled mortgages for illegal immigrants."" a press release"
Says Gov. Scott Walker is cooking the books by releasing numbers he just dreamed up that show Wisconsin gained jobs in 2011.,Says Gov. Scott Walker is cooking the books by releasing numbers he just dreamed up that show Wisconsin gained jobs in 2011. an interview
"Under Gov. Scott Walkers public-school budgets, a student entering kindergarten will not enjoy the same state investment in his or her education as those that came before them until they are graduating from high school.","Under Gov. Scott Walkers public-school budgets, a student entering kindergarten will not enjoy the same state investment in his or her education as those that came before them until they are graduating from high school. a news release"
Ninety-four percent of small businesses will face higher taxes under the Democrats plan.,Ninety-four percent of small businesses will face higher taxes under the Democrats plan. a Townhall.com guest blog post
"In one county alone in Ohio, President Obama received 106,258 votes. But there were only 98,213 eligible voters.","In one county alone in Ohio, President Obama received 106,258 votes. But there were only 98,213 eligible voters. a petition on the White House website"
Says under the new health care law the patient-doctor relationship will be eliminated.,Says under the new health care law the patient-doctor relationship will be eliminated. a campaign e-mail
"We have ten different tax brackets and if youre making $9,000, youre already in the top tax bracket.","We have ten different tax brackets and if youre making $9,000, youre already in the top tax bracket. a gubernatorial debate"
"For the first time since 1990, American manufacturers are creating new jobs.","For the first time since 1990, American manufacturers are creating new jobs. a speech at Milwaukee's Master Lock plant"
"Household income in America has gone down for families an average of $4,000 in the last four years while it went up $5,000 under Mitt Romney when he was governor of Massachusetts","Household income in America has gone down for families an average of $4,000 in the last four years while it went up $5,000 under Mitt Romney when he was governor of Massachusetts a speech"
The Affordable Care Act is not the law of the land.,"The Affordable Care Act is not the law of the land. a meeting with the ""Palm Beach Post"" editorial board"
Chris Coons has Marxist beliefs.,Chris Coons has Marxist beliefs. a debate
Less than 10 percent of Obamas Cabinet appointees have any experience in the private sector.,Less than 10 percent of Obamas Cabinet appointees have any experience in the private sector. a statement on his show on Fox News Channel
Says that Sherrod Brown voted to cut Medicare by over $500 billion in order to fund government-run health care.,Says that Sherrod Brown voted to cut Medicare by over $500 billion in order to fund government-run health care. a news release
"Usually it's about $900 a month to get health coverage. (Florida's program has) reduced that, on average, to about $150 a month.","Usually it's about $900 a month to get health coverage. (Florida's program has) reduced that, on average, to about $150 a month. a Fox News interview"
On same-sex marriage,On same-sex marriage
Louisiana Sen. Mary Landrieu received almost $1.8 million from BP over the last decade.,Louisiana Sen. Mary Landrieu received almost $1.8 million from BP over the last decade. a broadcast of the Ed Show
"Says state Sen. Morgan Carrolls votes made it easier to sue doctors, small businesses, even nurses. Putting her own shady interests first.","Says state Sen. Morgan Carrolls votes made it easier to sue doctors, small businesses, even nurses. Putting her own shady interests first. a TV ad"
Says the vaccine to prevent HPV can cause mental retardation.,Says the vaccine to prevent HPV can cause mental retardation. several media interviews
Barack Obama opposed a bill that would have saved Gianna Jessen's life.,Barack Obama opposed a bill that would have saved Gianna Jessen's life. a television ad
Says Joe Straus was co-author of a bill that would have allowed Planned Parenthood to control public school sex education.,Says Joe Straus was co-author of a bill that would have allowed Planned Parenthood to control public school sex education. a newsletter
I dont think the argument can be credibly made that the United States of America is undertaxed compared to our competitors.,"I dont think the argument can be credibly made that the United States of America is undertaxed compared to our competitors. a breakfast with journalists in Washington, D.C."
Weve got close to 7 million Americans who have access to health care for the first time because of Medicaid expansion.,Weve got close to 7 million Americans who have access to health care for the first time because of Medicaid expansion. a speech to Democratic governors
Hate speech is excluded from protection under the First Amendment.,Hate speech is excluded from protection under the First Amendment. a Tweet
The top 1 percent of income-earners pay about 40 percent of all taxes into the federal government.,"The top 1 percent of income-earners pay about 40 percent of all taxes into the federal government. an interview on NBC's ""Today"" show"
"Obama spent $7 billion to bring electricity to Africa, failed miserably.","Obama spent $7 billion to bring electricity to Africa, failed miserably. an article on the Frontpage website"
More people were killed in the United States last year by tainted food than U.S. troops killed in Iraq and Afghanistan since the wars began.,More people were killed in the United States last year by tainted food than U.S. troops killed in Iraq and Afghanistan since the wars began. an e-mail blast.
You must list all your guns on your 2010 tax return.,You must list all your guns on your 2010 tax return. an e-mail circulated to many people.
"There is a provision in the economic stimulus plan that means that ""students cannot meet together in their dorms, if that dorm has been repaired with this federal money, and have a prayer group or a Bible study.""","There is a provision in the economic stimulus plan that means that ""students cannot meet together in their dorms, if that dorm has been repaired with this federal money, and have a prayer group or a Bible study."" a speech on the Senate floor."
"An audit of the last census found that over 370,000 people living in Texas were not counted, and our state lost an estimated $1 billion in federal funds as a result.","An audit of the last census found that over 370,000 people living in Texas were not counted, and our state lost an estimated $1 billion in federal funds as a result. an e-mail blast"
Says city leadership is threatening to lay off police and emergency services personnel to balance the budget.,Says city leadership is threatening to lay off police and emergency services personnel to balance the budget. a commercial.
"Says MarkKirk called for the mass arrest of 18,000 African Americans andwas apparently fine with Trumps #StillTooRacist call for mass deportation.","Says MarkKirk called for the mass arrest of 18,000 African Americans andwas apparently fine with Trumps #StillTooRacist call for mass deportation. a tweet"
George Allencast the deciding votefor the 2003Bushtax cuts.,George Allencast the deciding votefor the 2003Bushtax cuts. a debate.
"German citizens were disarmed by their government in the late 1930s, which allowed the Nazis to carry out their evil intentions with relatively little resistance.","German citizens were disarmed by their government in the late 1930s, which allowed the Nazis to carry out their evil intentions with relatively little resistance. his book ""A More Perfect Union"""
"McCain's energy plan is a ""single-answer proposition"" new domestic oil drilling.","McCain's energy plan is a ""single-answer proposition"" new domestic oil drilling."
"Before this (federal health care) law was enacted, Florida parents ...were able to purchase inexpensive child-only coverage for their children. The laws consumer protections have now eliminated that choice in Florida.","Before this (federal health care) law was enacted, Florida parents ...were able to purchase inexpensive child-only coverage for their children. The laws consumer protections have now eliminated that choice in Florida. an opinion article published in the 'Tampa Tribune'"
This Congressadjourned earliest of any time in congressional history before an election.,"This Congressadjourned earliest of any time in congressional history before an election. comments on ABC's ""This Week"""
Forty-six cents of every dollar Ohio could get for Medicaid expansion is going to come from China or some other country that doesnt like us very much.,Forty-six cents of every dollar Ohio could get for Medicaid expansion is going to come from China or some other country that doesnt like us very much. a statement during a state House Finance and Appropriations Committee hearing
Congressman Nye voted against a bill which would have defunded the $5-10 billion the IRS needed toimplement health care legislation.,Congressman Nye voted against a bill which would have defunded the $5-10 billion the IRS needed toimplement health care legislation. a statment on his website
The cap-and-trade bill before Congress prevents you from selling your home without the permission of the EPA administrator.,The cap-and-trade bill before Congress prevents you from selling your home without the permission of the EPA administrator. e-mail and blog postings
On the Trans-Pacific Partnership.,On the Trans-Pacific Partnership. an op-ed in the Pittsburgh Post-Gazette.
"Obama's Ten Point Plan to 'Change' The Second Amendment.Ban the manufacture, sale and possession of handguns.","Obama's Ten Point Plan to 'Change' The Second Amendment.Ban the manufacture, sale and possession of handguns. a direct mail piece"
Says Bernie Sanders opposes requiring all children to have a K-12 education.,Says Bernie Sanders opposes requiring all children to have a K-12 education. a shareable graphic on the Web
"As Alaskas attorney general, (U.S. Senate candidate Dan) Sullivan successfully fought to protect our Second Amendment rights and passed stand your ground.","As Alaskas attorney general, (U.S. Senate candidate Dan) Sullivan successfully fought to protect our Second Amendment rights and passed stand your ground. a radio ad"
"Says his political opponents brought 100,000 protesters into our state.","Says his political opponents brought 100,000 protesters into our state. an interview"
"Texas #2 in nation for new gun purchases, behind California.","Texas #2 in nation for new gun purchases, behind California. a tweet"
The president gave the (auto) companies to the UAW.,The president gave the (auto) companies to the UAW. a primary debate in Arizona
"In the 1970s, the swine flu broke out . . . under another Democrat, President Jimmy Carter.","In the 1970s, the swine flu broke out . . . under another Democrat, President Jimmy Carter. an interview with Pajamas Media."
"Under the health care law, everybody will have lower rates, better quality care and better access.","Under the health care law, everybody will have lower rates, better quality care and better access. on 'Meet the Press'"
Trumps Health Secretary Pick Wants a Medicare Phaseout by Summer 2017.,Trumps Health Secretary Pick Wants a Medicare Phaseout by Summer 2017. an article
Health insurance companies deny 1 out of 5 treatments prescribed by doctors.,Health insurance companies deny 1 out of 5 treatments prescribed by doctors. a television advertisement
Polls on legalizing same-sex marriage are not dramatically changing.,Polls on legalizing same-sex marriage are not dramatically changing. a radio interview
"The McCain campaign ""did not elaborate"" on Obama's ties to ACORN.","The McCain campaign ""did not elaborate"" on Obama's ties to ACORN. her book, 'Going Rogue'"
"In the House health care bill, ""Something like 2 percent of the people would [be] eligible even to get the public option.""","In the House health care bill, ""Something like 2 percent of the people would [be] eligible even to get the public option."" MSNBC's 'Morning Meeting With Dylan Ratigan'"
Senator McCain would pay for part of his (health care) plan by making drastic cuts in Medicare $882-billion worth.,"Senator McCain would pay for part of his (health care) plan by making drastic cuts in Medicare $882-billion worth. a speech in Roanoke, Va."
Says Oregons political tax credit is something every state should have and no other state does.,Says Oregons political tax credit is something every state should have and no other state does. an Internet radio interview
President Barack Obamas policies have resulted in gas prices being reduced from $3.07 per gallon when he was sworn in in 2009 to $2.30 today.,President Barack Obamas policies have resulted in gas prices being reduced from $3.07 per gallon when he was sworn in in 2009 to $2.30 today. a news release.
"When (Marcy) Kaptur fought for the Democrats prescription drug benefit for seniors, (Dennis) Kucinich voted no.","When (Marcy) Kaptur fought for the Democrats prescription drug benefit for seniors, (Dennis) Kucinich voted no. a campaign commercial"
I released the most extensive financial review of anybody in the history of politics. You dont learn much in a tax return.,I released the most extensive financial review of anybody in the history of politics. You dont learn much in a tax return. an interview with ABC News
Wisconsins effective unemployment rate is 20 percent.,Wisconsins effective unemployment rate is 20 percent. a speech
Congresswoman Ros-Lehtinen has long record of voting against VA backlog fixes.,Congresswoman Ros-Lehtinen has long record of voting against VA backlog fixes. a press release
Among his (Obama's) pet projects is a bill ... which would commit the U.S. to spending 0.7 percent of gross national product on foreign aid.,Among his (Obama's) pet projects is a bill ... which would commit the U.S. to spending 0.7 percent of gross national product on foreign aid. an e-mail message
"Says that under President Obama, theres been a substantial increase in federal government jobs.","Says that under President Obama, theres been a substantial increase in federal government jobs. a conference call with reporters"
I am the only candidate for lieutenant governor to oppose in-state tuition for illegal immigrants.,"I am the only candidate for lieutenant governor to oppose in-state tuition for illegal immigrants. a video advertisement, ""Fight"""
The Ukraine Orange Revolution in 2004 was the first color revolution.,"The Ukraine Orange Revolution in 2004 was the first color revolution. comments on ABC's ""This Week"""
"McCollum admitted he didn't think that the subprime mortgage crisis was a big deal, telling reporters he thought that the subprime collapse had been exaggerated by the media and investors and that 'it's not the end of the world.'","McCollum admitted he didn't think that the subprime mortgage crisis was a big deal, telling reporters he thought that the subprime collapse had been exaggerated by the media and investors and that 'it's not the end of the world.' a press release."
The health bill's plan for comparative effectiveness research would be used by the government to ration care.,The health bill's plan for comparative effectiveness research would be used by the government to ration care. a press release
"New carbon regulations will increase electric bills by $17 billion every year and potentially put an average of 224,000 more people out of work every year.","New carbon regulations will increase electric bills by $17 billion every year and potentially put an average of 224,000 more people out of work every year. a post on his website"
Qataris dont really work.,Qataris dont really work. an interview on MSNBC
"New tax increases that went into effect on Jan.1, 2015, all passed under the Affordable Care Act, aka Obamacare.","New tax increases that went into effect on Jan.1, 2015, all passed under the Affordable Care Act, aka Obamacare. a chain email"
"Just on the issue of immigration alone, it is next to impossible to find a policy difference between (Donald) Trump and Congressman (Joe) Heck.","Just on the issue of immigration alone, it is next to impossible to find a policy difference between (Donald) Trump and Congressman (Joe) Heck. a news release"
Says property insurance rates are going up because Rick Scott signed a bill preventing the state from regulating insurance.,Says property insurance rates are going up because Rick Scott signed a bill preventing the state from regulating insurance. a gubernatorial debate in Jacksonville
Austin is effectively imposing a ban on barbecue restaurants.,Austin is effectively imposing a ban on barbecue restaurants. an episode of The Rush Limbaugh Show
Ron Klein sponsored an amendment that specifically allows price gouging.,Ron Klein sponsored an amendment that specifically allows price gouging. a website
China owns more of our bonds than do Americans.,China owns more of our bonds than do Americans. a TV interview.
"Under the new health care law, the first person (a) patient has to go to is a bureaucrat. That is called a panel.","Under the new health care law, the first person (a) patient has to go to is a bureaucrat. That is called a panel. a debate"
Wisconsin wages are declining at double the rate of other states.,Wisconsin wages are declining at double the rate of other states. a jobs proposal
I'm pro-life. He's not.,I'm pro-life. He's not.
The founders of New Hampshire came up with the motto Live Free or Die.,"The founders of New Hampshire came up with the motto Live Free or Die. a town hall meeting in Milford, NH"
"Says she couldn't take stimulus money because it required ""universal building codes.""","Says she couldn't take stimulus money because it required ""universal building codes."" her book, Going Rogue"
The Iran deal trusts the Iranians to inspect themselves.,The Iran deal trusts the Iranians to inspect themselves. a speech to the Greater Houston Partnership
Were the only nation in the world that does not use the military to secure our border.,Were the only nation in the world that does not use the military to secure our border. as quoted in a Midland Reporter-Telegram news story
"While states used to have regulatory power over fishing, federal law now regulates down to the tenth of the inch the minimum size of fish that anglers can keep.","While states used to have regulatory power over fishing, federal law now regulates down to the tenth of the inch the minimum size of fish that anglers can keep. a 90-page manifesto decrying federal overreach"
"In most Muslim countries, We cant have a church. Were not able to build synagogues. Its forbidden.","In most Muslim countries, We cant have a church. Were not able to build synagogues. Its forbidden. ABC's ""This Week"""
Says award-winning Milwaukee Public Schools teacher Megan Sampson was laid off because Gov. Scott Walker cut state aid to education.,Says award-winning Milwaukee Public Schools teacher Megan Sampson was laid off because Gov. Scott Walker cut state aid to education. a column
"Says President Barack Obama said when we got bin Laden, terrorism problem solved.","Says President Barack Obama said when we got bin Laden, terrorism problem solved. an interview on ABC's ""This Week"""
President Obamas refusal to grant permits for offshore drilling is one reason gasoline prices are soaring.,President Obamas refusal to grant permits for offshore drilling is one reason gasoline prices are soaring. a robocall
On whether Barack Obama was born in the United States.,On whether Barack Obama was born in the United States. comments at a speech
"In Japan, permanent residency is not given to Muslims, the propagation of Islam is banned, one cannot import a Koran published in the Arabic language, and Muslims cannot even rent a house.","In Japan, permanent residency is not given to Muslims, the propagation of Islam is banned, one cannot import a Koran published in the Arabic language, and Muslims cannot even rent a house. posts on the Internet"
"You are three times more likely to be able to get a mortgage if youre a white applicant than if youre black or Hispanic, even if you have the same credentials.","You are three times more likely to be able to get a mortgage if youre a white applicant than if youre black or Hispanic, even if you have the same credentials. an MSNBC-Telemundo town hall"
Almost 95 percent of all (Planned Parenthood) pregnancy services were abortions.,Almost 95 percent of all (Planned Parenthood) pregnancy services were abortions. an interview with Mike Huckabee
There was no panhandling when I left office.,There was no panhandling when I left office. a radio interview on WFLA-AM 970
"During the 2005 fight over Social Security, there were noisy demonstrations but they were outside the events, and opponents were not disruptive crowds booed lines they didnt like, but that was about it.","During the 2005 fight over Social Security, there were noisy demonstrations but they were outside the events, and opponents were not disruptive crowds booed lines they didnt like, but that was about it. a blog posting."
"Georgia Secretary of State Brian Kemp is a ""career politician.""","Georgia Secretary of State Brian Kemp is a ""career politician."" a campaign flier"
Expanding Medicaid will worsen health care options for the most vulnerable among us in Texas.,"Expanding Medicaid will worsen health care options for the most vulnerable among us in Texas. remarks in Austin, Texas"
We have unemployment that rivals the Great Depression.,"We have unemployment that rivals the Great Depression. an interview on NBC's ""Meet the Press"""
"Sen. McCain would occupy Iraq indefinitely, against their wishes.","Sen. McCain would occupy Iraq indefinitely, against their wishes. a TV ad"
President Obamas health care law represents a government takeover of health care.,"President Obamas health care law represents a government takeover of health care. a speech in Ann Arbor, Mich."
Says Texas economy is about 30 percent larger than Australias.,Says Texas economy is about 30 percent larger than Australias. a New York Times news story
"Ninety percent of the people who work in this country work for companies under 100 people, maybe even less than that.","Ninety percent of the people who work in this country work for companies under 100 people, maybe even less than that. a video posted on YouTube"
"The Obama administrations cap-and-trade plan would create a $1,761 yearly energy tax.","The Obama administrations cap-and-trade plan would create a $1,761 yearly energy tax. a press release"
"Says Hillary Clintons plan would bring in 620,000 refugees in her first term, alone, with no effective way to screen or vet them. Her plan would cost $400 billion in terms of lifetime welfare and entitlement costs.","Says Hillary Clintons plan would bring in 620,000 refugees in her first term, alone, with no effective way to screen or vet them. Her plan would cost $400 billion in terms of lifetime welfare and entitlement costs. a speech in North Carolina"
Rhode Island is leading our nation in foreclosures.,Rhode Island is leading our nation in foreclosures. a speech during a rally on homelessness
President Obamas health-care law will add trillions of dollars in debt.,President Obamas health-care law will add trillions of dollars in debt. a fundraising letter
About 47 percent of able-bodied people in the state of Maine dont work.,"About 47 percent of able-bodied people in the state of Maine dont work. a speech in Falmouth, Maine"
"My ""border security efforts have led to a 60 percent decrease in border crime.""","My ""border security efforts have led to a 60 percent decrease in border crime."" a Web post"
"Says when I voted against [an increase in the minimum wage], it was in the 80s.","Says when I voted against [an increase in the minimum wage], it was in the 80s. a debate on New Jersey 101.5-FM"
Says that Rep. Betty Sutton would rather riot with Occupy (Wall Street) than stand up for Ohio families.,Says that Rep. Betty Sutton would rather riot with Occupy (Wall Street) than stand up for Ohio families. an email statement
Says her representation of an ex-boyfriend who was then my friend in a family law case is something that lawyers do on a regular basis.,Says her representation of an ex-boyfriend who was then my friend in a family law case is something that lawyers do on a regular basis. a radio interview
You cant pass a budget in the Senate of the United States without 60 votes.,"You cant pass a budget in the Senate of the United States without 60 votes. an interview on CNN's ""State of the Union with Candy Crowley"""
"In 2010, everybody said you cant dare let guns go into the national parks, and of course the rapes, murders, robberies and assaults are down about 85 percent since we did that.","In 2010, everybody said you cant dare let guns go into the national parks, and of course the rapes, murders, robberies and assaults are down about 85 percent since we did that. an interview with MSNBC's ""Morning Joe"""
"Barack Obama said ""he's going to attack Pakistan and embrace (Iranian President Mahmoud) Ahmadinejad.""","Barack Obama said ""he's going to attack Pakistan and embrace (Iranian President Mahmoud) Ahmadinejad."" Camp David"
Says Gerald Daugherty is endorsed by the Austin American-Statesman.,Says Gerald Daugherty is endorsed by the Austin American-Statesman. a mailer spotted by an Austin voter
"Under Cuccinellis tax cut plan, school divisions across Virginia could be forced to fire over 8,000 teachers.","Under Cuccinellis tax cut plan, school divisions across Virginia could be forced to fire over 8,000 teachers. website posting."
Protesters caused $7.5 million in damage to the Wisconsin State House,Protesters caused $7.5 million in damage to the Wisconsin State House in a fundraising email
The insurance industry is actually run by mostly Democrats.,"The insurance industry is actually run by mostly Democrats. comments on Fox News Channel's ""The Five."""
"Says as we sit right now, Medicare, if we do nothing, will be gone in eight years, if we do nothing to it.","Says as we sit right now, Medicare, if we do nothing, will be gone in eight years, if we do nothing to it. an interview on NJTV’s “On the Record”"
We now have more jobs in solar than we do in oil.,We now have more jobs in solar than we do in oil. an editorial board interview with the Concord Monitor
Rick Perry is taking money away from hurricane victims and diverting it to remodel the Governors Mansion.,Rick Perry is taking money away from hurricane victims and diverting it to remodel the Governors Mansion. a TV ad.
On George Allens U.S. senate candidacy.,On George Allens U.S. senate candidacy. TV and newspaper interviews.
Justin Amash is rated Michigans No. 1 conservative by National Right to Life.,Justin Amash is rated Michigans No. 1 conservative by National Right to Life. a campaign ad
"Says Marcy Kaptur has attacked his military service and training in the Air Force, showing disrespect for veterans.","Says Marcy Kaptur has attacked his military service and training in the Air Force, showing disrespect for veterans. a news release"
"The city building code violations on my properties only involve exterior issues; within the households, its fine.","The city building code violations on my properties only involve exterior issues; within the households, its fine. a statement at a candidate forum"
"People can use food stamps for anything, including to go to Hawaii, and even millionaires can qualify.","People can use food stamps for anything, including to go to Hawaii, and even millionaires can qualify. a speech in Council Bluffs, Iowa"
Nine hundred people have been fired since I became secretary (of Veterans Affairs). Weve got 60 people that we fired who have manipulated wait times.,Nine hundred people have been fired since I became secretary (of Veterans Affairs). Weve got 60 people that we fired who have manipulated wait times. an appearance on NBC's 'Meet the Press'
President Obamashealth care law is a government takeover of healthcare.,President Obamashealth care law is a government takeover of healthcare. a speech.
"Sen. Obama wants to ""enact the single largest tax increase since the Second World War.""","Sen. Obama wants to ""enact the single largest tax increase since the Second World War."" Washington, D.C."
Both McCain and Bush favor tax breaks for oil companies.,Both McCain and Bush favor tax breaks for oil companies. a television ad
1 percent of candidates that (the National Rifle Association) endorsed in 2012 won.,"1 percent of candidates that (the National Rifle Association) endorsed in 2012 won. a discussion on CNN's ""Crossfire"""
Says Donald Trumps polling numbers show that hes the highest with Hispanics that any Republican has ever been.,Says Donald Trumps polling numbers show that hes the highest with Hispanics that any Republican has ever been. an interview on CNN
"The University of Wisconsin-Milwaukee has 2.8 students per faculty member, tied for second-lowest in its history since 1994.","The University of Wisconsin-Milwaukee has 2.8 students per faculty member, tied for second-lowest in its history since 1994. a news release"
On charging a toll for motorists to use Ga. 400 after it was slated to expire,On charging a toll for motorists to use Ga. 400 after it was slated to expire a vote
A $10 million fire fee proposal in St. Petersburg was inspired by Gov. Rick Scott.,A $10 million fire fee proposal in St. Petersburg was inspired by Gov. Rick Scott. a flier
Bruce Starr was the only senator to vote for stronger ethics laws and greater accountability.,Bruce Starr was the only senator to vote for stronger ethics laws and greater accountability. a television ad
"Says that as Providences mayor, David Cicilline said the city had a world-class school system. Not only did Providence not have a world-class school system but as measured, was amongst the last school system in the entire country.","Says that as Providences mayor, David Cicilline said the city had a world-class school system. Not only did Providence not have a world-class school system but as measured, was amongst the last school system in the entire country. a TV debate"
The word progressive...was created as a substitute forcommunist.,"The word progressive...was created as a substitute forcommunist. an interview with ""Cigar Aficianado"""
"When Standard Poors dropped our credit rating, what they said is, we dont have an ability to repay our debt. ... I was proved right in my position that the debt ceiling should not have been raised.","When Standard Poors dropped our credit rating, what they said is, we dont have an ability to repay our debt. ... I was proved right in my position that the debt ceiling should not have been raised. a debate in Ames, Iowa"
President Barack Obama has doubled the size of government since he took office.,President Barack Obama has doubled the size of government since he took office. a congressional Web page
The Chinese are there in Syria.,The Chinese are there in Syria. the fourth GOP debate.
"Says Bobby Jindals parents used his birthright citizenship to become Americans, making him an anchor baby.","Says Bobby Jindals parents used his birthright citizenship to become Americans, making him an anchor baby. a Facebook post"
"Under Obamacare, Virginia taxpayers would have been forced to pay for abortions if the General Assembly had not recently intervened.","Under Obamacare, Virginia taxpayers would have been forced to pay for abortions if the General Assembly had not recently intervened. a statement."
Says Patrick Murphy is the only candidate to have voted against every measure to fund Zika.,Says Patrick Murphy is the only candidate to have voted against every measure to fund Zika. a statement by a spokeswoman
"Were the seventh highest taxed state in America. And thats not just state, its local as well.","Were the seventh highest taxed state in America. And thats not just state, its local as well. a public appearance"
Says stimulus money went to buy electric cars from Finland as a payback to Obama supporters.,Says stimulus money went to buy electric cars from Finland as a payback to Obama supporters. a campaign commercial
Allen West called Social Security a Ponzi scheme and said this countrys got to get on sound footing by destroying it.,Allen West called Social Security a Ponzi scheme and said this countrys got to get on sound footing by destroying it. a campaign ad
On eliminating the influence of money in policy campaigns,On eliminating the influence of money in policy campaigns
Homicides against blacks have tripled since Floridas stand your ground law has been in existence.,Homicides against blacks have tripled since Floridas stand your ground law has been in existence. an interview on CNN
"The downsizing of Pinellas County government resulted in about 1,200 people being laid off in a 12 percent unemployment market. I can tell you that every one of them was hired from the time that Ms. Latvala went into office in 2000.","The downsizing of Pinellas County government resulted in about 1,200 people being laid off in a 12 percent unemployment market. I can tell you that every one of them was hired from the time that Ms. Latvala went into office in 2000. a candidates forum in Dunedin"
The ACLU has filed a suit to have all military cross-shaped headstones removed.,The ACLU has filed a suit to have all military cross-shaped headstones removed. an e-mail received by many people.
"Says Ohio Gov. John Kasich got lucky with a thing called fracking, which is why Ohio is doing well.","Says Ohio Gov. John Kasich got lucky with a thing called fracking, which is why Ohio is doing well. comments during the CNBC debate."
"Says 7,000 millionaires gamed the system to pay no income taxes.","Says 7,000 millionaires gamed the system to pay no income taxes. a campaign email"
Says Barack Obama grew up in Kenya.,Says Barack Obama grew up in Kenya. an interview on a radio show
Says Steve Jobs was responsible for creating more jobs than the stimulus bill.,Says Steve Jobs was responsible for creating more jobs than the stimulus bill. a Republican response to the State of the Union address
Says that you cant destroy the guns purchased in a (gun) buyback program as the city (of Memphis) wants to do.,Says that you cant destroy the guns purchased in a (gun) buyback program as the city (of Memphis) wants to do. a post on his blog.
Says Patrick Murphy hasnt passed a single bill out of committee.,Says Patrick Murphy hasnt passed a single bill out of committee. a press release
No fracking waste is being dumped in New York State,No fracking waste is being dumped in New York State a response at a legislative hearing on water quality and contamination
Says Mitt Romney plans to fire Big Bird.,"Says Mitt Romney plans to fire Big Bird. a campaign event outside Speaker John Boehner press conference in Derry, NH"
"Without representation, (the IRS) can increase taxes.","Without representation, (the IRS) can increase taxes. a political ad"
"So many people were critical of Secretary (John) Kerry going to Paris and talking with Hamas, because Kerry was seen as supporting Hamas to the exclusion of the Arab League.","So many people were critical of Secretary (John) Kerry going to Paris and talking with Hamas, because Kerry was seen as supporting Hamas to the exclusion of the Arab League. comments on ABC's ""This Week"""
Its been 4 and a half years since the United States Senate passed a budget.,Its been 4 and a half years since the United States Senate passed a budget. a TV interview.
"The Republicans' alternative health care plan ""will still let insurers raise premiums four times faster than wages.""","The Republicans' alternative health care plan ""will still let insurers raise premiums four times faster than wages."" a TV ad"
A transcript released by Occidental College proves that Barack Obama was an Indonesian citizen.,A transcript released by Occidental College proves that Barack Obama was an Indonesian citizen. a chain e-mail
The path to ObamaCare becoming law all started with Charlie Crist supporting President Obama's $787 billion stimulus.,The path to ObamaCare becoming law all started with Charlie Crist supporting President Obama's $787 billion stimulus. in a fundraising E-mail.
"Says when he was governor, Wisconsin cut unemployment to 2.1 percent and the states unemployment rate was the lowest in the country for 40 consecutive months.","Says when he was governor, Wisconsin cut unemployment to 2.1 percent and the states unemployment rate was the lowest in the country for 40 consecutive months. a speech"
Says Josh Mandel bet against Ohio families,Says Josh Mandel bet against Ohio families an online ad
Says U.S. Rep. Paul Ryan promised to end health care for our seniors.,Says U.S. Rep. Paul Ryan promised to end health care for our seniors. an online chat
"13,000 Floridians are able to vote -- but their governor wont tell them.","13,000 Floridians are able to vote -- but their governor wont tell them. an email to subscribers"
Democrats do not have a plan for extending the Bush tax cuts.,Democrats do not have a plan for extending the Bush tax cuts. a note on Facebook.
"McDonalds hamburgers are only 15 percent real beef. The other 85 percent is meat filler cleansed with ammonia, which causes stomach and intestinal cancer.","McDonalds hamburgers are only 15 percent real beef. The other 85 percent is meat filler cleansed with ammonia, which causes stomach and intestinal cancer. a Facebook meme"
"The Obama White House is renaming Christmas trees ""holiday trees.""","The Obama White House is renaming Christmas trees ""holiday trees."" a chain e-mail"
A Paul Ryan-Scott Walker (or Scott Walker-Paul Ryan) ticket for the White House in 2016 would be unconstitutional because both men live in Wisconsin.,A Paul Ryan-Scott Walker (or Scott Walker-Paul Ryan) ticket for the White House in 2016 would be unconstitutional because both men live in Wisconsin. website comments
One out of every three students currently today is ready for college before they go there.,One out of every three students currently today is ready for college before they go there. at Suncoast Tiger Bay luncheon
"In just one month, the Democrats have spent more than President Bush spent in seven years on the war in Iraq, the war in Afghanistan and Hurricane Katrina combined.","In just one month, the Democrats have spent more than President Bush spent in seven years on the war in Iraq, the war in Afghanistan and Hurricane Katrina combined. a speech at the Conservative Political Action Conference"
Not a single segment of the proposed Beltline intersects the MARTA system at MARTA stations.,Not a single segment of the proposed Beltline intersects the MARTA system at MARTA stations. an op-ed
"Says the Patient Protection and Affordable Care Act adopted last year contains a series of slush funds, set up to stay on the books automatically, with little or no oversight.","Says the Patient Protection and Affordable Care Act adopted last year contains a series of slush funds, set up to stay on the books automatically, with little or no oversight. video"
"We have 93 million people out of work. They look for jobs, they give up, and all of a sudden, statistically, theyre considered employed.","We have 93 million people out of work. They look for jobs, they give up, and all of a sudden, statistically, theyre considered employed. an interview with Sarah Palin"
Says Romney supported a law that could have made most common forms of birth control illegal.,Says Romney supported a law that could have made most common forms of birth control illegal. a mailer to voters
The most significant driver of out-migration [from Rhode Island] is the estate tax.,The most significant driver of out-migration [from Rhode Island] is the estate tax. a report
Scott Walkers school-aid cuts were so devastating that students are without chairs and a government survey found 47 kids in a classroom.,Scott Walkers school-aid cuts were so devastating that students are without chairs and a government survey found 47 kids in a classroom. a television ad
Says Attorney General Eric Holder recently revealed this idea to have government have gun owners wear special bracelets that would identify you as a gun owner.,Says Attorney General Eric Holder recently revealed this idea to have government have gun owners wear special bracelets that would identify you as a gun owner. speech to the NRA convention
The @nytimes states today that DJT believes more countries should acquire nuclear weapons. How dishonest are they. I never said this!,The @nytimes states today that DJT believes more countries should acquire nuclear weapons. How dishonest are they. I never said this! a tweet
The cost-saving measures we put into place at Columbia/HCA drove down national health care inflation from 18% to 8% in seven years.,The cost-saving measures we put into place at Columbia/HCA drove down national health care inflation from 18% to 8% in seven years. a speech
We have no idea what is contained in [electronic cigarette] vapor.,We have no idea what is contained in [electronic cigarette] vapor. a House debate
Says new estimates from the Congressional Budget Office conclude the final price-tag for the health care law will exceed $2 trillion more than double what was initially reported.,Says new estimates from the Congressional Budget Office conclude the final price-tag for the health care law will exceed $2 trillion more than double what was initially reported. a letter to the editor
This is the true picture of Milwaukees Renaissance after 12 years of Mayor Tom Barretts leadership.,This is the true picture of Milwaukees Renaissance after 12 years of Mayor Tom Barretts leadership. a Facebook post
It takes as much energy to make a solar panel as it likely generates in its entire life.,It takes as much energy to make a solar panel as it likely generates in its entire life. a news article
Mitt Romney has 15 homes.,"Mitt Romney has 15 homes. the video, ""When Mitt Romney Came to Town"""
Links jailed lobbyist Jack Abramoff to Rep. C.W. Bill Young.,Links jailed lobbyist Jack Abramoff to Rep. C.W. Bill Young. a web ad.
Says the Ohio Consumers Council office employs 74 lawyers and that the funding them is wasteful duplication.,Says the Ohio Consumers Council office employs 74 lawyers and that the funding them is wasteful duplication. an appearance on the Ohio News Network
Says Obama sent $450 million to China to build a wind farm in Texas.,Says Obama sent $450 million to China to build a wind farm in Texas. a mailer to voters
School children can earn higher grades by studying Islam under a new nationwide Muslim outreach program announced by President Barack Obama.,School children can earn higher grades by studying Islam under a new nationwide Muslim outreach program announced by President Barack Obama. viral posts on the Internet
[State Rep. Doug McKillips] donors deserve a refund.,[State Rep. Doug McKillips] donors deserve a refund. press release
Say Bernie Sanders won Nevada after all.,Say Bernie Sanders won Nevada after all. several blog and social media posts
Says Donald Trump is going to go out and carpet bomb the Middle East.,Says Donald Trump is going to go out and carpet bomb the Middle East. an appearance on MSNBC
"In 2012, 1 in 4 Wisconsin schools had a subpar score on the Department of Public Instructions recent report cards and are failing the children they serve.","In 2012, 1 in 4 Wisconsin schools had a subpar score on the Department of Public Instructions recent report cards and are failing the children they serve. a video briefing"
We are bogged down in a war that John McCain now suggests might go on for another 100 years.,"We are bogged down in a war that John McCain now suggests might go on for another 100 years. a debate in Cleveland, Ohio."
"Last year, I was involved with an effort to to help prosecutors get their first pay raise in more than 10 years.","Last year, I was involved with an effort to to help prosecutors get their first pay raise in more than 10 years. a video"
Ive either balanced every budget or we turned back a surplus.,Ive either balanced every budget or we turned back a surplus. an interview
Says Rep. Jim Renacci was trying to leave town for the holidays without extending your payroll tax cut.,Says Rep. Jim Renacci was trying to leave town for the holidays without extending your payroll tax cut. a telephone campaign
In the state of Rhode Island 25 percent of our current physicians are graduates of for-profit medical schools.,In the state of Rhode Island 25 percent of our current physicians are graduates of for-profit medical schools. a House debate
Medicare will be bankrupt in nine years.,Medicare will be bankrupt in nine years. a television ad
"If the Supreme Court throws out the federal health care law, it would be an unprecedented, extraordinary step of overturning a law that was passed by a strong majority of a democratically elected Congress.","If the Supreme Court throws out the federal health care law, it would be an unprecedented, extraordinary step of overturning a law that was passed by a strong majority of a democratically elected Congress. a Rose Garden press conference"
Hillary Clintons international travels included no serious diplomacy.,"Hillary Clintons international travels included no serious diplomacy. an opinion article in the ""New York Post"""
Says Peter Kilmartin has only three years experience in his own law practice.,Says Peter Kilmartin has only three years experience in his own law practice. a TV commercial
Says Daniel Webster thinks wives should submit to their husbands.,Says Daniel Webster thinks wives should submit to their husbands. a TV ad.
The new Hartsfield-Jackson international terminal was on time and on budget.,The new Hartsfield-Jackson international terminal was on time and on budget. press conference
Sheldon Whitehouse and 18 other senators voted to censor the internet.,Sheldon Whitehouse and 18 other senators voted to censor the internet. blog postings
Jobs that involve the minimum wage are overwhelmingly jobs for young people starting out in the workforce.,Jobs that involve the minimum wage are overwhelmingly jobs for young people starting out in the workforce. an interview
"I was among the earliest to criticize the rush to war (in Iraq), and yes, even before the war ever started.","I was among the earliest to criticize the rush to war (in Iraq), and yes, even before the war ever started. a speech"
The City of Milwaukee uses the building inspection area as a revenue base.,The City of Milwaukee uses the building inspection area as a revenue base. a speech at his swearing-in ceremony
"Obama said troops ""whine about bearing the costs"" of going to war.","Obama said troops ""whine about bearing the costs"" of going to war. chain e-mail"
"Says Barack Obama said, If we keep talking about the economy, were going to lose.","Says Barack Obama said, If we keep talking about the economy, were going to lose. a television ad"
Wendy Davis was just doing a fund-raiser in Chicago with the international socialists organization.,Wendy Davis was just doing a fund-raiser in Chicago with the international socialists organization. a roundtable debate with state Sen. Dan Patrick
Says Ted Cruzsaid I was in favor in Libya. I never discussed that subject.,Says Ted Cruzsaid I was in favor in Libya. I never discussed that subject. comments during the Houston GOP debate
Says there was a NATO base in Turkey being under attack by terrorists.,"Says there was a NATO base in Turkey being under attack by terrorists. an interview on ""State of the Union"""
EPA wants to regulate the family BBQ.,EPA wants to regulate the family BBQ. a post on his website
Barack Hussein Obama will force doctors to assist homosexuals in buying surrogate babies.,Barack Hussein Obama will force doctors to assist homosexuals in buying surrogate babies. a newspaper advertisement
"He (Obama) has done several things well. Most of those things are places where he changed his view from where he had during the campaign. So, for instance, he's left our troops in Iraq and they're being more successful there. He boosted our effort in Afghanistan, which is the right course to take. He did not close Guantanamo, thank heavens.","He (Obama) has done several things well. Most of those things are places where he changed his view from where he had during the campaign. So, for instance, he's left our troops in Iraq and they're being more successful there. He boosted our effort in Afghanistan, which is the right course to take. He did not close Guantanamo, thank heavens. a 'Today Show' interview"
"As part of efforts to rein in protesters, Republicans in Wisconsin have bolted windows inside the Capitol shut.","As part of efforts to rein in protesters, Republicans in Wisconsin have bolted windows inside the Capitol shut. a news release"
"When news broke that Ferguson 18-year-old Michael Brown was a suspect in a robbery, MSNBC practically went off the air for a while to have behind-closed-doors meetings to figure out how to deal with this new revelation.","When news broke that Ferguson 18-year-old Michael Brown was a suspect in a robbery, MSNBC practically went off the air for a while to have behind-closed-doors meetings to figure out how to deal with this new revelation. comments on his radio show"
"People ""can't go fishing anymore because of Obama.""","People ""can't go fishing anymore because of Obama."" his talk show"
Says top Clinton advisers were pressing birther movement stories very hard.,Says top Clinton advisers were pressing birther movement stories very hard. a presidential debate
My position hasnt changed on using executive authority to address immigration issues.,My position hasnt changed on using executive authority to address immigration issues. a press conference in Australia.
"Protesters in La Crosse blocked an exit and surrounded a State Patrol car carrying the governor and were beating on the windows and rocking the vehicle. When the car was extricated from the crowd, a truck blocked a second exit.","Protesters in La Crosse blocked an exit and surrounded a State Patrol car carrying the governor and were beating on the windows and rocking the vehicle. When the car was extricated from the crowd, a truck blocked a second exit. a book"
The congressional district for Miami-Dade and Broward counties has a staggering drop-out rate of almost 61 percent.,The congressional district for Miami-Dade and Broward counties has a staggering drop-out rate of almost 61 percent. a campaign website
Says protesters at the Wisconsin state Capitol on the night the state Senate passed collective bargaining changes damaged the windshield of his car.,Says protesters at the Wisconsin state Capitol on the night the state Senate passed collective bargaining changes damaged the windshield of his car. interviews with various media outlets
"Small businesses that have $250,000 in gross sales for the business. Theyre the ones that are looking at massive tax increases.","Small businesses that have $250,000 in gross sales for the business. Theyre the ones that are looking at massive tax increases. an interview on ""Good Morning America."""
Our children do not spend any time in school learning about our own U.S. Constitution.,Our children do not spend any time in school learning about our own U.S. Constitution. a column
"Every time weve cut taxes, revenues have gone up, the economy has grown.","Every time weve cut taxes, revenues have gone up, the economy has grown. an interview on ""This Week with Christiane Amanpour"""
Says that President Barack Obama said an attack on Syria was going to be a pinprick.,Says that President Barack Obama said an attack on Syria was going to be a pinprick. the CNN GOP presidential debate
The Pell bridge is a tourism bridge essentially and not a commuter bridge.,The Pell bridge is a tourism bridge essentially and not a commuter bridge. a television interview
Says Colorado food stamp recipients can use ATMs to get cash to buy marijuana.,"Says Colorado food stamp recipients can use ATMs to get cash to buy marijuana. a broadcast of ""Fox and Friends"""
"When Social Security, Medicare and Medicaid were created, Republicans stood on the sidelines","When Social Security, Medicare and Medicaid were created, Republicans stood on the sidelines a speech at the Democratic National Convention in Charlotte, N.C."
"Across the board, violent crime in jurisdictions that recognize the Right to Carry is lower than in areas that prevent it.","Across the board, violent crime in jurisdictions that recognize the Right to Carry is lower than in areas that prevent it. a speech by Wayne LaPierre at the Conservative Political Action Conference"
Kendrick Meek was named one of the two most corrupt Democrats in Congress by Citizens for Responsibility and Ethics in Washington.,Kendrick Meek was named one of the two most corrupt Democrats in Congress by Citizens for Responsibility and Ethics in Washington. a campaign mail piece.
"Wisconsin has created just under 100,000 jobs since he took office.","Wisconsin has created just under 100,000 jobs since he took office. a speech"
Were the most highly taxed nation in the world.,"Were the most highly taxed nation in the world. an interview on ""Fox & Friends"""
"Says under Oregon law, girls from 15 years of age and up are given complete control over whether to be sterilized or not.","Says under Oregon law, girls from 15 years of age and up are given complete control over whether to be sterilized or not. a news article."
The Justice Departments Fast and Furious gun-walking program started in the Bush administration.,"The Justice Departments Fast and Furious gun-walking program started in the Bush administration. a panel on ""Fox News Sunday"""
"As unbelievable as it sounds, your tax dollars are funding the federal governments Zombie Apocalypse Plan. I kid you not.","As unbelievable as it sounds, your tax dollars are funding the federal governments Zombie Apocalypse Plan. I kid you not. a Facebook post"
Rob Portman is the one who actually sucked the jobs out of the (Mahoning) Valley and sent them to China.,Rob Portman is the one who actually sucked the jobs out of the (Mahoning) Valley and sent them to China. a campaign speech
Gov. Scott Walker and the Republican-controlled state legislature have added over $140 million in new special interest spending,Gov. Scott Walker and the Republican-controlled state legislature have added over $140 million in new special interest spending a news release
"Says actor Dwayne The Rock Johnson wore a T-shirt stating: We Stand for the flag, we kneel for the fallen.","Says actor Dwayne The Rock Johnson wore a T-shirt stating: We Stand for the flag, we kneel for the fallen. a Facebook post of photo and caption on Miller's fan page"
"Ending federal funding for National Public Radio would jeopardize 9,000 jobs.","Ending federal funding for National Public Radio would jeopardize 9,000 jobs. a floor speech."
Rick Scott has said that he would do away with the Department of Community Affairs.,Rick Scott has said that he would do away with the Department of Community Affairs. a debate
Margaret Sanger wanted a black Christian leader to be like a Judas goat and lead the blacks to genocide. Remember that? And they picked Martin Luther King as their spokesman.,Margaret Sanger wanted a black Christian leader to be like a Judas goat and lead the blacks to genocide. Remember that? And they picked Martin Luther King as their spokesman. a TV broadcast.
Virginia state employees pay nothing toward their pensions.,Virginia state employees pay nothing toward their pensions. a TV interviews
Vows to keep Georgias race for governor civil and focused on the positive.,Vows to keep Georgias race for governor civil and focused on the positive. statements to the press
Jeff Greene on why hewent Cuba.,Jeff Greene on why hewent Cuba. comments to the media.
"The average (public school) teacher in Wisconsins making $89,000 a year in salary and benefits.","The average (public school) teacher in Wisconsins making $89,000 a year in salary and benefits. an appearance on a TV interview program"
Says Baltimore police are trained by Mossad and Shin Bet.,Says Baltimore police are trained by Mossad and Shin Bet. a Facebook post
Says he never voted for a tax increase.,Says he never voted for a tax increase. campaign website statements
The health care law is job killing.,The health care law is job killing. a bill introduced on the House floor.
Q: What do these Patriotic Americans have in common? A: They are all Draft Dodgers.,Q: What do these Patriotic Americans have in common? A: They are all Draft Dodgers. an Internet meme
"In 2010, Betty Sutton voted to destroy Medicare.","In 2010, Betty Sutton voted to destroy Medicare. a news release"
The fiscal cliff agreement was the largest tax increase in history.,The fiscal cliff agreement was the largest tax increase in history. an interview
"Obama ""has no experience or background at all in national security affairs.""","Obama ""has no experience or background at all in national security affairs."" interview on MSNBC's ""Morning Joe"""
Says its not accidental that the villain in the Batman movie is named Bane.,Says its not accidental that the villain in the Batman movie is named Bane. his syndicated radio show
White House spokesman Robert Gibbs lied when he said President Obamas birth certificate is posted on the Internet.,White House spokesman Robert Gibbs lied when he said President Obamas birth certificate is posted on the Internet. an advertisement
A provision in the health care reform bill for end-of-life counseling for seniors is not entirely voluntary.,A provision in the health care reform bill for end-of-life counseling for seniors is not entirely voluntary. her Facebook page
"For every 33 pregnant women that walk into a Planned Parenthood clinic, 32 receive an abortion.","For every 33 pregnant women that walk into a Planned Parenthood clinic, 32 receive an abortion. a speech in the House of Representatives"
Says Democratic Party created the Ku Klux Klan.,Says Democratic Party created the Ku Klux Klan. an interview.
"Says the state auditor found that 37 percent of the 428,000 students receiving free and reduced-price lunches are ineligible.","Says the state auditor found that 37 percent of the 428,000 students receiving free and reduced-price lunches are ineligible. a speech before the East Jersey Tea Party"
Says Barack Obama began his presidency going on a worldwide apology tour.,Says Barack Obama began his presidency going on a worldwide apology tour. a U.S. Senate debate hosted by Empower Texans and the Texas Public Policy Foundation
Only five Texas counties account for almost 90 percent of the (states) cattle industry.,Only five Texas counties account for almost 90 percent of the (states) cattle industry. an op-ed published in the Austin American-Statesman
"Kasichs trade deals cost Ohio thousands of jobs - 49,000 jobs to Mexico, 91,000 to China.","Kasichs trade deals cost Ohio thousands of jobs - 49,000 jobs to Mexico, 91,000 to China. a campaign video"
Says he never supported federal health care individual mandate.,Says he never supported federal health care individual mandate. tweets
Says Florida had five sanctuary cities while Jeb Bush was governor.,Says Florida had five sanctuary cities while Jeb Bush was governor. a speech at a political rally in Phoenix
On timing of announcement for president.,On timing of announcement for president. remarks to reporters
"In Buffalos SolarCity project, Andrew Cuomo will create maybe 500 jobs if it ever happens at all, at about $1.5 million per job.","In Buffalos SolarCity project, Andrew Cuomo will create maybe 500 jobs if it ever happens at all, at about $1.5 million per job. a conversation with The Buffalo News at the Republican National Convention."
The Senate immigration bill unleashes a massive increase in overall immigration. Were talking about a population increase under the Senate bill of over 70 million people in 20 years.,"The Senate immigration bill unleashes a massive increase in overall immigration. Were talking about a population increase under the Senate bill of over 70 million people in 20 years. an interview on CBS' ""Face the Nation"""
"Obama ""shunned the opportunity to talk to soldiers to thank them for their service.""","Obama ""shunned the opportunity to talk to soldiers to thank them for their service."" a chain e-mail"
"And while (Ted) Strickland proposed cuts for services for children, he wasted over $250,000 remodeling his bathrooms at the governors mansion.","And while (Ted) Strickland proposed cuts for services for children, he wasted over $250,000 remodeling his bathrooms at the governors mansion. Flush, a campaign ad"
Do you know that we have pipes carrying natural gas in this country that are made of wood? Im not joking.,"Do you know that we have pipes carrying natural gas in this country that are made of wood? Im not joking. an interview on CNN's ""Larry King Live"""
Many just call him Lyin Ted. ... HisTV ad about John Kasich? Lie! Stations had to pull it off the air.,Many just call him Lyin Ted. ... HisTV ad about John Kasich? Lie! Stations had to pull it off the air. a television ad.
We had no domestic attacks under Bush.,We had no domestic attacks under Bush. an interview on 'Good Morning America'
Says Ted Cruz never denied his father was photographedwith Lee Harvey Oswald.,Says Ted Cruz never denied his father was photographedwith Lee Harvey Oswald. a campaign rally in Cleveland
"Our most important work has been creating and retaining almost 55,000 Ohio jobs.","Our most important work has been creating and retaining almost 55,000 Ohio jobs. a campaign e-mail"
Says President Barack Obamas recent New York fundraising trip cost between $25 million and $50 million.,"Says President Barack Obamas recent New York fundraising trip cost between $25 million and $50 million. a broadcast of ""Fox and Friends"" on Fox News"
The citys 30 percent set aside for affordable housing in urban renewal areas is calculated citywide -- not district by district,The citys 30 percent set aside for affordable housing in urban renewal areas is calculated citywide -- not district by district a City Council meeting
This is the first time since Roe was decided in 1973 that a court has granted personhood status to the preborn.,This is the first time since Roe was decided in 1973 that a court has granted personhood status to the preborn. a news release
Says Republican candidates in Oregon are advocating violence against gays.,Says Republican candidates in Oregon are advocating violence against gays. an e-mail
Gains in Atlanta Public Schools scores on a national standardized test lend credence to dramatic score increases on state tests.,Gains in Atlanta Public Schools scores on a national standardized test lend credence to dramatic score increases on state tests. a commentary published in Education Week
On signing a no-tax pledge,On signing a no-tax pledge statements to the media
Says the number-one source of illegal immigration is people legally coming to the United States on a tourist visa or a student visa and then disappearing into the population and never being heard from again.,Says the number-one source of illegal immigration is people legally coming to the United States on a tourist visa or a student visa and then disappearing into the population and never being heard from again. an interview with Townsquare Media New Jersey
Says al Qaeda has camps with the drug cartels in Mexico.,Says al Qaeda has camps with the drug cartels in Mexico. an interview on C-SPAN.
"Romneycare sent costs spiraling out of control in Massachusetts, hiking premiums, squeezing household budgets.","Romneycare sent costs spiraling out of control in Massachusetts, hiking premiums, squeezing household budgets. a television ad"
Says Gov. Scott Walkers proposed budget would sell off Wisconsins state parks.,Says Gov. Scott Walkers proposed budget would sell off Wisconsins state parks. a news release
"The chairman of the party of Florida, who is an avid and outward supporter of Marco Rubio, gets to appoint 30 of those delegates.","The chairman of the party of Florida, who is an avid and outward supporter of Marco Rubio, gets to appoint 30 of those delegates. an interview on Fox News Sunday"
"She said, you know, 'I voted for it, but I hoped it wouldn't pass.' That was a quote on live TV.","She said, you know, 'I voted for it, but I hoped it wouldn't pass.' That was a quote on live TV. a campaign rally in Alexandra, Va."
On sharing power with Republicans,On sharing power with Republicans a floor debate.
Says allegations that he made unwanted sexual advances on a female sheriffs deputy were found by two separate judges to not have merit.,Says allegations that he made unwanted sexual advances on a female sheriffs deputy were found by two separate judges to not have merit. a radio interview
"The more than $800,000 raised by the Alan Grayson campaign last quarter was ""#1 among all 435 members of the U.S. House of Representatives.""","The more than $800,000 raised by the Alan Grayson campaign last quarter was ""#1 among all 435 members of the U.S. House of Representatives."" an email"
"Shows in a television ad that police took evidence fromSolantic, Rick Scotts new health care company, after allegations emerged that the company was engaging in fraud.","Shows in a television ad that police took evidence fromSolantic, Rick Scotts new health care company, after allegations emerged that the company was engaging in fraud. a TV ad."
Says Gov. Rick Perry failed to involve border sheriffs in developing plans to prevent violence in their communities.,Says Gov. Rick Perry failed to involve border sheriffs in developing plans to prevent violence in their communities. a press release
Says Rep. Michele Bachmann said President Barack Obama might be to blame for the Fort Hood shootings.,Says Rep. Michele Bachmann said President Barack Obama might be to blame for the Fort Hood shootings. a Facebook meme
"Says former Clinton budget director Alice Rivlin said the stimulus bill ""won't actually stimulate the economy.""","Says former Clinton budget director Alice Rivlin said the stimulus bill ""won't actually stimulate the economy."" an op-ed article in the Washington Post."
Says South Carolina Gov. Nikki Haley is an immigrant.,Says South Carolina Gov. Nikki Haley is an immigrant. comments on Fox Business Network
On support for the Affordable Care Act (Obamacare).,On support for the Affordable Care Act (Obamacare). an interview on CNN
"On Tim Kaine: In exchange for campaign contributions, he appointed a radical jihadi to the Virginia Immigration Commission.","On Tim Kaine: In exchange for campaign contributions, he appointed a radical jihadi to the Virginia Immigration Commission. a chain email"
We are experiencing the worst economic recovery America has ever had.,We are experiencing the worst economic recovery America has ever had. a new book
Says New Jerseys job growth in May represents 25 percent of all the jobs created in the country.,Says New Jerseys job growth in May represents 25 percent of all the jobs created in the country. a video posted on YouTube
"President Obama's bill won't bring down the costs (of health care) for average Americans -- or really for very few Americans, if any.","President Obama's bill won't bring down the costs (of health care) for average Americans -- or really for very few Americans, if any. an interview on CNN's Larry King Live"
"As usual, Hillary the Dems are trying to rig the debates so 2 are up against major NFL games.","As usual, Hillary the Dems are trying to rig the debates so 2 are up against major NFL games. a tweet"
Sheldon Whitehouse voted for a $525-billion tax increase on the middle class.,Sheldon Whitehouse voted for a $525-billion tax increase on the middle class. a television commercial
The Americans for Tax Reform pledge relates to new taxes that were going to be initiated by legislative action.,The Americans for Tax Reform pledge relates to new taxes that were going to be initiated by legislative action. a blog post
About $4.89 billion in one-time money was used to balance the current state general revenue fund budget.,About $4.89 billion in one-time money was used to balance the current state general revenue fund budget. a posting to the state's Office of Management and Budget website
We have no regulation of drones in the United States in their commercial use.,We have no regulation of drones in the United States in their commercial use. an interview on MSNBC's Hardball
"After the debate that we had last week, PolitiFact came out and said that everything I said was true.","After the debate that we had last week, PolitiFact came out and said that everything I said was true. a Republican presidential debate in Sioux City, Iowa"
Theres talk in Congress now about basically confiscating your private 401(k) or IRA plan and rolling it into Social Security to strengthen Social Security.,Theres talk in Congress now about basically confiscating your private 401(k) or IRA plan and rolling it into Social Security to strengthen Social Security. in a radio interview.
AIG insures the pension trust of the United States Congress!,AIG insures the pension trust of the United States Congress! a chain e-mail
"Welcome to Wisconsin road signs have always been made in Wisconsin,but Scott Walker is outsourcing themto an out-of-state company and paying more money for them.","Welcome to Wisconsin road signs have always been made in Wisconsin,but Scott Walker is outsourcing themto an out-of-state company and paying more money for them. an interview"
"Says in Canada, the number of CT scan machines per 1,000 people is like one-tenth of what we have here in this country. Thats why people have to wait.","Says in Canada, the number of CT scan machines per 1,000 people is like one-tenth of what we have here in this country. Thats why people have to wait. an interview"
There havent been tax cuts for the rich in Rhode Island.,"There havent been tax cuts for the rich in Rhode Island. an interview on ""10 News Conference"""
Says over 50 percent of U.S. job growth in June came from Wisconsin.,Says over 50 percent of U.S. job growth in June came from Wisconsin. a news release
We had a press conference here that interestingly no one in the mainstream media covered.,We had a press conference here that interestingly no one in the mainstream media covered. an interview.
"In 1972, we had a 179,000 human beings in jail in this country. Today, it's 2.3-million, and 70 percent of them are black, African-American.","In 1972, we had a 179,000 human beings in jail in this country. Today, it's 2.3-million, and 70 percent of them are black, African-American. a debate at Howard University."
The Obama administration manipulated deportation data to make it appear that the Border Patrol was deporting more illegal immigrants than the Bush administration.,The Obama administration manipulated deportation data to make it appear that the Border Patrol was deporting more illegal immigrants than the Bush administration. a segment on 'Lou Dobbs Tonight'
Idaho Republican Rep. Mike Simpson is a liberal who voted with Nancy Pelosi to fund sex study programs of San Francisco prostitutes and to regulate the sale of firearms.,Idaho Republican Rep. Mike Simpson is a liberal who voted with Nancy Pelosi to fund sex study programs of San Francisco prostitutes and to regulate the sale of firearms. a campaign ad in Idaho
"I am the only U.S. Senate candidate who spoke out against bombing Syria, and who challenged Georgias governor and insurance commissioner over obstruction to the Affordable Care Act.","I am the only U.S. Senate candidate who spoke out against bombing Syria, and who challenged Georgias governor and insurance commissioner over obstruction to the Affordable Care Act. an email"
"Loretta Lynch, the new nominee for attorney general, was a member of Bill Clintons defense team during the 1992 Whitewater corruption probe.","Loretta Lynch, the new nominee for attorney general, was a member of Bill Clintons defense team during the 1992 Whitewater corruption probe. a story"
"Look, we are at war with these people and they dont wear uniforms. This is a war against people that are vicious, violent people, that we have no idea who they are, where they come from. We are allowing tens of thousands of them into our country now.","Look, we are at war with these people and they dont wear uniforms. This is a war against people that are vicious, violent people, that we have no idea who they are, where they come from. We are allowing tens of thousands of them into our country now. an interview with Fox News' Bill O'Reilly"
"At Texas AM University, only 49 out of 3,000 faculty members brought in enough money to pay for their salaries and overhead over the past five years.","At Texas AM University, only 49 out of 3,000 faculty members brought in enough money to pay for their salaries and overhead over the past five years. an oped column."
There are more people killed with baseball bats and hammers than are killed with guns.,There are more people killed with baseball bats and hammers than are killed with guns. an interview
"Every piece of legislation, just about, that I ever introduced (in the U.S. Senate) had a Republican co-sponsor.","Every piece of legislation, just about, that I ever introduced (in the U.S. Senate) had a Republican co-sponsor. comments at a campaign organizing event"
Says Obamacare is the largest middle-class tax increase in history.,Says Obamacare is the largest middle-class tax increase in history. a tweet
Wendy Davis raised money for a U.S. House Democrat who is a member of a Democratic socialists group.,Wendy Davis raised money for a U.S. House Democrat who is a member of a Democratic socialists group. a press release
"Says Mitch McConnell voted to raise Medicare costs for a current Kentucky senior by $6,000.","Says Mitch McConnell voted to raise Medicare costs for a current Kentucky senior by $6,000. a campaign ad"
Says the president of the University of Texas has raised four-year student graduation rates to 75 percent.,Says the president of the University of Texas has raised four-year student graduation rates to 75 percent. an opinion colulmn.
"Im 59. In either Canada or Great Britain, if I broke my hip, I couldnt get it replaced.","Im 59. In either Canada or Great Britain, if I broke my hip, I couldnt get it replaced. an editorial board meeting with the St. Louis Post-Dispatch"
The Foreign Intelligence Surveillance Court is transparent.,The Foreign Intelligence Surveillance Court is transparent. an interview with Charlie Rose
HIV/AIDS among women is skyrocketing in Austin.,HIV/AIDS among women is skyrocketing in Austin. an Austin City Council meeting about the city budget
The conviction rate is almost exactly the same for whites and blacks who commit murder.,The conviction rate is almost exactly the same for whites and blacks who commit murder. an interview on 'Fox and Friends'
(New Jersey Network) is the only news station which covers New Jersey government.,(New Jersey Network) is the only news station which covers New Jersey government. a column on bluejersey.com
Obamacare doesnt require members of Congress to abide by the same rules that all of the other Americans do.,Obamacare doesnt require members of Congress to abide by the same rules that all of the other Americans do. a television interview
Takes credit for reining in state spending when he was governor.,Takes credit for reining in state spending when he was governor. a campaign biography.
"Says state Sen. Steve Ogden was the driving force behind business income tax hurting small business, crafted the Robin Hood school finance scheme making property taxes skyrocket, wrote a budget that will result in a $14 billion deficit and voted against gun freedoms.","Says state Sen. Steve Ogden was the driving force behind business income tax hurting small business, crafted the Robin Hood school finance scheme making property taxes skyrocket, wrote a budget that will result in a $14 billion deficit and voted against gun freedoms. a radio advertisement."
"And, you know, our first president and our first commander in chief prayed every day. He had a field manual of prayers.","And, you know, our first president and our first commander in chief prayed every day. He had a field manual of prayers. a Fox News interview"
Congressman Renacci is under FBI investigation.,Congressman Renacci is under FBI investigation. a news release
A YouGov.com poll shows 71 percent of Obama voters regret voting for him.,A YouGov.com poll shows 71 percent of Obama voters regret voting for him. conservative blogs
Were the highest taxed nation in the world.,Were the highest taxed nation in the world. an interview on 'Meet the Press'
"The reality is that we have roughly 15,000 undocumented immigrants living in the state...","The reality is that we have roughly 15,000 undocumented immigrants living in the state... a TV interview"
Say water fluoridation started in Nazi Germany ghettos and death camps to pacify the Jews.,Say water fluoridation started in Nazi Germany ghettos and death camps to pacify the Jews. a Pinellas County Commission meeting and web comments
Says his plan would cut taxes without increasing the deficit.,Says his plan would cut taxes without increasing the deficit. the third GOP primary debate.
Sean Duffy backed plan to privatize Social Security.,Sean Duffy backed plan to privatize Social Security. a campaign TV ad
Says library district would come at no direct cost to the city budget.,Says library district would come at no direct cost to the city budget. a newsletter.
"The Obama-Clinton war on coal has cost Michigan over 50,000 jobs.","The Obama-Clinton war on coal has cost Michigan over 50,000 jobs. an economic address in Detroit"
"There are about 350,000 people who succeed in crossing our borders illegally each year.","There are about 350,000 people who succeed in crossing our borders illegally each year. a speech at the Republican National Convention"
Six convictions are connected to an allegation by prosecutors that Gov. Scott Walker is at the center of a criminal scheme.,Six convictions are connected to an allegation by prosecutors that Gov. Scott Walker is at the center of a criminal scheme. a campaign TV ad
Foreign Chinese prostitution money is allegedly behind the groups funding Congressman Jim Renaccis Republican majority.,Foreign Chinese prostitution money is allegedly behind the groups funding Congressman Jim Renaccis Republican majority. a news release
The people that perpetrated that travesty in San Bernardino had never been to the Middle East.,The people that perpetrated that travesty in San Bernardino had never been to the Middle East. a campaign event
"When (Barack Obama) took office, 2.3 million people were out of work. Five-plus years later, we have 5 million-plus out of work.","When (Barack Obama) took office, 2.3 million people were out of work. Five-plus years later, we have 5 million-plus out of work. a meme on social media"
"Responding to a major snow event in Atlanta would be like Kansas City, Mo., responding to a major earthquake.","Responding to a major snow event in Atlanta would be like Kansas City, Mo., responding to a major earthquake. a radio interview"
"In April 1997, there was a gas out conducted nationwide in protest of gas prices. Gasoline prices dropped 30 cents a gallon overnight.","In April 1997, there was a gas out conducted nationwide in protest of gas prices. Gasoline prices dropped 30 cents a gallon overnight. a post on Facebook"
Sakineh Mohammadi Ashtiani was never sentenced to stoning.,"Sakineh Mohammadi Ashtiani was never sentenced to stoning. ABC's ""This Week"""
"My opponent, in 2008, had contributions investigated by the federal government.","My opponent, in 2008, had contributions investigated by the federal government. a town hall-style meeting"
"After not having any foreign trade offices overseas for the past decade, New Jersey opened offices in Shanghai and London in the past six months, and has seen an 18 percent increase in exports.","After not having any foreign trade offices overseas for the past decade, New Jersey opened offices in Shanghai and London in the past six months, and has seen an 18 percent increase in exports. a radio interview on WNYC"
"Says he didnt call Dr. George Tiller a baby killer, as liberal groups charge, but was merely reporting what some prolifers branded him.","Says he didnt call Dr. George Tiller a baby killer, as liberal groups charge, but was merely reporting what some prolifers branded him. an op-ed."
"Quotes Mark Cuban as saying,I worry that millions of millennials are voting Democrat this year because they fact-check everything.","Quotes Mark Cuban as saying,I worry that millions of millennials are voting Democrat this year because they fact-check everything. in a post on Facebook"
"In preparing a rules package for the 112th Congress, the GOP had no discussions with Democrats.","In preparing a rules package for the 112th Congress, the GOP had no discussions with Democrats. a news release"
The United States has the most number of deductions available to corporations for the corporate income tax.,"The United States has the most number of deductions available to corporations for the corporate income tax. a discussion on Fox News' ""The Five"""
"UPS left 15,000 employees spouses without health insurance and told them to, go on an exchange with no employer subsidy.","UPS left 15,000 employees spouses without health insurance and told them to, go on an exchange with no employer subsidy. a Senate floor speech"
We didnt have a development director for over seven months.,We didnt have a development director for over seven months. a campaign speech
The Democratic majority led the 111th Congress to spend more money in two years than the first 100 congresses before them combined.,"The Democratic majority led the 111th Congress to spend more money in two years than the first 100 congresses before them combined. a statement published in the ""Bakersfield Californian"""
"When Josh Mandel claims to have accepted three debates with Sen. Sherrod Brown, he is lying. He has accepted ZERO proposed debates.","When Josh Mandel claims to have accepted three debates with Sen. Sherrod Brown, he is lying. He has accepted ZERO proposed debates. a news release"
The reason 29 states no longer have a death tax is that the tax damaged their economic competitiveness.,The reason 29 states no longer have a death tax is that the tax damaged their economic competitiveness. campaign material
"As chair of the Senate Education Committee, I led the charge to restore most of the education cuts from last session.","As chair of the Senate Education Committee, I led the charge to restore most of the education cuts from last session. a press release"
SaysHillary Clinton took 13 hours to send help to Americans under fire during the terrorist attack in Benghazi.,SaysHillary Clinton took 13 hours to send help to Americans under fire during the terrorist attack in Benghazi. a speech at a Trump rally
The Mexican government ... they send the bad ones over.,The Mexican government ... they send the bad ones over. comments at a GOP debate in Cleveland
"Under President Barack Obama, income levels and unemployment numbers are worse now than just about ever for African-Americans.","Under President Barack Obama, income levels and unemployment numbers are worse now than just about ever for African-Americans. an interview on ABC ""This Week"""
"Says Sheldon Whitehouse said on Senate floor: Everybody in Rhode Island who disagrees with me about Obamacare is an Aryan, is a white supremacist.","Says Sheldon Whitehouse said on Senate floor: Everybody in Rhode Island who disagrees with me about Obamacare is an Aryan, is a white supremacist. a TV interview"
One year today since #GOP took control of the House and no new jobs.,One year today since #GOP took control of the House and no new jobs. a tweet
"White House Political Director Patrick Gaspard once served as the ""right-hand man"" for Bertha Lewis, who heads up ACORN.","White House Political Director Patrick Gaspard once served as the ""right-hand man"" for Bertha Lewis, who heads up ACORN. a statement on Fox and Friends"
"Under current policies, were going to reduce the overall debt of the United States by $3 trillion over the next 10 years.","Under current policies, were going to reduce the overall debt of the United States by $3 trillion over the next 10 years. an interview on ""Fox News Sunday"""
"We dont get a lot of calls from this White House I have, frankly, never had a call from them.","We dont get a lot of calls from this White House I have, frankly, never had a call from them. an interview"
"Credit agency says Rep. Gibbs recklessly caused downgrade, higher interest rates.","Credit agency says Rep. Gibbs recklessly caused downgrade, higher interest rates. a news release"
"We're building a nearly $40-billion natural gas pipeline, which is North America's largest and most expensive infrastructure project ever.","We're building a nearly $40-billion natural gas pipeline, which is North America's largest and most expensive infrastructure project ever. St. Louis, Mo."
"Says that Lee Fisher once said, I never met a gun control bill I didnt like.","Says that Lee Fisher once said, I never met a gun control bill I didnt like. a campaign statement"
Says George Soros and Bill Gates are funding a bioweapons lab in Sierra Leone that caused the Ebola outbreak.,Says George Soros and Bill Gates are funding a bioweapons lab in Sierra Leone that caused the Ebola outbreak. a blog post
"Says Democratic challenger for his N.C. House seat raised taxes on clothing, school supplies even baby diapers!","Says Democratic challenger for his N.C. House seat raised taxes on clothing, school supplies even baby diapers!"
''I have received more contributions than any other candidate in the race Republican or Democrat.'',''I have received more contributions than any other candidate in the race Republican or Democrat.'' e-mail to supporters and media
SaysGov. John Kasich incorrectly claimed Ohios economy was 38th in the nation when he took office. We were sixth in the nation in terms of economic job growth.,SaysGov. John Kasich incorrectly claimed Ohios economy was 38th in the nation when he took office. We were sixth in the nation in terms of economic job growth. an interview on CNN
I was banned from talking about Bill Ayers during the 2008 presidential campaign.,I was banned from talking about Bill Ayers during the 2008 presidential campaign. an interview with Fox News
Says Wisconsin Gov. Scott Walker literally invented a $3.6 billion deficit.,Says Wisconsin Gov. Scott Walker literally invented a $3.6 billion deficit. a speech at a state Democratic Party dinner
Virginia is home to more veterans per capita than any state in America.,Virginia is home to more veterans per capita than any state in America. a speech.
"Today, you cant rely on (the retirement fund for public employees), its not funded.","Today, you cant rely on (the retirement fund for public employees), its not funded. a press conference"
Floridas regulations on the payday lending industry are stronger than almost any other state.,Floridas regulations on the payday lending industry are stronger than almost any other state. a conference call with reporters
Less than 10 percent of President Barack Obamas Cabinet members have private-sector experience.,Less than 10 percent of President Barack Obamas Cabinet members have private-sector experience. an email
On adoption by gay couples,On adoption by gay couples
Matt Patten kicked off his dirty campaign with thousands in dirty cash from guess who? (Frank) Russo and (Jimmy) Dimora.,Matt Patten kicked off his dirty campaign with thousands in dirty cash from guess who? (Frank) Russo and (Jimmy) Dimora. an election ad
Fox News airs Stuart Scott R.I.P. tribute with picture of Stephen A. Smith.,Fox News airs Stuart Scott R.I.P. tribute with picture of Stephen A. Smith. a website article
Seventy percent of the people living in abject poverty are women.,"Seventy percent of the people living in abject poverty are women. a broadcast of ABC's ""This Week"""
Heres something that people never talk about with coach Schiano: Rutgers had the best graduation rate of any Division I football program in America.,"Heres something that people never talk about with coach Schiano: Rutgers had the best graduation rate of any Division I football program in America. a radio interview on New Jersey 101.5's ""Ask the Governor"""
When youre white ... you dont know what its like to be poor.,"When youre white ... you dont know what its like to be poor. a Democratic debate in Flint, Mich."
Nobodys addicted to marijuana.,"Nobodys addicted to marijuana. Bay News 9 show, “Political Connections”"
Says Gov. Scott Walker took away $1.6 billion from schools and handed it off as over $2 billion in tax breaks to the rich.,Says Gov. Scott Walker took away $1.6 billion from schools and handed it off as over $2 billion in tax breaks to the rich. campaign mail
On bipartisan redistricting.,On bipartisan redistricting. a press release.
"Says Reps. Rush Holt, Frank Pallone and Bill Pascrell are willing to jeopardize seniors access to coverage by gutting $741 billion from Medicare to pay for a big-government healthcare takeover.","Says Reps. Rush Holt, Frank Pallone and Bill Pascrell are willing to jeopardize seniors access to coverage by gutting $741 billion from Medicare to pay for a big-government healthcare takeover. a news release"
Says the new Dodd-Frank financial law requires a 20 percent down payment to buy a house.,"Says the new Dodd-Frank financial law requires a 20 percent down payment to buy a house. at a meeting arranged by the Small Business Caucus at the Kimball Jenkins House in Concord, N.H."
"I have a perfect voting record from organizations like the Veterans of Foreign Wars, the American Legion and all the other veterans service organizations.","I have a perfect voting record from organizations like the Veterans of Foreign Wars, the American Legion and all the other veterans service organizations. a town hall meeting in Denver"
Barack Obama has consistently voted against tougher penalties for criminals.,Barack Obama has consistently voted against tougher penalties for criminals. a campaign mailer
"For the amount of money Hillary Clinton would like to spend on refugees, we could rebuild every inner city in America.","For the amount of money Hillary Clinton would like to spend on refugees, we could rebuild every inner city in America. a speech in New York attacking Hillary Clinton"
"Nobody has been talking about it (Medicaid fraud), focused on it, or paying attention to it.","Nobody has been talking about it (Medicaid fraud), focused on it, or paying attention to it. an interview with interview with the St. Petersburg Times/Miami Herald."
"Rick Scott has destroyed over 100,000 jobs.","Rick Scott has destroyed over 100,000 jobs. an e-mail to supporters"
"Says Texas gained 21,000 doctors due to tort reform.","Says Texas gained 21,000 doctors due to tort reform. a speech at ""Politics and Eggs"" in Bedford, N.H."
"Technically, (Ted Cruz is) not even an American.","Technically, (Ted Cruz is) not even an American. an interview on the ""Alan Colmes Show"" on Fox News"
The majority of revenue generated by a proposed Kenosha casino would be sent to the Seminole tribe in Florida.,The majority of revenue generated by a proposed Kenosha casino would be sent to the Seminole tribe in Florida. a tweet
Says Gov. Rick Scott cut more government jobs than were created in the private sector in Florida in 2012.,Says Gov. Rick Scott cut more government jobs than were created in the private sector in Florida in 2012. a memo 'pre-butting' the State of the State address
Says that he did not exactly say that communities have the right to ban mosques.,"Says that he did not exactly say that communities have the right to ban mosques. the GOP debate in Ames, Iowa"
"George Allen had 40,000 earmarks while he was a senator.","George Allen had 40,000 earmarks while he was a senator. a TV interview."
The Clean Power Plan is something that Sen. Sanders has said he would delay implementing.,The Clean Power Plan is something that Sen. Sanders has said he would delay implementing. in the Democratic debate in Florida
"Says Barack Obama is a hypocrite for criticizing President George W. Bushs drone attack program, then using it aggressively as president.","Says Barack Obama is a hypocrite for criticizing President George W. Bushs drone attack program, then using it aggressively as president. an interview on Fox Business Network"
Theres no plan from Senate Democrats or the White House to replace the sequester.,"Theres no plan from Senate Democrats or the White House to replace the sequester. an interview on ""Meet the Press."""
"I differed with my party on business legislation, on consumer protection, and on free trade agreements.","I differed with my party on business legislation, on consumer protection, and on free trade agreements. in a debate"
"In 2013, Dan Patrick voted against funding to test the backlog of rape kits, allowing rapists to walk free.","In 2013, Dan Patrick voted against funding to test the backlog of rape kits, allowing rapists to walk free. a video ad"
One-third of the gasoline is purchased by out-of-state people in Virginia,One-third of the gasoline is purchased by out-of-state people in Virginia an interview
Says Kurt Schrader supports Obamas sequester but wont cut $1.6 million to fund new video games.,Says Kurt Schrader supports Obamas sequester but wont cut $1.6 million to fund new video games. an online ad
"In the last year, Wisconsin ranked third in Midwest job growth.","In the last year, Wisconsin ranked third in Midwest job growth. a campaign TV ad"
Recently Rick Scott closed 30 womens health care centers across the state.,Recently Rick Scott closed 30 womens health care centers across the state. a fundraising email
"Says President Barack Obama has put (up) a stop sign against oil drilling, against any kind of exploration offshore or in Alaska.","Says President Barack Obama has put (up) a stop sign against oil drilling, against any kind of exploration offshore or in Alaska. a Republican presidential debate"
"Ganley said that if elected, he wants to cut the dickens out of Social Security, Medicare and Veterans benefits.","Ganley said that if elected, he wants to cut the dickens out of Social Security, Medicare and Veterans benefits. a campaign fundraising e-mail"
President Obama . . . wants to mandate circumcision.,President Obama . . . wants to mandate circumcision. a radio broadcast
"Says that three of these five Republicans -- Ben Westlund, Rob Patridge, Max Williams, Lane Shetterly, Lynn Lundquist -- later became Democrats.","Says that three of these five Republicans -- Ben Westlund, Rob Patridge, Max Williams, Lane Shetterly, Lynn Lundquist -- later became Democrats. an online comment"
The crime decline in the United States would be fairly small if it wasn't for the crime decline in New York City.,The crime decline in the United States would be fairly small if it wasn't for the crime decline in New York City. New York.
Rick Scott doesnt have any ties to a lobbyist.,Rick Scott doesnt have any ties to a lobbyist. a speech
Glen Sturtevant is against smaller class sizes.,Glen Sturtevant is against smaller class sizes. a campaign flier.
"Congressional lawmakers earn their salaries FOR LIFE, which for House Minority Leader Nancy Pelosi would add up to $803,700 Dollars a year for LIFE including FREE medical.","Congressional lawmakers earn their salaries FOR LIFE, which for House Minority Leader Nancy Pelosi would add up to $803,700 Dollars a year for LIFE including FREE medical. an email and social media posts"
"I have never asked for a single earmark, pork barrel project for my state of Arizona.","I have never asked for a single earmark, pork barrel project for my state of Arizona. Tampa, Fla."
"Starting in 2011, ""you will be required to pay taxes"" on ""the value of whatever health insurance you are given by the company.""","Starting in 2011, ""you will be required to pay taxes"" on ""the value of whatever health insurance you are given by the company."" a chain e-mail"
Planned Parenthood is nothing more than a referral service. They dont do anything except profit from killing babies and then selling body parts of those aborted babies.,Planned Parenthood is nothing more than a referral service. They dont do anything except profit from killing babies and then selling body parts of those aborted babies. an interview with Neil Cavuto of Fox News
Milwaukee County has a parks capital budget thats bigger than its been in the last 10 years.,Milwaukee County has a parks capital budget thats bigger than its been in the last 10 years. a speech
"In every poll, John Cornyn always loses to any conservative the voters have heard about.","In every poll, John Cornyn always loses to any conservative the voters have heard about. Stockman's campaign website"
"Twitter, Google and Facebook are burying the FBI criminal investigation of Clinton. Very dishonest media!","Twitter, Google and Facebook are burying the FBI criminal investigation of Clinton. Very dishonest media! a Tweet"
"Weve had about 3,000 murders in connection with lax border security.","Weve had about 3,000 murders in connection with lax border security. an interview on Fox News."
The 2009 stimulus bill failed to get people back to work.,The 2009 stimulus bill failed to get people back to work. a news conference.
We can save $125 billion in simply not giving out money to Medicare recipients that dont exist for procedures that didnt happen.,"We can save $125 billion in simply not giving out money to Medicare recipients that dont exist for procedures that didnt happen. CBS's ""Face the Nation"""
The University of Wisconsin System will be much more affordable than just about any other campus in America because going forward we have a cap on it tied to inflation.,The University of Wisconsin System will be much more affordable than just about any other campus in America because going forward we have a cap on it tied to inflation. an interview
Says Barack Obama is the only American president who has not visited the D-Day Monument in Normandy on D-Day.,Says Barack Obama is the only American president who has not visited the D-Day Monument in Normandy on D-Day. messages on the Internet
Says Oregon is one of only three states that allow the use of gillnets on inland waters.,Says Oregon is one of only three states that allow the use of gillnets on inland waters. campaign press statement
"Obamacare is the biggest job-killer in this country -- millions of Americans have lost their jobs, have been forced into part-time work.","Obamacare is the biggest job-killer in this country -- millions of Americans have lost their jobs, have been forced into part-time work. comments during the Iowa Republican presidential debate"
Says Mitt Romneys investments created zero jobs.,Says Mitt Romneys investments created zero jobs. a mailer
Barack Obama and Hillary Clinton are negotiating with the United Nations about doing a treaty that will ban the use of firearms.,"Barack Obama and Hillary Clinton are negotiating with the United Nations about doing a treaty that will ban the use of firearms. a speech in Tyler, Texas."
"The nearly six-year delay in approving Keystone is costing Americans more than 100,000 jobs.","The nearly six-year delay in approving Keystone is costing Americans more than 100,000 jobs. an op-ed for ""USA Today"""
Says iPads and iPhones are built in the United States of America.,"Says iPads and iPhones are built in the United States of America. an interview on ABC's ""This Week with Christiane Amanpour"""
"Dubious taxpayer-funded stimulus projects in Rhode Island include $250,000 to provide digital television to the states inmate population.","Dubious taxpayer-funded stimulus projects in Rhode Island include $250,000 to provide digital television to the states inmate population. report"
"In the history department at the University of Texas, out of 50 registered voters, only one is a Republican.","In the history department at the University of Texas, out of 50 registered voters, only one is a Republican. an opinion piece published in the Austin American-Statesman"
New Jerseys citizens are working at the highest rate in three years.,New Jerseys citizens are working at the highest rate in three years. a speech on the state Senate floor
"Says Oregons high minimum wage is the reason why by 2011, Oregons restaurants employed an average of only 13.8 workers, or 2.6 fewer employees than they did before the states minimum wage began rising above the federal level in 1997.","Says Oregons high minimum wage is the reason why by 2011, Oregons restaurants employed an average of only 13.8 workers, or 2.6 fewer employees than they did before the states minimum wage began rising above the federal level in 1997. a U.S. Senate hearing"
The Climatic Research Unit e-mails show that the science behind climate change has been pretty well debunked.,The Climatic Research Unit e-mails show that the science behind climate change has been pretty well debunked. CNN's 'The Situation Room'
Says Alex Sinks plans for governor include $12.5 billion in new spending.,Says Alex Sinks plans for governor include $12.5 billion in new spending. a Leadership Florida/Florida Press Association debate.
"Any child born prematurely, according to the president, in his own words, can be killed.","Any child born prematurely, according to the president, in his own words, can be killed. a speech to the Iowa Faith and Freedom Coalition."
Recent data showed Nevada ranks 50th in the money received from the stimulus bill.,Recent data showed Nevada ranks 50th in the money received from the stimulus bill. a campaign commercial
Nearly half of all persons under 30 did not go to work today.,Nearly half of all persons under 30 did not go to work today. a Republican response to the State of the Union address
The numbers of people that support Obamacare and like it have been steadily dropping.,"The numbers of people that support Obamacare and like it have been steadily dropping. comments on ""Fox News Sunday"""
"Obama's wife wrote a paper in college that said America was a nation founded on ""crime and hatred"" and that whites in America are ""ineradicably racist.""","Obama's wife wrote a paper in college that said America was a nation founded on ""crime and hatred"" and that whites in America are ""ineradicably racist."" a chain e-mail"
"Says Gov. Rick Scott lost Florida 331,247 jobs.","Says Gov. Rick Scott lost Florida 331,247 jobs. picket signs at a parade."
"Says Freddie Mac, electric co-ops and credit unions are all government sponsored enterprises.","Says Freddie Mac, electric co-ops and credit unions are all government sponsored enterprises. a Republican presidential debate in Sioux City, Iowa"
"When Obama was interviewed by American reporters in Asia, ""Not one of them asked me about Asia. Not one of them asked me about the economy.""","When Obama was interviewed by American reporters in Asia, ""Not one of them asked me about Asia. Not one of them asked me about the economy."" comments at the White House"
A majority of Wisconsinites opposed the government takeover of health care. But Russ Feingold voted for it anyway.,A majority of Wisconsinites opposed the government takeover of health care. But Russ Feingold voted for it anyway. a campaign TV ad
Obama has chosen to deny the vicious anti-Semitic motivation of the attack on a kosher Jewish grocery in Paris.,Obama has chosen to deny the vicious anti-Semitic motivation of the attack on a kosher Jewish grocery in Paris. a statement
"Gas prices have never been higher, and Exxon Mobil's profits have never been higher.","Gas prices have never been higher, and Exxon Mobil's profits have never been higher. a speech in Iowa"
Did not vote for tax increases as a member of the West Miami City Commission.,Did not vote for tax increases as a member of the West Miami City Commission. a U.S. Senate primary debate on FOX News Sunday
Were going to be looking at $8 billion a day that were going to be pouring into foreign countries in order to import that make-up fuel that were going to need to take the place of what we could have gotten out of the gulf.,Were going to be looking at $8 billion a day that were going to be pouring into foreign countries in order to import that make-up fuel that were going to need to take the place of what we could have gotten out of the gulf. an interview on Fox
Birth control pioneer Margaret Sanger believed that people like me should be eliminated.,"Birth control pioneer Margaret Sanger believed that people like me should be eliminated. a campaign stop in Exeter, N.H"
"One of the first states in the union to pass a voter ID bill was Rhode Island, 85 percent Democratic legislature.","One of the first states in the union to pass a voter ID bill was Rhode Island, 85 percent Democratic legislature. a TV show appearance"
"In the past 27 months, President Barack Obama has created more private-sector jobs than in the Reagan recovery.","In the past 27 months, President Barack Obama has created more private-sector jobs than in the Reagan recovery. an interview on MSNBC's ""Morning Joe"""
Says he won the popular vote if you deduct the millions of people who voted illegally.,Says he won the popular vote if you deduct the millions of people who voted illegally. a tweet
"E-mail quotes Maureen Dowd column that Obama has received suspicious contributions from Saudi Arabia, Iran and China.","E-mail quotes Maureen Dowd column that Obama has received suspicious contributions from Saudi Arabia, Iran and China. a chain e-mail sent to many people."
"The bill reported out of committee sets up a $50 billion slush fund that, while intended for resolving failing firms, is available for virtually any purpose that the treasury secretary sees fit.","The bill reported out of committee sets up a $50 billion slush fund that, while intended for resolving failing firms, is available for virtually any purpose that the treasury secretary sees fit. a letter to Treasury Secretary Timothy Geithner"
"Says that all those who do not answer directly to the president, theyve said (repealing Dont Ask, Dont Tell) is a terrible idea.","Says that all those who do not answer directly to the president, theyve said (repealing Dont Ask, Dont Tell) is a terrible idea. a U.S. House floor speech."
Says shes tried over 100 jury cases in Travis County courts.,Says shes tried over 100 jury cases in Travis County courts. a campaign mailer
Says Panasonic stayed in New Jersey because of the Business Retention and Relocation Assistance Grant (BRRAG) program.,Says Panasonic stayed in New Jersey because of the Business Retention and Relocation Assistance Grant (BRRAG) program. a radio interview on WNYC's Brian Lehrer Show
"When Obama went to Pakistan in 1981, he could not have been traveling as a U.S. citizen.","When Obama went to Pakistan in 1981, he could not have been traveling as a U.S. citizen. a chain e-mail."
"You have to be a citizen to vote, but with same-day voter registration, you have places where people just walk in and vote.","You have to be a citizen to vote, but with same-day voter registration, you have places where people just walk in and vote. an interview on 'Meet the Press'"
Obama has jumped the shark and ordered the ocean closed!,Obama has jumped the shark and ordered the ocean closed! a tweet
An image in a ChrisAbele TV ad depicts wealthy citizens who would benefit from a lake created by the controversial Estabrook Dam.,An image in a ChrisAbele TV ad depicts wealthy citizens who would benefit from a lake created by the controversial Estabrook Dam. a television ad
"Says Hillary Clinton presided over $6 billion lost at the State Department, sold uranium to the Russians through (her) faux charity, illegally deleted public records, and murdered an ambassador.","Says Hillary Clinton presided over $6 billion lost at the State Department, sold uranium to the Russians through (her) faux charity, illegally deleted public records, and murdered an ambassador. a tweet"
"Studies show that if we opened one reserve in Alaska now, in five years, gas prices could be at $2 a gallon.","Studies show that if we opened one reserve in Alaska now, in five years, gas prices could be at $2 a gallon. an interview with the Union City Daily Messenger"
"Says that while his plan would narrow the time for early voting, it still will be one of the most aggressive early voting time frames in America.","Says that while his plan would narrow the time for early voting, it still will be one of the most aggressive early voting time frames in America. remarks to the Ohio League of Women Voters"
Says Barack Obama has added $16 trillion to the national debt.,Says Barack Obama has added $16 trillion to the national debt. a tweet.
Hillary Clinton is for open borders.,Hillary Clinton is for open borders. a speech at the Republican convention”
"Says the California flag was supposed to be apear, not a bear.","Says the California flag was supposed to be apear, not a bear. an article on the Breitbart website"
Texas Governor Rick Perrys voter ID law is a blatant effort to defeat Wendy Davis by disenfranchising tens of thousands of women voters.,Texas Governor Rick Perrys voter ID law is a blatant effort to defeat Wendy Davis by disenfranchising tens of thousands of women voters. an email blast
On the president unilaterally authorizing a military attack that does not involve stopping an actual or imminent threat to the nation.,"On the president unilaterally authorizing a military attack that does not involve stopping an actual or imminent threat to the nation. an interview with the ""Boston Globe"""
"In some of the states in the U.S., homosexuality remains a felony.","In some of the states in the U.S., homosexuality remains a felony. comments on ABC's ""This Week"""
"Congressional Republicans have introduced dozens of bills on social issues and other topics, but zero on job creation.","Congressional Republicans have introduced dozens of bills on social issues and other topics, but zero on job creation. an Internet post"
Says his tax plan wouldnt leave the federal government with a $1.1 trillion hole.,Says his tax plan wouldnt leave the federal government with a $1.1 trillion hole. the third GOP primary debate.
"If the U.S. didnt borrow $1.2 trillion every year to fund government operations, that money would be available for entrepreneurs and business people to put to work creating jobs and building and expanding their businesses.","If the U.S. didnt borrow $1.2 trillion every year to fund government operations, that money would be available for entrepreneurs and business people to put to work creating jobs and building and expanding their businesses. an interview"
I actually started criticizing the war in Iraq before (Obama) did.,"I actually started criticizing the war in Iraq before (Obama) did. Eugene, Ore."
The Books Sarah Palin tried to have banned.,The Books Sarah Palin tried to have banned.
Says Donald Trumps Make America Great Again caps are made in China.,Says Donald Trumps Make America Great Again caps are made in China. a press conference by Austin Democrats
"Says Sidney Blumenthal wrote that the Benghazi attack was almost certainly preventable. Clinton was in charge of the State Department, and it failed to protect U.S. personnel and an American consulate in Libya.","Says Sidney Blumenthal wrote that the Benghazi attack was almost certainly preventable. Clinton was in charge of the State Department, and it failed to protect U.S. personnel and an American consulate in Libya. a rally in Wilkes-Barre, Pa."
Were bankrupt.,"Were bankrupt. a Republican presidential debate in Orlando, Fla."
Russ Feingold got a memo in 2009 that outlined veteran harm at a Wisconsin VA facility and nothing was done.,Russ Feingold got a memo in 2009 that outlined veteran harm at a Wisconsin VA facility and nothing was done. a TV ad
Says she is saving ratepayers $6 million/year.,Says she is saving ratepayers $6 million/year. campaign material
Says recall organizers started their website last November and began work on their effort before he even took office.,Says recall organizers started their website last November and began work on their effort before he even took office. a TV interview
We dont have any chess grandmasters in the United States.,"We dont have any chess grandmasters in the United States. a rally in Ambridge, Pa."
As long as I have served . . . This is the first time every single solitary decision has required 60 senators.,As long as I have served . . . This is the first time every single solitary decision has required 60 senators. a fundraiser in Florida
50 percentof murders in Texas have been linked to illegal aliens.,"50 percentof murders in Texas have been linked to illegal aliens. a broadcast of ""The Greg Gutfeld Show"""
"Among Syrian refugees and migrants coming into Europe, there look like very few women. Very few children.","Among Syrian refugees and migrants coming into Europe, there look like very few women. Very few children. the South Carolina presidential debate"
Senator Robert Hurt voted for a bill thats raised your electric rates seven times.,Senator Robert Hurt voted for a bill thats raised your electric rates seven times. a TV ad
Says legislative debate of airport pat-down procedures initiated federal changes in security procedures.,Says legislative debate of airport pat-down procedures initiated federal changes in security procedures. a press release
Says Hillary Clinton aide Huma Abedin has ties to the Muslim Brotherhood.,Says Hillary Clinton aide Huma Abedin has ties to the Muslim Brotherhood. an interview
"If you make more than $250,000 a year you only really take home about $125,000.","If you make more than $250,000 a year you only really take home about $125,000. a discussion on ""Fox & Friends"""
"The Doherty Campaign, unlike the Cicilline Campaign, is funded mostly by individual donors -- not the big PACs that Cicilline relies on.","The Doherty Campaign, unlike the Cicilline Campaign, is funded mostly by individual donors -- not the big PACs that Cicilline relies on. a news release"
The president and vice president cant be from the same state.,"The president and vice president cant be from the same state. a panel discussion on MSNBC's ""The Last Word with Lawrence O'Donnell"""
"There are actual cities like Birmingham, England, that are totally Muslim where non-Muslims just simply dont go in.","There are actual cities like Birmingham, England, that are totally Muslim where non-Muslims just simply dont go in. an interview on Fox News"
I campaigned on (the proposals in the budget repair bill for Wisconsin) all throughout the election. Anybody who says they are shocked on this has been asleep for the past two years.,I campaigned on (the proposals in the budget repair bill for Wisconsin) all throughout the election. Anybody who says they are shocked on this has been asleep for the past two years. a news conference
Statistics show 2 to 3 Texas women per week have major complications and 10 women per week seek help at an ER after an abortion.,Statistics show 2 to 3 Texas women per week have major complications and 10 women per week seek help at an ER after an abortion. press release
"Under the new health care law, all real estate transactions will be subject to a 3.8% Sales Tax","Under the new health care law, all real estate transactions will be subject to a 3.8% Sales Tax a chain e-mail"
"If we use (Tax Increment Financing) funding, thats going to take funds from the general fund for Pinellas County, as it will take funds from the general fund for the city of St. Pete.","If we use (Tax Increment Financing) funding, thats going to take funds from the general fund for Pinellas County, as it will take funds from the general fund for the city of St. Pete. a mayoral debate"
Illegal counterfeiting and piracy costs the U.S. economy $100 billion... every year.,Illegal counterfeiting and piracy costs the U.S. economy $100 billion... every year. an opinion column.
Says Texas public school funding grew three times the rate of enrollment from 2002 to 2012.,Says Texas public school funding grew three times the rate of enrollment from 2002 to 2012. a press conference.
"When Jim Doyle was governor and Mary Burke was commerce secretary, Wisconsin saw billions in middle-class tax hikes on nursing home beds, gas, phones and garbage.","When Jim Doyle was governor and Mary Burke was commerce secretary, Wisconsin saw billions in middle-class tax hikes on nursing home beds, gas, phones and garbage. a campaign TV ad"
The first round of stimulus ... it created zero jobs.,The first round of stimulus ... it created zero jobs. the CNN/Tea Party Express debate
Say Apples Tim Cook will not do business with Indiana.,Say Apples Tim Cook will not do business with Indiana. a RedState.com column
Lindsay Parkhurst wants to take away programs like Social Security and Medicare that seniors have earned throughout their lifetimes.,Lindsay Parkhurst wants to take away programs like Social Security and Medicare that seniors have earned throughout their lifetimes. a campaign ad
GDP was zero essentially for the last two quarters.,GDP was zero essentially for the last two quarters. the Miami GOP debate.
Says a quote at the top of the redesigned website for the Department of Justice comes from a socialist who wanted to impose global common law.,Says a quote at the top of the redesigned website for the Department of Justice comes from a socialist who wanted to impose global common law. a chain e-mail
The Obama Administration's own White House Council of Economic Advisers has estimated 4.7 million Americans will lose their jobs if the (health care) bill passes.,The Obama Administration's own White House Council of Economic Advisers has estimated 4.7 million Americans will lose their jobs if the (health care) bill passes. a column by the Texas Republican on the Web site of the Christian Coalition of America
"Says Wisconsin state Sen. Randy Hopper, R-Fond du Lac, has already been recalled.","Says Wisconsin state Sen. Randy Hopper, R-Fond du Lac, has already been recalled. a news release"
A simple review of the Backrooms health code records will reveal that the restaurant already has a long-standing problem with rodent infestations.,A simple review of the Backrooms health code records will reveal that the restaurant already has a long-standing problem with rodent infestations. a press release
"I am the only candidate who ran in either primary who said, I will not raise taxes on the middle class.","I am the only candidate who ran in either primary who said, I will not raise taxes on the middle class. a speech."
"A clause hidden in the Obamacare bill, which is now law, gives Obama the right to form a private army.","A clause hidden in the Obamacare bill, which is now law, gives Obama the right to form a private army. a column by Victoria Jackson"
The Republicans have never done anything really to balance the budget.,"The Republicans have never done anything really to balance the budget. appearance on MSNBC's ""UP w/Chris Hayes"""
On privatization of Social Security.,On privatization of Social Security. a statement posted to his website
The Obama administration even proposed banning farm kids from doing basic chores!,The Obama administration even proposed banning farm kids from doing basic chores! at the Republican National Convention in Tampa
Says U.S. Senate candidate Tommy Thompson supports a plan for privatizing Social Security.,Says U.S. Senate candidate Tommy Thompson supports a plan for privatizing Social Security. a campaign flier
Make no mistake -- Sherrod Brown is one of the main D.C. politicians responsible for Ohio jobs moving to China.,Make no mistake -- Sherrod Brown is one of the main D.C. politicians responsible for Ohio jobs moving to China. a news release
The Iranians continue in the view of every objective observer continue to pursue the acquisition of nuclear weapons.,The Iranians continue in the view of every objective observer continue to pursue the acquisition of nuclear weapons. a telephone appearance with Florida voters
Says 67 percent of marriages now wind up in divorce.,Says 67 percent of marriages now wind up in divorce. an interview on WNYC’s “The Brian Lehrer Show”
Russ Feingold has not worked anywhere outside of politics.,Russ Feingold has not worked anywhere outside of politics. a campaign TV ad
"As the number of vaccines administered to children has increased in the United States, so has the autism rate.","As the number of vaccines administered to children has increased in the United States, so has the autism rate. an image shared on social media from NaturalNews.com"
"Scott Walker has even removed the 250,000 jobs promise from his website.","Scott Walker has even removed the 250,000 jobs promise from his website. a blog post"
"The Obama Administration wants to have soldiers and officers pledge a loyalty oath directly to the office of the President, and no longer to the Constitution.","The Obama Administration wants to have soldiers and officers pledge a loyalty oath directly to the office of the President, and no longer to the Constitution. in many blogs and an email sent to many people."
The New York Times had to retract its story that Hillary Clintons email handling had broken certain laws.,"The New York Times had to retract its story that Hillary Clintons email handling had broken certain laws. an interview on CNN's ""New Day"""
Women own just 1 percent of the worlds land.,Women own just 1 percent of the worlds land. an info-graphic tweet
Obama ad contends that John McCain endorses Rush Limbaugh's comments about immigration.,Obama ad contends that John McCain endorses Rush Limbaugh's comments about immigration. a video ad.
Obamacare will question your sex life.,Obamacare will question your sex life. the New York Post
Says Hillary Clintons health care plan from the 1990s had a broader provision in favor of corporate right to back out of providing contraceptive coverage than the one created by the Hobby Lobby Supreme Court decision.,"Says Hillary Clintons health care plan from the 1990s had a broader provision in favor of corporate right to back out of providing contraceptive coverage than the one created by the Hobby Lobby Supreme Court decision. interview on ABC's ""This Week"""
The fact is voter fraud is rampant.,The fact is voter fraud is rampant. responding to reporters
"Since Rep. John Boccieris election, Ohio has lost 600,000 jobs and his districts unemployment has doubled.","Since Rep. John Boccieris election, Ohio has lost 600,000 jobs and his districts unemployment has doubled. a debate"
"Obama plans ""a tax increase for everyone earning more than $42,000 a year.""","Obama plans ""a tax increase for everyone earning more than $42,000 a year."" an Internet ad"
The payday loan industry does not exist in a state like Minnesota.,The payday loan industry does not exist in a state like Minnesota. a newspaper article
"Says Bruce Springsteen only had 8,000 tickets sold for a Greensboro show and canceled after they didnt get the ticket sales they wanted.","Says Bruce Springsteen only had 8,000 tickets sold for a Greensboro show and canceled after they didnt get the ticket sales they wanted. a radio talk show appearance on the John Boy and Billy Big Show"
Says the national heath care reform is a government takeover of health care.,Says the national heath care reform is a government takeover of health care. a radio interview
There was serious voter fraud in Virginia.,There was serious voter fraud in Virginia. a tweet.
"The 9/11 terroristsfriends, family, girlfriends in the United Stateswere sent back for the most part to Saudi Arabia. They knew what was going on. They went home, and they wanted to watch their boyfriends on television.","The 9/11 terroristsfriends, family, girlfriends in the United Stateswere sent back for the most part to Saudi Arabia. They knew what was going on. They went home, and they wanted to watch their boyfriends on television. the Republican debate in Las Vegas"
The Koch brothers alone gave twice as much money to Scott Walker as the total amount of money raised by Tom Barrett.,The Koch brothers alone gave twice as much money to Scott Walker as the total amount of money raised by Tom Barrett. a speech
On job creation numbers in the latest Start-Up NY report: This is a significant number of overcounts in the compilation that Ive looked at.,"On job creation numbers in the latest Start-Up NY report: This is a significant number of overcounts in the compilation that Ive looked at. a hearing on economic development in Albany, NY."
The Benghazi victims were left helpless to die as Hillary Clinton soundly slept in her bed.,The Benghazi victims were left helpless to die as Hillary Clinton soundly slept in her bed. a speech in New York
Says President Franklin Delano Roosevelt sent his advisers to study socialism with Soviet dictator Josef Stalin so the president could replicate it in the United States.,Says President Franklin Delano Roosevelt sent his advisers to study socialism with Soviet dictator Josef Stalin so the president could replicate it in the United States. a speech before Congress
This is the first time since the Depression that unemployment has stayed above 9 percent for two consecutive years.,"This is the first time since the Depression that unemployment has stayed above 9 percent for two consecutive years. an interview on ""Fox News Sunday"""
"Minimum wage = $16,000/year CEO-Goldman Sachs (Lloyd Blankfein) $16,000/Hour.","Minimum wage = $16,000/year CEO-Goldman Sachs (Lloyd Blankfein) $16,000/Hour. a protest sign"
"Janice Hahn hired hard-core gang members with taxpayer money to be gang-intervention specialists. She even helped them get out of jail, so they could rape and kill again.","Janice Hahn hired hard-core gang members with taxpayer money to be gang-intervention specialists. She even helped them get out of jail, so they could rape and kill again. a YouTube video"
Pam Bondi refuses to take a position on the gay-adoption ban.,Pam Bondi refuses to take a position on the gay-adoption ban. an endorsement letter
"The Iraq war has been ""our longest war.""","The Iraq war has been ""our longest war."" comments on CBS's Face the Nation"
"The most realistic estimates for jobs created by Keystone XL are maybe 2,000 jobs during the construction of the pipeline.","The most realistic estimates for jobs created by Keystone XL are maybe 2,000 jobs during the construction of the pipeline. an interview with the 'New York Times'"
"When [Mitt Romney] was the governor of Massachusetts, he performed 100 and Im not sure this number is right, but my mind says its about 180 gay marriages.","When [Mitt Romney] was the governor of Massachusetts, he performed 100 and Im not sure this number is right, but my mind says its about 180 gay marriages. an interview"
Says Sen. Mark Pryor voted for special subsidies for lawmakers and staff in Congress so theyre protected from Obamacare.,Says Sen. Mark Pryor voted for special subsidies for lawmakers and staff in Congress so theyre protected from Obamacare. a campaign ad
Giving money to politicians has paid off for Paul Workman. Workman gave thousands to politicians and got millions in government construction projects.,Giving money to politicians has paid off for Paul Workman. Workman gave thousands to politicians and got millions in government construction projects. a TV ad
Repealing the health care law would save $95 billion in 2016.,Repealing the health care law would save $95 billion in 2016. an op-ed in USA Today
"Says high-speed rail would have created 60,000 jobs.","Says high-speed rail would have created 60,000 jobs. a debate"
Dolphins are rapists. Look it up.,"Dolphins are rapists. Look it up. in an episode of ""Unbreakable Kimmy Schmidt"""
Says that as Wisconsin governor he never raised taxes.,Says that as Wisconsin governor he never raised taxes. an interview
Says Charlie Crist voted against minimum wage when he was in the Senate.,Says Charlie Crist voted against minimum wage when he was in the Senate. a gubernatorial debate in Davie
Soldiers Donating to Tea Party Now Face Punishment Under the Uniform Code of Military Justice.,Soldiers Donating to Tea Party Now Face Punishment Under the Uniform Code of Military Justice. a posting on Twitter
The Wisconsin Department of Corrections is considering implementing mandatory physical fitness testing for security staff.,The Wisconsin Department of Corrections is considering implementing mandatory physical fitness testing for security staff. a chain email
Obamacare already has caused millions of hardworking Virginians to lose their health insurance.,Obamacare already has caused millions of hardworking Virginians to lose their health insurance. a web post.
More Tennesseans have hunting and fishing licenses than vote.,More Tennesseans have hunting and fishing licenses than vote. in a news release announcing support for the Sportsmen's bill.
American troops have never been under the formal control of another nation.,American troops have never been under the formal control of another nation. an interview with Sean Hannity of Fox News
"We have a guy who is going to be speaker of the House in four years, and his name has been on the ballot one time.","We have a guy who is going to be speaker of the House in four years, and his name has been on the ballot one time. comments during an appearance on 'The Rachel Maddow Show' on MSNBC"
"We continue to see these isolated incidents of people trying to vote five, six times a day.","We continue to see these isolated incidents of people trying to vote five, six times a day. an interview with a newspaper editorial board"
I sponsored and was the co-sponsor of the only legislation that ever passed that had E-Verify provisions in it back in 2010 when I served in the Legislature.,I sponsored and was the co-sponsor of the only legislation that ever passed that had E-Verify provisions in it back in 2010 when I served in the Legislature. a debate
Operating a health care exchange would be illegal in Georgia and some states because of legislation passed in those states.,Operating a health care exchange would be illegal in Georgia and some states because of legislation passed in those states. an article
On opposing any and all efforts to increase taxes.,On opposing any and all efforts to increase taxes. pledge
Pediatricians have cut down on the number and proximity of vaccines because they recognize there have been too many in too short a period of time.,Pediatricians have cut down on the number and proximity of vaccines because they recognize there have been too many in too short a period of time. the CNN GOP presidential debate
Homosexual behavior cuts your lifeby about 20 years.,Homosexual behavior cuts your lifeby about 20 years. an interview.
The proposed Gogebic iron ore mine is just up the hill from the Apostle Islands National Lakeshore caves along Lake Superior.,The proposed Gogebic iron ore mine is just up the hill from the Apostle Islands National Lakeshore caves along Lake Superior. a documentary
"If youre from Syria and youre a Christian, you cannot come into this country as a refugee.","If youre from Syria and youre a Christian, you cannot come into this country as a refugee. a speech in Las Vegas"
Millionaires working side by side with George Soros are bankrolling (John Kasichs) super PAC.,Millionaires working side by side with George Soros are bankrolling (John Kasichs) super PAC. a Trusted Leadership PAC ad
Georgia could get money for schools by scraping the gold off the gold dome of the state Capitol.,Georgia could get money for schools by scraping the gold off the gold dome of the state Capitol. a speech
The 2011 Legislature did not cut Texas public school funding.,The 2011 Legislature did not cut Texas public school funding. a public appearance.
"In the weekend after the terrorist attacks in Paris, the White House said this couldnt happen in the United States. ISIS couldnt reach us here.","In the weekend after the terrorist attacks in Paris, the White House said this couldnt happen in the United States. ISIS couldnt reach us here. on MSNBC's ""Morning Joe"""
"In 2001 and 02 . . . we had the pension system funded at (the)100% level in that year, and we did for two years at that point.","In 2001 and 02 . . . we had the pension system funded at (the)100% level in that year, and we did for two years at that point. an interview on WPRI-TV's ""Newsmakers."""
Mitt Romney ... gave you government health care that is now bankrupting the state of Massachusetts.,Mitt Romney ... gave you government health care that is now bankrupting the state of Massachusetts. a Webcast
"Says, regarding the presence of classified information in her email, FBI Director James Comey said my answers were truthful, and what Ive said is consistent with what I have told the American people.","Says, regarding the presence of classified information in her email, FBI Director James Comey said my answers were truthful, and what Ive said is consistent with what I have told the American people. an interview on ""Fox News Sunday"""
"Statistics show one male cat can father 420,000 kittens in five years.","Statistics show one male cat can father 420,000 kittens in five years. a news release"
The only time government employment has gone down during a recession has been under me.,"The only time government employment has gone down during a recession has been under me. a speech in Albany, N.Y."
Says the government wants to require farm tractor drivers to hold commercial drivers licenses even if theyre just crossing a single public road.,Says the government wants to require farm tractor drivers to hold commercial drivers licenses even if theyre just crossing a single public road. a speech.
"In Minnesota, well over 6,200 election-day registrations from 2008 proved fraudulent.","In Minnesota, well over 6,200 election-day registrations from 2008 proved fraudulent. a newsletter"
"Clinton ""refused repeated requests to meet with the Gold Star Mothers.""","Clinton ""refused repeated requests to meet with the Gold Star Mothers."" an e-mail message circulated by many people."
"Under Obamas plan (for welfare), you wouldnt have to work and wouldnt have to train for a job. They just send you your welfare check.","Under Obamas plan (for welfare), you wouldnt have to work and wouldnt have to train for a job. They just send you your welfare check. a campaign ad"
On a balanced budget amendment.,On a balanced budget amendment. a TV interview.
McGinty previously told a local community newspaper in her native Philadelphia that she has found an alarming undercurrent of misinformed people in the T part of the state outside of Philadelphia and Pittsburgh.,McGinty previously told a local community newspaper in her native Philadelphia that she has found an alarming undercurrent of misinformed people in the T part of the state outside of Philadelphia and Pittsburgh. In a press release
The goal of Common Core is to instill federally determined attitudes and mindsets in students including political and religious beliefs.,The goal of Common Core is to instill federally determined attitudes and mindsets in students including political and religious beliefs. a report linked to on a website
There have been 30 published polls in this election cycle and Harry Reids been trailing in every single one.,There have been 30 published polls in this election cycle and Harry Reids been trailing in every single one. a Talking Points Memo article
Says state Senate candidate Aaron Bean voted to give health care subsidies to illegal immigrants.,Says state Senate candidate Aaron Bean voted to give health care subsidies to illegal immigrants. an attack ad
The 2009-11 state budget that Democrats approved left Wisconsin taxpayers $3.6 billion in debt.,The 2009-11 state budget that Democrats approved left Wisconsin taxpayers $3.6 billion in debt. a radio ad
Job creation has gotten worse each year that Scott Walker has been governor.,Job creation has gotten worse each year that Scott Walker has been governor. a radio interview
"Says Obama called Israel ""a constant sore"" that infects U.S. foreign policy.","Says Obama called Israel ""a constant sore"" that infects U.S. foreign policy. a news release."
Says Nevada lawmakers voted to allow teenaged boys to shower with your teenaged girls in public school locker rooms.,Says Nevada lawmakers voted to allow teenaged boys to shower with your teenaged girls in public school locker rooms. multiple pieces of campaign literature.
"Gov. Rick Scott tried to kick 180,000 people off the voter rolls.","Gov. Rick Scott tried to kick 180,000 people off the voter rolls. an email"
The crime rate in some Atlanta neighborhoods has dropped by 35 to 51 percent.,The crime rate in some Atlanta neighborhoods has dropped by 35 to 51 percent. a press release
Bioweapon! Zika virus is being spread by GMO mosquitos (sic),Bioweapon! Zika virus is being spread by GMO mosquitos (sic) comments on YouTube
On abortion.,On abortion. an interview
The government will go out and buy my breast pump for my babies.,"The government will go out and buy my breast pump for my babies. an interview on ""The Laura Ingraham Show"""
There is a very identifiable Somali community back home in Delaware.,There is a very identifiable Somali community back home in Delaware. remarks at a White House summit
"Says Republican gubernatorial candidate Scott Walker increased his own pay by $50,000.","Says Republican gubernatorial candidate Scott Walker increased his own pay by $50,000. campaign literature distributed by an outside group"
"Palin said stimulus money for weatherization required ""universal energy building codes for Alaska, kind of a one-size-fits-all building code that isn't going to work up there in Alaska.""","Palin said stimulus money for weatherization required ""universal energy building codes for Alaska, kind of a one-size-fits-all building code that isn't going to work up there in Alaska."" an interview with Sean Hannity on Fox"
My opponent has no child care plan.,"My opponent has no child care plan. a speech in Aston, Pa."
Says President Barack Obama has not proposed one thing that would change the fact that Warren Buffett pays a lower tax rate than his secretary.,Says President Barack Obama has not proposed one thing that would change the fact that Warren Buffett pays a lower tax rate than his secretary. a Fox news interview
"300,000 Floridians have lost their health insurance as a result of Obamacare.","300,000 Floridians have lost their health insurance as a result of Obamacare. a campaign ad"
The DREAM Act the would give amnesty to over two million illegal aliens.,The DREAM Act the would give amnesty to over two million illegal aliens. a chain e-mail
"For four years, we balanced the budget and paid off $405 billion in debt.","For four years, we balanced the budget and paid off $405 billion in debt. a presidential campaign announcement video"
"Donald Trumps education plan to dramatically slash funding for public education would fire 49,000 Texas teachers.","Donald Trumps education plan to dramatically slash funding for public education would fire 49,000 Texas teachers. a blog post"
Kip Kinkel and Clackamas Town Center shootings both where citizen with gun stopped the crime,Kip Kinkel and Clackamas Town Center shootings both where citizen with gun stopped the crime a legislative hearing tweet
Not a single unarmed white person has been shot by the police in New York in about 45 years.,"Not a single unarmed white person has been shot by the police in New York in about 45 years. a panel on ""Real Time with Bill Maher"""
Oregon leads the nation in number of jobs per capita in manufacturing.,Oregon leads the nation in number of jobs per capita in manufacturing. a paper for the Oregon Business Plan
"The Obama administration ""has been constrained by the Oil Pollution Act of 1990, which basically gives the responsible party the lead role in trying to not only fix the problem, but contain the problem.""","The Obama administration ""has been constrained by the Oil Pollution Act of 1990, which basically gives the responsible party the lead role in trying to not only fix the problem, but contain the problem."" a discussion on ABC's 'This Week'"
The Libertarian Party is the third-largest political party in the U.S.,The Libertarian Party is the third-largest political party in the U.S. the Libertarian Party of Broward website
The U.S. military is at risk of losing its military superiority because our Navy is smaller than its been since 1917. Our Air Force is smaller and older than any time since 1947.,"The U.S. military is at risk of losing its military superiority because our Navy is smaller than its been since 1917. Our Air Force is smaller and older than any time since 1947. a Republican presidential debate in Myrtle Beach, S.C."
"All legislative mail, from the content to the timing, is approved by the speakers office.","All legislative mail, from the content to the timing, is approved by the speakers office. a story in the Clarksville Leaf-Chronicle"
"Were above 800 million Muslims radicalized, more than half the Muslims on Earth Thats not a minority. Thats now a majority.","Were above 800 million Muslims radicalized, more than half the Muslims on Earth Thats not a minority. Thats now a majority. a YouTube video"
Seth Magaziner plans to spend billions more of your money.,Seth Magaziner plans to spend billions more of your money. a television commercial
"President Barack Obama wants to take in 250,000 (people) from Syria.","President Barack Obama wants to take in 250,000 (people) from Syria. a rally in Beaumont, Texas"
"Under the cap-and-trade bill, homes would have to be retrofitted to meet energy and water efficiency standards before they could be sold.","Under the cap-and-trade bill, homes would have to be retrofitted to meet energy and water efficiency standards before they could be sold. a chain e-mail"
Says the Donald J.Trump Foundations money is his money.,Says the Donald J.Trump Foundations money is his money. an interview on CNN
On allowing Shelby Countys schools merger commission to finish work before allowing any new merger legislation.,On allowing Shelby Countys schools merger commission to finish work before allowing any new merger legislation. signing new schools legislation.
The Republicans just voted last year to end Medicare.,The Republicans just voted last year to end Medicare. a speech on the House floor
You know our current president is (Muslim). You know hes not even an American.,"You know our current president is (Muslim). You know hes not even an American. a town hall held by Donald Trump in Rochester, N.H."
Says the headlines tell the story of how Walker has mismanaged Milwaukee County,Says the headlines tell the story of how Walker has mismanaged Milwaukee County a campaign TV ad
"Every other democracy in the world has a health care system that covers everybody, and we don't.","Every other democracy in the world has a health care system that covers everybody, and we don't. remarks on NBC's Meet the Press"
"Says Tom Nelson backed higher taxes on Social Security, costing Wisconsin seniors $95 million.","Says Tom Nelson backed higher taxes on Social Security, costing Wisconsin seniors $95 million. a TV ad"
"On the last night of the General Assembly, by 11 oclock 95 to 98 percent of the business was done. So we really didnt have that late-night session. We were just holding on one bill.","On the last night of the General Assembly, by 11 oclock 95 to 98 percent of the business was done. So we really didnt have that late-night session. We were just holding on one bill. an interview on WPRI's ""Newsmakers."""
Says she was misquoted and didnt say that the Israeli ambassador said what the Republicans are doing is dangerous for Israel.,Says she was misquoted and didnt say that the Israeli ambassador said what the Republicans are doing is dangerous for Israel. comments to Fox News
Says Donald Trump always pays his bills promptly.,Says Donald Trump always pays his bills promptly. a speech at the Republican National Convention in Cleveland
Says Barack Obama said that ordinary men and women are too small-minded to govern their own affairs and that individuals should surrender their rights to an all-powerful sovereign.,Says Barack Obama said that ordinary men and women are too small-minded to govern their own affairs and that individuals should surrender their rights to an all-powerful sovereign. emails and social media posts circulating on the Internet
"Promotes a chart saying that Barack Obama has increased the debt by 16 percent, compared to George W. Bush, who increased it by 115 percent.","Promotes a chart saying that Barack Obama has increased the debt by 16 percent, compared to George W. Bush, who increased it by 115 percent. a chart posted on her Flickr account"
"Says a man in Ferguson, Mo., was photographed holding a sign that said, No mother should have to fear for her sons life every time he robs a store.","Says a man in Ferguson, Mo., was photographed holding a sign that said, No mother should have to fear for her sons life every time he robs a store. a chain email"
"Says Rick Perry and the Republican-controlled Texas Legislature managed to slash the budget of the volunteer fire departments in our state by 75 percent in the last legislative session, reducing their abilities to fight recent wildfires.","Says Rick Perry and the Republican-controlled Texas Legislature managed to slash the budget of the volunteer fire departments in our state by 75 percent in the last legislative session, reducing their abilities to fight recent wildfires. an interview."
Paula Deen supported and campaigned for Barack Obama.,Paula Deen supported and campaigned for Barack Obama. an online op-ed
Creflo Dollar has endorsed Republican Donald Trump for president.,Creflo Dollar has endorsed Republican Donald Trump for president. social media sites
"If Austin voters reject Proposition 1, a completely new City-run criminal background check process will cost millions in processing fees, additional staff, and bureaucracy with taxpayers getting the bill.","If Austin voters reject Proposition 1, a completely new City-run criminal background check process will cost millions in processing fees, additional staff, and bureaucracy with taxpayers getting the bill. a voter mailer noted by a reader"
Bill Nelson voted for higher taxes 150 times.,"Bill Nelson voted for higher taxes 150 times. in a debate in Davie, Fla."
A Scott Rothstein victim says that he was swindled by Charlie Crist.,A Scott Rothstein victim says that he was swindled by Charlie Crist. TV ad
Says Debo Adegbile was nominated to serve as a judge on the U.S. Circuit Court of Appeals and was abruptly withdrawn by the administration.,"Says Debo Adegbile was nominated to serve as a judge on the U.S. Circuit Court of Appeals and was abruptly withdrawn by the administration. an op-ed in the ""Wall Street Journal"""
"Pls refer to Jan.1 tax changes appropriately: theyre OBAMA TAX HIKES theyll slam every Americans savings, investments job opportunity","Pls refer to Jan.1 tax changes appropriately: theyre OBAMA TAX HIKES theyll slam every Americans savings, investments job opportunity a Twitter message"
Says Congressman Eric Cantor wants to eliminate Social Security.,Says Congressman Eric Cantor wants to eliminate Social Security. a TV ad.
Says the Obama administration plans to ban all weapons for U.S. citizens through international treaties.,Says the Obama administration plans to ban all weapons for U.S. citizens through international treaties. a chain email.
Says Ted Cruzs father was with Lee Harvey Oswald before the assassination of President John F. Kennedy.,Says Ted Cruzs father was with Lee Harvey Oswald before the assassination of President John F. Kennedy. an interview on Fox News
Says Mitt Romney would deny gay people the right to adopt children.,Says Mitt Romney would deny gay people the right to adopt children. a Web ad
"In Rhode Island, a recent study showed that among a group of people who had been homeless for a year or more, Medicaid costs averaged about $60,000 per person.","In Rhode Island, a recent study showed that among a group of people who had been homeless for a year or more, Medicaid costs averaged about $60,000 per person. a Journal commentary"
On protecting Social Security benefits and changing the retirement age.,On protecting Social Security benefits and changing the retirement age. an campaign e-mail
Baseball and insurance are the only industries exempt from antitrust laws.,Baseball and insurance are the only industries exempt from antitrust laws. a television advertisement
The health care law includes tort reform.,The health care law includes tort reform. a speech on the House floor
China is trying to develop nuclear capability.,"China is trying to develop nuclear capability. an interview on ""PBS Newshour"""
"New Jersey alone, my home state, is facing a ten-and-a-half billion dollar shortfall in its 2012 fiscal budget. This means more cuts in state and local spending for education, which means our kids are hurt.","New Jersey alone, my home state, is facing a ten-and-a-half billion dollar shortfall in its 2012 fiscal budget. This means more cuts in state and local spending for education, which means our kids are hurt. a speech"
"Says that as president, Barack Obama has not gone to the Texas-Mexico border","Says that as president, Barack Obama has not gone to the Texas-Mexico border an interview"
Says approximately 70 percent of jobs created in the United States in November 2007-2008 were in Texas.,Says approximately 70 percent of jobs created in the United States in November 2007-2008 were in Texas. a press release
"Next year, you will be mandated by federal law to get rid of your existing light bulbs.","Next year, you will be mandated by federal law to get rid of your existing light bulbs. a fundraising letter"
A recent report from the presidents deficit commission was completely empty on controlling health care costs.,A recent report from the presidents deficit commission was completely empty on controlling health care costs. This Week with Christiane Amanpour
"New financial regulation ""actually guarantees future bailouts of Wall Street banks.""","New financial regulation ""actually guarantees future bailouts of Wall Street banks."" a press conference"
"Cancer and matters to do with kidney failure kill more people in Kenya today than malaria, tuberculosis and AIDS combined.","Cancer and matters to do with kidney failure kill more people in Kenya today than malaria, tuberculosis and AIDS combined. a speech at a political rally"
Rhode Islands teen binge drinking rate is double the national average.,Rhode Islands teen binge drinking rate is double the national average. an advertisement
Demand for public transportation is reaching record levels in Wisconsin.,Demand for public transportation is reaching record levels in Wisconsin. a press release
Says Many people Ive talked to are angry that because of City Hall inaction we may have to spend a needless $500 million to cover and treat our pure drinking water.,Says Many people Ive talked to are angry that because of City Hall inaction we may have to spend a needless $500 million to cover and treat our pure drinking water. in a speech
"The Katy Freeway, or Interstate 10 west of Houston, is the widest freeway in the world, with up to 26 lanes, including frontage road lanes.","The Katy Freeway, or Interstate 10 west of Houston, is the widest freeway in the world, with up to 26 lanes, including frontage road lanes. a press conference announcing new chairman of transit authority"
Today gasoline hit $6 a gallon in Florida.,Today gasoline hit $6 a gallon in Florida. a debate in Arizona
"Weve seen in this last year tremendous things happening, including our unemployment rate come down 2 percentage points.","Weve seen in this last year tremendous things happening, including our unemployment rate come down 2 percentage points. an interview on WBGO’s “Newark Today”"
There was a loss of eight million jobs during the Bush eight years.,There was a loss of eight million jobs during the Bush eight years. a Senate floor speech
Says a question about his financial skills at the CNBC debate included discredited attacks from Democrats and my political opponents.,"Says a question about his financial skills at the CNBC debate included discredited attacks from Democrats and my political opponents. a Republican presidential debate in Boulder, Colo."
Today there are more men and women out of work in America than there are people working in Canada.,Today there are more men and women out of work in America than there are people working in Canada. a speech to the Conservative Political Action Conference
"Our jobless rate, our unemployment rate, is the lowest of all of the big cities in New Jersey.","Our jobless rate, our unemployment rate, is the lowest of all of the big cities in New Jersey. a speech at the Cuban Club in Elizabeth"
Supreme Court nominee Merrick Garland voted to uphold D.C.s ban on handguns.,Supreme Court nominee Merrick Garland voted to uphold D.C.s ban on handguns. an email
Rep. Robert Hurt voted again today to end Medicare and raise health care costs for Virginia seniors.,Rep. Robert Hurt voted again today to end Medicare and raise health care costs for Virginia seniors. an e-mail.
Ted Strickland destroyed Ohio jobs when he busted the budget.,Ted Strickland destroyed Ohio jobs when he busted the budget. a campaign video
"Democrats plan to keep student loan interest rates low by raising taxes on small businesses, very small businesses the kinds of small businesses that give jobs to graduates.","Democrats plan to keep student loan interest rates low by raising taxes on small businesses, very small businesses the kinds of small businesses that give jobs to graduates. a video statement"
"A Congressional Budget Office report says President Barack Obamas executive order to raise the minimum wage for new federal contract workers will cost the economy 500,000 jobs.","A Congressional Budget Office report says President Barack Obamas executive order to raise the minimum wage for new federal contract workers will cost the economy 500,000 jobs. a ""Marketplace"" segment"
"The federal government is sending refugees to states with governors who are Republicans, not to the Democrats.","The federal government is sending refugees to states with governors who are Republicans, not to the Democrats. an interview on Laura Ingraham's radio show"
"Under a public health care option, 120 million Americans will lose what they now get from private companies and be forced onto the government-run rolls as businesses decide it is more cost-effective for them to drop coverage.","Under a public health care option, 120 million Americans will lose what they now get from private companies and be forced onto the government-run rolls as businesses decide it is more cost-effective for them to drop coverage. an op-ed."
"A cashier earning $20,000 per year pays the same (Virginia) income tax rate as a hedge fund manager earning $20 million per year.","A cashier earning $20,000 per year pays the same (Virginia) income tax rate as a hedge fund manager earning $20 million per year. a news release."
"With a bill bringing $100 million in property tax relief, the typical Wisconsin homeowner will save approximately $680 over four years.","With a bill bringing $100 million in property tax relief, the typical Wisconsin homeowner will save approximately $680 over four years. a press release"
The health care reform bill -- on Page 16 -- outlaws private insurance.,The health care reform bill -- on Page 16 -- outlaws private insurance. an editorial.
"When Rachel Zenzinger was on the Arvada City Council, she voted to spend taxpayer funds for a junket to China.","When Rachel Zenzinger was on the Arvada City Council, she voted to spend taxpayer funds for a junket to China. a mailer"
Hydrogen sulfide . . . [was] used in the genocide of Jews in Germany.,Hydrogen sulfide . . . [was] used in the genocide of Jews in Germany. a public forum
On support for the Export-Import Bank,On support for the Export-Import Bank
92 percent of President Barack Obamas administration has never worked outside government.,92 percent of President Barack Obamas administration has never worked outside government. comments at the Liberty County Chamber of Commerce annual dinner.
"The stimulus bill ""didnt create one new job.""","The stimulus bill ""didnt create one new job."" a press conference"
"Says the stimulus bill sent tax credits overseas, such as $1.2 billion to a solar company thats building a plant in Mexico.","Says the stimulus bill sent tax credits overseas, such as $1.2 billion to a solar company thats building a plant in Mexico. a TV ad"
Only the State of New York spends more money on Medicaid than the State of New Jersey.,Only the State of New York spends more money on Medicaid than the State of New Jersey. a television interview on On the Line
An independent payment advisory board created by the health care reform law can ration care and deny certain Medicare treatments.,An independent payment advisory board created by the health care reform law can ration care and deny certain Medicare treatments. a television ad
Says her accomplishments include a fiscally responsible budget agreement that controls state spending.,Says her accomplishments include a fiscally responsible budget agreement that controls state spending. a press release
Austin was the site of the first mass shooting in the country.,Austin was the site of the first mass shooting in the country. an interview with Bob Cole on Austin's KOKE-FM
Says Bruce Braley threatened to sue a neighbor over chickens that came onto (his) property.,Says Bruce Braley threatened to sue a neighbor over chickens that came onto (his) property. a debate
Says Wisconsin Gov. Scott Walker in his budget repair bill is showing that no stone goes unturned as he asks everyone to tighten their belts.,Says Wisconsin Gov. Scott Walker in his budget repair bill is showing that no stone goes unturned as he asks everyone to tighten their belts. a statement to reporters
There is a 34 percent increase in violent crime in the state of California. And thats just within the last year.,There is a 34 percent increase in violent crime in the state of California. And thats just within the last year. a debate
Marco Rubio says Solo Ingles (English only).,Marco Rubio says Solo Ingles (English only). a web ad.
"Say this biennium, liquor sales account for nearly $1 billion in the state budget.","Say this biennium, liquor sales account for nearly $1 billion in the state budget. a commentary article."
Early census returns are showing that conservatives have been measurably less likely than liberals to return their census forms.,Early census returns are showing that conservatives have been measurably less likely than liberals to return their census forms. an op ed article
The church Barack Obama belongs to only admits black people.,The church Barack Obama belongs to only admits black people.
"After actions by Gov. Scott Walker and Republicans, Wisconsin is dead broke.","After actions by Gov. Scott Walker and Republicans, Wisconsin is dead broke. a Facebook post"
A scheduled speech by President Barack Obama will be the first time an American president has spoken directly to the nation's school children about persisting and succeeding in school.,A scheduled speech by President Barack Obama will be the first time an American president has spoken directly to the nation's school children about persisting and succeeding in school. a letter to principals
The deal to raise the nations debt ceiling will directly link a debt ceiling increase to spending cuts for the first time ever.,The deal to raise the nations debt ceiling will directly link a debt ceiling increase to spending cuts for the first time ever. a mailer posted on bluejersey.com
On campaign contributions from electric utilities.,On campaign contributions from electric utilities. a news conference.
Says Bernie Sanders is going to tax you people at 90 percent.,Says Bernie Sanders is going to tax you people at 90 percent. comments at a rally.
U.S. Rep. Phil Gingrey wants public schools to teach women to stay in their place.,U.S. Rep. Phil Gingrey wants public schools to teach women to stay in their place. a Georgia's WIN List press release
Says U.S. House opponent Michael Williams does not live in and has never voted in the congressional district hes seeking to represent.,Says U.S. House opponent Michael Williams does not live in and has never voted in the congressional district hes seeking to represent. at a campaign stop.
No one in American history has moved from a June 16 announcement to a May 26 winning of a majority. Trumps achievement is remarkable.,No one in American history has moved from a June 16 announcement to a May 26 winning of a majority. Trumps achievement is remarkable. a post on Twitter
Slim Jims just recently cost 99 cents but now cost $2.69.,"Slim Jims just recently cost 99 cents but now cost $2.69. an interview with ""Newsweek"""
President Barack Obama and Secretary of State John Kerry agreed to lift Irans economic and arms sanctions without any proof of change in conduct.,President Barack Obama and Secretary of State John Kerry agreed to lift Irans economic and arms sanctions without any proof of change in conduct. press release
OShaughnessy even voted for her own personal stimulus package -- a taxpayer-funded pay raise for herself.,OShaughnessy even voted for her own personal stimulus package -- a taxpayer-funded pay raise for herself. a television campaign ad
"When Washington liberals wanted to take away our guns, Chet said no.","When Washington liberals wanted to take away our guns, Chet said no. a TV ad"
"Because of Obamacare, over the last two years, health care premiums have gone up -- its true -- but theyve gone up slower than any time in the last 50 years.","Because of Obamacare, over the last two years, health care premiums have gone up -- its true -- but theyve gone up slower than any time in the last 50 years. a debate in Denver"
Says Ken Cuccinelli attacked churches for helping the poor.,Says Ken Cuccinelli attacked churches for helping the poor. a fundraising letter.
"Says Michele Bachmann said, The Chinese built a Great Wall 5,000 years ago. You dont see any illegal Mexicans in China.","Says Michele Bachmann said, The Chinese built a Great Wall 5,000 years ago. You dont see any illegal Mexicans in China. a meme."
"Says Hillary Clinton was let off the hook for her email scandal while Gen. David Petraeus had his life destroyed for doing far, far less.","Says Hillary Clinton was let off the hook for her email scandal while Gen. David Petraeus had his life destroyed for doing far, far less. a speech"
Transporting drugs is the price of admission for people crossing the border illegally.,Transporting drugs is the price of admission for people crossing the border illegally. a comment on The Helen Glover Show
A filibuster has never really been successfully used against a Supreme Court justice.,"A filibuster has never really been successfully used against a Supreme Court justice. an interview on Comedy Central's ""The Colbert Report"""
Scientists are questioning the original idea that man-made global warming is what is causing the climate to change. (It is) more and more being put into question.,Scientists are questioning the original idea that man-made global warming is what is causing the climate to change. (It is) more and more being put into question. a campaign stop in New Hampshire
Obamacare is going to increase the divorce rate.,Obamacare is going to increase the divorce rate. a segment on his radio show
No federal official at any level is currently allowed to say Merry Christmas.,"No federal official at any level is currently allowed to say Merry Christmas. a campaign event in Davenport, Iowa"
"Obama ""refused to not only put his hand on his heart during the Pledge of Allegiance, but refused to say the pledge.""","Obama ""refused to not only put his hand on his heart during the Pledge of Allegiance, but refused to say the pledge."" an e-mail circulated by many people."
"In Wisconsin, 98 percent of all small businesses will qualify for income-tax relief under my plan, freeing them to expand and create jobs.","In Wisconsin, 98 percent of all small businesses will qualify for income-tax relief under my plan, freeing them to expand and create jobs. a news release"
"Says to Hillary Clinton, You heard what I said about (the Trans-Pacific Partnership trade deal), and all of a sudden you were against it.","Says to Hillary Clinton, You heard what I said about (the Trans-Pacific Partnership trade deal), and all of a sudden you were against it. a Presidential debate"
On the status of illegal immigrants,On the status of illegal immigrants an interview
(Jack Kingston) had more earmarks at one time than every member of the Georgia delegation put together.,(Jack Kingston) had more earmarks at one time than every member of the Georgia delegation put together. an interview
"One of the most troubling aspects of the Rubio-Schumer Gang of Eight bill was that it gave President Obama blanket authority to admit refugees, including Syrian refugees, without mandating any background checks whatsoever.","One of the most troubling aspects of the Rubio-Schumer Gang of Eight bill was that it gave President Obama blanket authority to admit refugees, including Syrian refugees, without mandating any background checks whatsoever. a Republican presidential debate in Las Vegas"
On whether the federal government should set a minimum wage,On whether the federal government should set a minimum wage a news conference
Says eight Americans died in a knife attack at a Minnesota mall.,Says eight Americans died in a knife attack at a Minnesota mall. a fundraising email
Says he has engaged in the political process only in the past decade.,"Says he has engaged in the political process only in the past decade. a ""Wall Street Journal"" op-ed"
"Says carpet bombing means bombing not a city, but the location of the troops, with embedded special forces to direct the air power.","Says carpet bombing means bombing not a city, but the location of the troops, with embedded special forces to direct the air power. a Republican presidential debate in Las Vegas"
You lie! (in response to President Obama saying health reform would not insure illegal immigrants.),You lie! (in response to President Obama saying health reform would not insure illegal immigrants.) the audience at a joint session of Congress
"Pope Francis uses a modest compact car to get around, while Creflo Dollar drives an expensive sports car.","Pope Francis uses a modest compact car to get around, while Creflo Dollar drives an expensive sports car. Facebook posts"
I was able to go and buy an automatic weapon Most people can go out and buy an automatic weapon.,I was able to go and buy an automatic weapon Most people can go out and buy an automatic weapon. a live broadcast on CNN
The Democrats plan to raise your tax rates to 70 or 80 percent.,The Democrats plan to raise your tax rates to 70 or 80 percent. the fourth GOP undercard debate.
Says many public-employee unions falsely told their Wisconsin members his budget-repair bill sought 12 percent to 13 percent of their incomes for health insurance premiums.,Says many public-employee unions falsely told their Wisconsin members his budget-repair bill sought 12 percent to 13 percent of their incomes for health insurance premiums. a television interview
Says Hillary Clintons energy agenda will cost the U.S. economy over $5 trillion,"Says Hillary Clintons energy agenda will cost the U.S. economy over $5 trillion a speech in Roanoke, Va."
Says the D.C.citycouncilpasseda lawbanninglethalrat trapping.,Says the D.C.citycouncilpasseda lawbanninglethalrat trapping. an interview.
"Over the last two years since President Obama has taken office, the federal government has added 200,000 new federal jobs.","Over the last two years since President Obama has taken office, the federal government has added 200,000 new federal jobs. a press conference"
On unemployment rates: We have counties in Southwest Virginia that are well into double digits and some that are pushing 20 percent.,On unemployment rates: We have counties in Southwest Virginia that are well into double digits and some that are pushing 20 percent. a speech.
Says that President Obama said that Small Businesses Succeed Because of Government.,Says that President Obama said that Small Businesses Succeed Because of Government. in a blog post on his campaign website.
"In K-12 education, our kids are scoring at the bottom of science and mathematics right now in the industrialized world -- at the bottom.","In K-12 education, our kids are scoring at the bottom of science and mathematics right now in the industrialized world -- at the bottom. a debate"
"Royalties foroil and other energy sources are the ""second-largest revenue source to the federal government after the IRS.""","Royalties foroil and other energy sources are the ""second-largest revenue source to the federal government after the IRS."" an interview with Dylan Ratigan on MSNBC"
"Says Bernie Sanders once said, Instead of removing the conditions that make people depressed, modern society gives them antidepressant drugs.","Says Bernie Sanders once said, Instead of removing the conditions that make people depressed, modern society gives them antidepressant drugs. a graphic circulating on the Internet"
I represent the fourth-poorest (congressional) district in the nation.,I represent the fourth-poorest (congressional) district in the nation. an interview with a weekly newspaper
Says Patrick Murphy wrongly conveyed Rubios stance on abortion for women infected by Zika.,Says Patrick Murphy wrongly conveyed Rubios stance on abortion for women infected by Zika. a Spanish-language campaign ad
A recent drop in the unemployment rate is questionable because it was calculated over two days of the Thanksgiving week.,A recent drop in the unemployment rate is questionable because it was calculated over two days of the Thanksgiving week. his radio show
I have never voted for a tax increase.,I have never voted for a tax increase. his campaign Web site
"(Environmentalists) said Were only going to stop coal mining above 2,000 feet. ... Well guess where all the coal in the state of Tennessee is? Above 2,000 feet.","(Environmentalists) said Were only going to stop coal mining above 2,000 feet. ... Well guess where all the coal in the state of Tennessee is? Above 2,000 feet. rally for coal miners"
"Says that with President Obamas re-election, state and federal income tax rates for some taxpayers will rise to roughly 65 percent.","Says that with President Obamas re-election, state and federal income tax rates for some taxpayers will rise to roughly 65 percent. an email to employees"
Why was there no news coverage of this raid on the Arizona border? Seizure was just five days ago. Right on the Arizona border!,Why was there no news coverage of this raid on the Arizona border? Seizure was just five days ago. Right on the Arizona border! an email
Says Mitt Romney has changed his position on supporting the TARP program.,Says Mitt Romney has changed his position on supporting the TARP program. a Web ad
The St. Norbert College/Wisconsin Public Radio poll has been wrong in almost every election.,The St. Norbert College/Wisconsin Public Radio poll has been wrong in almost every election. a television interview
Wisconsins Government Accountability Board wanted to consider Mickey Mouse and Adolf Hitler as valid signatures on recall petitions.,Wisconsins Government Accountability Board wanted to consider Mickey Mouse and Adolf Hitler as valid signatures on recall petitions. a tweet
They (Clinton and Obama) have never to my knowledge been involved in legislation nor hearings nor engagement on this issue (climate change).,"They (Clinton and Obama) have never to my knowledge been involved in legislation nor hearings nor engagement on this issue (climate change). North Bend, Wash."
A state bill would end a longstanding requirement that local governments repair highways and sidewalks -- and block injured citizens from suing over neglected maintenance.,A state bill would end a longstanding requirement that local governments repair highways and sidewalks -- and block injured citizens from suing over neglected maintenance. a news release
"An Iowa policy ""provides for a state round up of Iowa citizens who might be exposed to the swine flu virus.""","An Iowa policy ""provides for a state round up of Iowa citizens who might be exposed to the swine flu virus."" a chain e-mail"
Abortionists have reduced our black population by more than 25 percent since 1973.,Abortionists have reduced our black population by more than 25 percent since 1973. House floor debate on HB 845
Democrat Russ Feingold announced his Wisconsin Senate run today fromCalifornia.,Democrat Russ Feingold announced his Wisconsin Senate run today fromCalifornia. a tweet
Says gubernatorial recall candidate Tom Barrett supported passage of Gov. Scott Walkers bill stripping collective bargaining of state employees.,Says gubernatorial recall candidate Tom Barrett supported passage of Gov. Scott Walkers bill stripping collective bargaining of state employees. a web site posting
Says Gov. Scott Walker hasnt done a public event this entire year.,Says Gov. Scott Walker hasnt done a public event this entire year. an interview
President Obama gave Egypts Muslim Brotherhood one and a half billion dollars.,President Obama gave Egypts Muslim Brotherhood one and a half billion dollars. an interview on State of the State
Says Donald Trump promised to take care of everybody (through government-run healthcare and) the governments going to pay for it.,Says Donald Trump promised to take care of everybody (through government-run healthcare and) the governments going to pay for it. a political ad
"Says professional football coach Rex Ryan won championships in New York.The AFC, I think, twice.","Says professional football coach Rex Ryan won championships in New York.The AFC, I think, twice. in a speech"
"Our law enforcement agencies have found bodies in the desert, either buried or just lying out there, that have been beheaded.","Our law enforcement agencies have found bodies in the desert, either buried or just lying out there, that have been beheaded. a TV interview"
The state of New York is the worst in the nation in economic recovery.,"The state of New York is the worst in the nation in economic recovery. an interview on ""Fox & Friends"""
"Says CIA Director George Tenet told the Bush administration that the Sept. 11, 2001, terrorist attack was coming. So they did have advanced notice.","Says CIA Director George Tenet told the Bush administration that the Sept. 11, 2001, terrorist attack was coming. So they did have advanced notice. an interview on CNN's ""New Day"""
Says Hillary Clinton doesnt believe in your right to keep a gun at home for self-defense.,Says Hillary Clinton doesnt believe in your right to keep a gun at home for self-defense.
Scott Fisher tried to expand Obamacare in Texas and even voted for an official resolution to force 1 million Texans into Obamacare.,Scott Fisher tried to expand Obamacare in Texas and even voted for an official resolution to force 1 million Texans into Obamacare. a TV ad
"On whether he supports 'Don't Ask, Don't Tell.'","On whether he supports 'Don't Ask, Don't Tell.' comments at a congressional hearing."
A Census Bureau worker says he was told to skew information to bring the unemployment rate down as we headed into an election season.,"A Census Bureau worker says he was told to skew information to bring the unemployment rate down as we headed into an election season. comments on Fox News Channel's ""Fox and Friends"""
Says Gov. Chris Christies decision to close the Elizabeth MVC saved no money.,Says Gov. Chris Christies decision to close the Elizabeth MVC saved no money. a press release
No doctors who went to an American medical school will be accepting Obamacare.,No doctors who went to an American medical school will be accepting Obamacare. a column
The $290 million structural surplus in the 2011-13 Wisconsin budget is not real because it is based on the assumption that Congress will reinstate the estate tax.,The $290 million structural surplus in the 2011-13 Wisconsin budget is not real because it is based on the assumption that Congress will reinstate the estate tax. an interview
Dan Patrick changed his name from Danny Goeb to hide from his debts.,Dan Patrick changed his name from Danny Goeb to hide from his debts. a video ad
The federal Hate Crimes Prevention Act bill would create special protection for pedophiles.,The federal Hate Crimes Prevention Act bill would create special protection for pedophiles. a Fox News interview
Says Wisconsin Supreme Court candidate JoAnne Kloppenburg put an 80-year-old farmer in jail for refusing to plant native vegetation on his farm.,Says Wisconsin Supreme Court candidate JoAnne Kloppenburg put an 80-year-old farmer in jail for refusing to plant native vegetation on his farm. a TV ad
More Americans receive food aid than work in (the) private sector.,More Americans receive food aid than work in (the) private sector. a tweet
Says Land Commissioner Jerry Patterson threatened to shoot him.,Says Land Commissioner Jerry Patterson threatened to shoot him. a press release
"Inside the stimulus package is anti-Christian legislation that will stop churches from using public schools for meeting on Sundays, as well as Boy Scouts and student Bible study groups.","Inside the stimulus package is anti-Christian legislation that will stop churches from using public schools for meeting on Sundays, as well as Boy Scouts and student Bible study groups. an e-mail"
The newly proposed House Republican budget abolishes Medicare within 10 years.,The newly proposed House Republican budget abolishes Medicare within 10 years. an email blast to supporters
Says Lamar Smith sponsored the bill that funded Obamacare.,Says Lamar Smith sponsored the bill that funded Obamacare. a sign spotted outside a polling place in Austin
"Since ObamaCare and the stimulus passed, the unemployment rate in the U.S. has increased.","Since ObamaCare and the stimulus passed, the unemployment rate in the U.S. has increased. a website linked to a campaign ad"
Sen. Jim Webb persists on negating Sen. Mark Warners votes,Sen. Jim Webb persists on negating Sen. Mark Warners votes a news release.
Back door gun control is in full effect in the United States due to Obamas Environmental Protection Agency.,Back door gun control is in full effect in the United States due to Obamas Environmental Protection Agency. a blog on his website
Ronald Reagans signature on the 1986 amnesty act gave Barack Obama about 15 million additional Hispanic votes in 2012.,Ronald Reagans signature on the 1986 amnesty act gave Barack Obama about 15 million additional Hispanic votes in 2012. a House floor speech
Nevada lawmakers permanently cut taxes for over 95 percent of Nevadas businesses.,"Nevada lawmakers permanently cut taxes for over 95 percent of Nevadas businesses. in a candidate forum on March 3, 2016"
Says Donald Trump said the government is going to pay for everybody to have health care.,Says Donald Trump said the government is going to pay for everybody to have health care. an attack ad
Says 11 states have more people on welfare than employed.,Says 11 states have more people on welfare than employed. an email sent to PolitiFact Texas
"Says former Federal Reserve Chairman Alan Greenspan said that if the workers are more insecure, thats very healthy for the society because theyll serve the masters gladly and passively.","Says former Federal Reserve Chairman Alan Greenspan said that if the workers are more insecure, thats very healthy for the society because theyll serve the masters gladly and passively. a meme on social media"
Obama admin gutted @ProjChildSafe budget to provide trigger locks and safety kits.,Obama admin gutted @ProjChildSafe budget to provide trigger locks and safety kits. a tweet
"Say Ohio Reps. Marcia Fudge, Marcy Kaptur and Dennis Kucinich are socialists who are openly serving in the U.S. Congress.","Say Ohio Reps. Marcia Fudge, Marcy Kaptur and Dennis Kucinich are socialists who are openly serving in the U.S. Congress. web pages"
Some doctors say Ebola can be transmitted through the air by a sneeze or some cough.,"Some doctors say Ebola can be transmitted through the air by a sneeze or some cough. comments on ""Fox News Sunday"""
On support for Ronald Reagans policies,On support for Ronald Reagans policies comments during his campaigns
"Says Supreme Court nominee Merrick Garlandvoted, so the folks know, in Washington, D.C., to keep guns away from private citizens.","Says Supreme Court nominee Merrick Garlandvoted, so the folks know, in Washington, D.C., to keep guns away from private citizens. an episode of ""The O'Reilly Factor"""
"Forty years ago, hardly anybody in the country had health insurance.","Forty years ago, hardly anybody in the country had health insurance. an interview on Fox News"
"For every Kentuckian that has enrolled in Obamacare, 40 have been dropped from their coverage.","For every Kentuckian that has enrolled in Obamacare, 40 have been dropped from their coverage. a newsletter"
"Says the money is in the budget to give a tax break to everyone, including people making more than $1 million.","Says the money is in the budget to give a tax break to everyone, including people making more than $1 million. an interview on 6abc’s “Inside Story”"
25% of human trafficking victims are located in Texas.,25% of human trafficking victims are located in Texas. an online commentary
Says his plan to raise car registration to $56 would still leave Virginia with a fee thats equal to or lower than most states.,Says his plan to raise car registration to $56 would still leave Virginia with a fee thats equal to or lower than most states. a news conference.
"For [GM] to pay back everything it owes, it would have to sell its shares at $143 a share . . . where the highest value of a General Motors share ever was $43, $44, $46, whatever the dollars were . . .","For [GM] to pay back everything it owes, it would have to sell its shares at $143 a share . . . where the highest value of a General Motors share ever was $43, $44, $46, whatever the dollars were . . . an interview on WCPN 90.3 FM"
"In Texas, we teach both creationism and evolution in our public schools.","In Texas, we teach both creationism and evolution in our public schools. remarks during a campaign stop in New Hampshire"
A telecom bill could keep the State Corporation Commission from getting rate-of-return information from electric utilities.,A telecom bill could keep the State Corporation Commission from getting rate-of-return information from electric utilities. a House floor speech.
U.S. Rep. Scott Rigell wants gun owners in a federal registration system.,U.S. Rep. Scott Rigell wants gun owners in a federal registration system. a TV ad.
"Says pension contributions under Gov. Chris Christie would represent 75 percent of the total contribution made between the years 1995 and 2010. Thats right, in 15 years, total state contribution was only $2.1 billion.","Says pension contributions under Gov. Chris Christie would represent 75 percent of the total contribution made between the years 1995 and 2010. Thats right, in 15 years, total state contribution was only $2.1 billion. an interview on My9 News' “New Jersey Now”"
"I balanced the budget for four straight years, paid off $405 billion in debt.","I balanced the budget for four straight years, paid off $405 billion in debt. a Republican presidential debate in Sioux City, Iowa"
We have my opponent Sam Olens to thank for [the Arizona immigration ruling] since he was on the team that got Clinton elected.,We have my opponent Sam Olens to thank for [the Arizona immigration ruling] since he was on the team that got Clinton elected. a news release
"A majority of Americans since Harry Truman days support single-payer health insurance, or full Medicare for all.","A majority of Americans since Harry Truman days support single-payer health insurance, or full Medicare for all. a radio interview"
The Benghazi probe is the longest-running congressional investigation ever.,The Benghazi probe is the longest-running congressional investigation ever. a campaign Tweet
A measure to repeal the states prevailing wage law would make it easier for state contractors to hire illegal workers for Wisconsin construction jobs through an illegal worker loophole in the state budget.,A measure to repeal the states prevailing wage law would make it easier for state contractors to hire illegal workers for Wisconsin construction jobs through an illegal worker loophole in the state budget. a television ad
"Stimulus money funded a government board that made recommendations that would cost 378,000 jobs and $28.3 billion in sales.","Stimulus money funded a government board that made recommendations that would cost 378,000 jobs and $28.3 billion in sales. a tweet"
"In the last 10 years, only one piece of legislation has been cosponsored and passed by John Duncan Jr.","In the last 10 years, only one piece of legislation has been cosponsored and passed by John Duncan Jr. Posted by Ciparro's website"
United States students are achieving at number 25 out of 29 developing countries when it comes to science and math.,United States students are achieving at number 25 out of 29 developing countries when it comes to science and math. a news conference
"Says Mitt Romney backed a bill that outlaws all abortions, even in cases of rape and incest.","Says Mitt Romney backed a bill that outlaws all abortions, even in cases of rape and incest. a TV ad"
"In the last three years alone, 13 times, the Supreme Court, unanimously, 9-0, including all of the presidents liberal picks, have struck down the presidents executive orders.","In the last three years alone, 13 times, the Supreme Court, unanimously, 9-0, including all of the presidents liberal picks, have struck down the presidents executive orders. an appearance on CNN's ""State of the Union"""
20 percent of the time (smart guns) wont work.,20 percent of the time (smart guns) wont work. an interview on 'All in with Chris Hayes'
Rep. Adam Putnam was silent when Rush Limbaugh called Sonia Sotomayor a racist.,Rep. Adam Putnam was silent when Rush Limbaugh called Sonia Sotomayor a racist. a radio ad
George Allens flat tax plan would actually shrink revenues further thanthe Perry (flat tax) plan.,George Allens flat tax plan would actually shrink revenues further thanthe Perry (flat tax) plan. a news release.
"If African-Americans vote their percentage of the population in 2008, ""Mississippi is suddenly a Democratic state.""","If African-Americans vote their percentage of the population in 2008, ""Mississippi is suddenly a Democratic state."" New Hampshire"
Says Ann Kuster said the debate over Americas debt limit is not an important issue of the day.,"Says Ann Kuster said the debate over Americas debt limit is not an important issue of the day. an email to the press on June 8, 2012"
Unemployment and the housing and auto industry crises can be fixed by giving a million dollars to every worker over age 50 to retire.,Unemployment and the housing and auto industry crises can be fixed by giving a million dollars to every worker over age 50 to retire. a message via the Internet
The federal government right now does not deport criminals.,The federal government right now does not deport criminals. a town hall in New Hampshire
Harry Reids plan is basically giving the president a blank check.,Harry Reids plan is basically giving the president a blank check. a TV interview.
Over 300K home owner suicides attributed to foreclosures.,Over 300K home owner suicides attributed to foreclosures. a meme shared on social media
"Obama ... gave almost a million dollars to the (Kenya) opposition campaign who just happened to be his cousin, Raila Odinga.","Obama ... gave almost a million dollars to the (Kenya) opposition campaign who just happened to be his cousin, Raila Odinga."
Says he saw videotape of the people taking the money off the plane to pay ransom to Iran for hostages.,"Says he saw videotape of the people taking the money off the plane to pay ransom to Iran for hostages. a rally in Daytona Beach, Fla."
Sixty-one percent of our bridges are in trouble.,Sixty-one percent of our bridges are in trouble. a speech
"Jeff Merkley was the deciding vote on Obamacare, which in Oregon has been an unmitigated disaster.","Jeff Merkley was the deciding vote on Obamacare, which in Oregon has been an unmitigated disaster. a campaign news release"
"Every time the price of gasoline rises 1 cent, its abillion dollarsout of our economy that goes to Saudi Arabia.","Every time the price of gasoline rises 1 cent, its abillion dollarsout of our economy that goes to Saudi Arabia. a campaign speech"
Says Donald Trump hasnt broken his promise to release his tax returns.,Says Donald Trump hasnt broken his promise to release his tax returns. the vice presidential debate
The United States has a record number of abortions year after year after year.,The United States has a record number of abortions year after year after year. an Iowa Right to Life event in Des Moines
Says the first word spoken from the moon was Houston.,Says the first word spoken from the moon was Houston. his inauguration address
"Denies that he said the Obama campaign ""played the race card.""","Denies that he said the Obama campaign ""played the race card."" Pittsburgh"
"As Secretary of State, Hillary Clinton laundered money to Bill Clinton through Laureate Education, while Bill Clinton was an honorary chairman of the group.","As Secretary of State, Hillary Clinton laundered money to Bill Clinton through Laureate Education, while Bill Clinton was an honorary chairman of the group. an email"
"After Hurricane Katrina, Dallas and San Antonio took in 5,000 to 10,000 refugees each, but (Bill) White brought in 250,000 and put them up in his buddies empty apartment buildings and let the federal government pay their rents for over two years. They did not return to New Orleans, most of them are on welfare.","After Hurricane Katrina, Dallas and San Antonio took in 5,000 to 10,000 refugees each, but (Bill) White brought in 250,000 and put them up in his buddies empty apartment buildings and let the federal government pay their rents for over two years. They did not return to New Orleans, most of them are on welfare. an e-mail"
Says salaries and benefits for Wisconsin state employee comprised 8.5 percent of the 2009-2011 state budget.,Says salaries and benefits for Wisconsin state employee comprised 8.5 percent of the 2009-2011 state budget. a blog post
Mary Burke wasted 12.5 million dollars on a vacant lot in a move that could cost taxpayers nearly $25 million.,Mary Burke wasted 12.5 million dollars on a vacant lot in a move that could cost taxpayers nearly $25 million. a campaign TV ad
Seventy percent of the people in the state of New Jersey want marriage equality.,Seventy percent of the people in the state of New Jersey want marriage equality. an interview on NJTV's 'On The Record With Michael Aron'
"Ive been a cop in Lake County, Michigan, since 1982 thereabout. I conduct federal raids with the DEA and ATF and U.S. Marshals and the FBI and Texas Rangers.","Ive been a cop in Lake County, Michigan, since 1982 thereabout. I conduct federal raids with the DEA and ATF and U.S. Marshals and the FBI and Texas Rangers. comments on CNN"
The bill also provides full federal funding for abortions,The bill also provides full federal funding for abortions a press release
Says HillaryClintons immigration platform would create totally open borders.,Says HillaryClintons immigration platform would create totally open borders. a speech
"Wisconsin is broke, and state government is $3 billion in debt.","Wisconsin is broke, and state government is $3 billion in debt. a fund-raising letter"
"Religious groups like Knights of Columbus have been forced to allow same-sex marriage ceremonies in their facilities, against their beliefs.","Religious groups like Knights of Columbus have been forced to allow same-sex marriage ceremonies in their facilities, against their beliefs. a newspaper ad"
The Senate voted this week to allow illegal aliens access to Social Security benefits.,The Senate voted this week to allow illegal aliens access to Social Security benefits. a chain email
Jay-Z and Beyonce Attempt to Buy Rights to Confederate Flag to Prevent Further Use.,Jay-Z and Beyonce Attempt to Buy Rights to Confederate Flag to Prevent Further Use. a website post
Say Texas U.S. Reps. Eddie Bernice Johnson and Sheila Jackson Lee are among open Socialists in Congress.,Say Texas U.S. Reps. Eddie Bernice Johnson and Sheila Jackson Lee are among open Socialists in Congress. on web pages.
State legislators quietly shifted $2 billion from education to road building in 2013.,State legislators quietly shifted $2 billion from education to road building in 2013. a campaign flyer.
"The average rate of fraud in the Earned Income Tax Credit, Medicare, Medicaid and food stamps programs is 20 to 25 percent.","The average rate of fraud in the Earned Income Tax Credit, Medicare, Medicaid and food stamps programs is 20 to 25 percent. a speech"
Says the national health care law puts federal bureaucrats between an American citizen and her doctor.,Says the national health care law puts federal bureaucrats between an American citizen and her doctor. a speech at the Republican National Convention in Tampa
Report: 3 million votes in presidential election cast by illegal aliens.,Report: 3 million votes in presidential election cast by illegal aliens. an article on InfoWars
"The IRS is going to be in charge of a huge national database on health care that will include Americans personal, intimate, most close-to-the-vest-secrets.","The IRS is going to be in charge of a huge national database on health care that will include Americans personal, intimate, most close-to-the-vest-secrets. an interview on Fox News' ""On the Record"" with Greta Van Susteren"
The stories from women saying he groped or forced himself on them largely have been debunked.,The stories from women saying he groped or forced himself on them largely have been debunked. the third 2016 presidential debate
The decision to cancel the trademark of the Washington Redskins is not the Patent and Trademark Office. This is Barack Obama.,"The decision to cancel the trademark of the Washington Redskins is not the Patent and Trademark Office. This is Barack Obama. a segment on ""The Rush Limbaugh Show"""
Obamacare is one big fat VA system.,"Obamacare is one big fat VA system. a broadcast of ""The Five"" on Fox News"
"Under the Iran nuclear deal, we give them $150 billion, we get nothing.","Under the Iran nuclear deal, we give them $150 billion, we get nothing. a speech at Mar-a-Lago"
"Dont believe those phony numbers when you hear 4.9 and 5 percent unemployment. The numbers probably 28, 29, as high as 35. In fact, I even heard recently 42 percent.","Dont believe those phony numbers when you hear 4.9 and 5 percent unemployment. The numbers probably 28, 29, as high as 35. In fact, I even heard recently 42 percent. a victory speech after the New Hampshire primary"
The last Christians are about to leave Iraq.,The last Christians are about to leave Iraq. an interview on MSNBC
I have never asked for nor received a single earmark or pork barrel project for my state.,"I have never asked for nor received a single earmark or pork barrel project for my state. a debate in Manchester, N.H."
Says Hillary Clinton wants to bring in thousands of refugees to America from all around the world without any kind of security screening.,Says Hillary Clinton wants to bring in thousands of refugees to America from all around the world without any kind of security screening. a Facebook post
I recently had the opportunity to vote to give the president limited authority to begin strikes against terrorists in Iraq and Syria.,I recently had the opportunity to vote to give the president limited authority to begin strikes against terrorists in Iraq and Syria. a debate
Ben Franklin once quipped that only two things in life were certain: death and taxes. I think even he didnt envision that the tax man would visit on the day of your death.,Ben Franklin once quipped that only two things in life were certain: death and taxes. I think even he didnt envision that the tax man would visit on the day of your death. a speech in the Ohio House of Representatives
Federal government reneging on Medicaid payments to Wisconsin caused about $240 million in extra costs in the 2013-15 state budget.,Federal government reneging on Medicaid payments to Wisconsin caused about $240 million in extra costs in the 2013-15 state budget. a TV interview
The presidents first major foreign policy speech in Cairo was to apologize for our country.,The presidents first major foreign policy speech in Cairo was to apologize for our country. an interview on CNN’s “State of the Union”
The Milwaukee Bucks are actually younger than the Marquette team.,The Milwaukee Bucks are actually younger than the Marquette team. a speech
Says Connie Mack failed to pay his child support.,Says Connie Mack failed to pay his child support. a Web ad
"Of course, there is large scale voter fraud happening on and before election day.","Of course, there is large scale voter fraud happening on and before election day. a tweet"
Paul Ryan is one of only six House Republicans who voted for Teddy Kennedys bill to force Christian employers to hire LGBT employees.,Paul Ryan is one of only six House Republicans who voted for Teddy Kennedys bill to force Christian employers to hire LGBT employees. a news release
"Says Republican state leaders are using ""Soviet-style"" budget management.","Says Republican state leaders are using ""Soviet-style"" budget management. a public interview"
"The vast majority of the money I got was from small donors all across the country.''	campaign-finance	barack-obama	President	Illinois	democrat	70	71	160	163	9	an interview with CNBC's John Harwood 
5802.json	true	The Democrat-controlled Senate, it hasnt passed a budget in more than 1,000 days.	deficit,federal-budget,job-accomplishments	john-boehner	Speaker of the House of Representatives	Ohio	republican	13	22	11	4	2	a video address
6153.json	half-true	The median income in America has dropped by 10 percent in the last four years.	economy,income,jobs	mitt-romney	Former governor	Massachusetts	republican	34	32	58	33	19	a speech
6515.json	barely-true	Says U.S. Senate hopeful Tammy Baldwin voted for a $1 trillion stimulus bill that included a wasteful $800,000 to replace light bulbs.	energy,federal-budget,stimulus	crossroads-gps	Conservative advocacy group		republican	9	1	4	1	2	a television ad
385.json	true	Says Clinton did not read the National Intelligence Estimate before voting for the Iraq war.	iraq	barack-obama	President	Illinois	democrat	70	71	160	163	9	a speech in Westerville, Ohio
10932.json	barely-true	Thanks to the Act 10 collective bargaining law that took effect four years ago, ACT scores in Wisconsin are now second-best in the country for states where more than half the kids take the exam.	education,government-regulation,job-accomplishments,labor,unions	scott-walker	Milwaukee County Executive	Wisconsin	republican	26	41	32	40	11	a speech
5076.json	mostly-true	Our income, our GDP per capita, is almost 50 percent higher than (it is for) the average European.	economy	mitt-romney	Former governor	Massachusetts	republican	34	32	58	33	19	an editorial board meeting with an Iowa newspaper
12189.json	half-true	Says Rick Scott cut Medicaid so people cant get Obamacare.	health-care,medicaid	rick-scotts-starbucks-heckler	Activist, stay-at-home mom	Florida	activist	0	0	2	0	0	a confrontation with Rick Scott at Starbucks
945.json	half-true	The stimulus bill includes $8 billion for high-speed rail projects, such as a 'magnetic levitation' line from Las Vegas to Disneyland.""","The vast majority of the money I got was from small donors all across the country.''	campaign-finance	barack-obama	President	Illinois	democrat	70	71	160	163	9	an interview with CNBC's John Harwood 
5802.json	true	The Democrat-controlled Senate, it hasnt passed a budget in more than 1,000 days.	deficit,federal-budget,job-accomplishments	john-boehner	Speaker of the House of Representatives	Ohio	republican	13	22	11	4	2	a video address
6153.json	half-true	The median income in America has dropped by 10 percent in the last four years.	economy,income,jobs	mitt-romney	Former governor	Massachusetts	republican	34	32	58	33	19	a speech
6515.json	barely-true	Says U.S. Senate hopeful Tammy Baldwin voted for a $1 trillion stimulus bill that included a wasteful $800,000 to replace light bulbs.	energy,federal-budget,stimulus	crossroads-gps	Conservative advocacy group		republican	9	1	4	1	2	a television ad
385.json	true	Says Clinton did not read the National Intelligence Estimate before voting for the Iraq war.	iraq	barack-obama	President	Illinois	democrat	70	71	160	163	9	a speech in Westerville, Ohio
10932.json	barely-true	Thanks to the Act 10 collective bargaining law that took effect four years ago, ACT scores in Wisconsin are now second-best in the country for states where more than half the kids take the exam.	education,government-regulation,job-accomplishments,labor,unions	scott-walker	Milwaukee County Executive	Wisconsin	republican	26	41	32	40	11	a speech
5076.json	mostly-true	Our income, our GDP per capita, is almost 50 percent higher than (it is for) the average European.	economy	mitt-romney	Former governor	Massachusetts	republican	34	32	58	33	19	an editorial board meeting with an Iowa newspaper
12189.json	half-true	Says Rick Scott cut Medicaid so people cant get Obamacare.	health-care,medicaid	rick-scotts-starbucks-heckler	Activist, stay-at-home mom	Florida	activist	0	0	2	0	0	a confrontation with Rick Scott at Starbucks
945.json	half-true	The stimulus bill includes $8 billion for high-speed rail projects, such as a 'magnetic levitation' line from Las Vegas to Disneyland."" the Republican response to Obama's speech to Congress"
SaysJosh Mandels campaign is under FBI investigation,SaysJosh Mandels campaign is under FBI investigation an online ad
I have tremendous support from women.,"I have tremendous support from women. a speech in Jacksonville, Fla."
Says theres not much evidence to suggest that people have (contributed to global warming) or can do very much to change anything.,Says theres not much evidence to suggest that people have (contributed to global warming) or can do very much to change anything. a campaign speech
"Obama said he would ""stand with the Muslims should the political winds shift in an ugly direction.""","Obama said he would ""stand with the Muslims should the political winds shift in an ugly direction."" an e-mail message"
"Nearly 40,000 new jobs have been created in the last year due to the new wells . . . right here in Ohio.","Nearly 40,000 new jobs have been created in the last year due to the new wells . . . right here in Ohio. a TV/internet ad"
"Says I worked with our Mayor and other commissioners to help save the school year when a budget crisis in Salem threatened to cut four weeks of the school year, including negotiating with teachers to work for free.","Says I worked with our Mayor and other commissioners to help save the school year when a budget crisis in Salem threatened to cut four weeks of the school year, including negotiating with teachers to work for free. campaign material"
This is the year Florida becomes a majority minority state.,This is the year Florida becomes a majority minority state. a speech to the Florida Democratic Party
Says Greg Abbott converted over $1 million in federal grant money intended for use to prosecute online sexual predators and other cyber crimes and instead used it to harass and prosecute senior citizens who were assisting other senior citizens in applying for mail-in ballots.,Says Greg Abbott converted over $1 million in federal grant money intended for use to prosecute online sexual predators and other cyber crimes and instead used it to harass and prosecute senior citizens who were assisting other senior citizens in applying for mail-in ballots. a blog post.
Newt Gingrich co-sponsored a bill with Nancy Pelosi that would have given $60 million a year to a U.N. program supporting Chinas brutal one-child policy.,Newt Gingrich co-sponsored a bill with Nancy Pelosi that would have given $60 million a year to a U.N. program supporting Chinas brutal one-child policy. a television ad
Martin Luther King was a Republican.,Martin Luther King was a Republican. an opinion column
"West has raised $2 million from those that would leave our beaches in ruins, end Social Security and Medicare, and give corporations free reign.","West has raised $2 million from those that would leave our beaches in ruins, end Social Security and Medicare, and give corporations free reign. a fundraising e-mail"
"Says millions of dollars in tax breaks were paid for by busting unions, cutting BadgerCare, and raising taxes on the poor and the middle class, thanks to Elizabeth Coggs help.","Says millions of dollars in tax breaks were paid for by busting unions, cutting BadgerCare, and raising taxes on the poor and the middle class, thanks to Elizabeth Coggs help. a campaign flyer"
Fewer than 10 percent of those in the House are what anyone would classify as wealthy.,Fewer than 10 percent of those in the House are what anyone would classify as wealthy. Washington Report newsletter to constituents.
"Members of Congress specifically exempted themselves from many of the laws they have passed, such as being exempt from any fear of prosecution for sexual harassment ... (and) from the healthcare reform.","Members of Congress specifically exempted themselves from many of the laws they have passed, such as being exempt from any fear of prosecution for sexual harassment ... (and) from the healthcare reform. a chain email message"
The incandescent light bulb has no effect whatever on the planet.,"The incandescent light bulb has no effect whatever on the planet. comments on ""Fox News Sunday"""
"The president's plan, even after the end of its withdrawal timeline is reached, will leave in place up to 50,000 U.S. troops.","The president's plan, even after the end of its withdrawal timeline is reached, will leave in place up to 50,000 U.S. troops. a speech on the Senate floor."
Donald Trump is appealing as much to Democrats as he is to Republicans.,Donald Trump is appealing as much to Democrats as he is to Republicans. a roundtable discussion on CNN
"Bill Nelson voted for a ban on millions of commonly owned firearms, which included many popular hunting and target rifles.","Bill Nelson voted for a ban on millions of commonly owned firearms, which included many popular hunting and target rifles. on NRA ILA's website"
"More lives have been lost because of the war with the drug cartels in Juarez alone, just a few blocks from the United States of America, than have been lost in the war in Afghanistan.","More lives have been lost because of the war with the drug cartels in Juarez alone, just a few blocks from the United States of America, than have been lost in the war in Afghanistan. an interview with Fox News"
Marco Rubio thinks that government shouldn't be in the health care business at all.,Marco Rubio thinks that government shouldn't be in the health care business at all. campaign website
On sequestration,On sequestration a debate.
"Says President Barack Obama neversaid, No boots on the ground in Syria.","Says President Barack Obama neversaid, No boots on the ground in Syria. a State Department news briefing"
Wisconsins Supreme Court justices are deciding fewer opinions in civil and criminal cases than they used to.,Wisconsins Supreme Court justices are deciding fewer opinions in civil and criminal cases than they used to. an interview
President Obamas health care law says when you sell your house now you have to pay a 3.8 percent tax.,President Obamas health care law says when you sell your house now you have to pay a 3.8 percent tax. a question to a candidate
Says President Obamas grandmother in Kenya said he was born in Kenya and she was there and witnessed the birth.,"Says President Obamas grandmother in Kenya said he was born in Kenya and she was there and witnessed the birth. a ""Today Show"" interview"
We have more people working in the state of New Jersey today than weve ever had in our history.,We have more people working in the state of New Jersey today than weve ever had in our history. an interview with NJToday
The Earth is not warming.,The Earth is not warming.
Nevada is still a state that is 80 percent white voters.,Nevada is still a state that is 80 percent white voters. a MSNBC interview
"Says an estimate that Texas will face an $18 billion budget gap is a number that somebody just reached up in the air and grabbed.""","Says an estimate that Texas will face an $18 billion budget gap is a number that somebody just reached up in the air and grabbed."" an interview"
On whether he would run for U.S. Senate in 2012.,On whether he would run for U.S. Senate in 2012. news reports
"Thirty-seven percent of Central Falls retired police officers and firefighters are out on disability pensions; in most municipalities, about 5 percent of retirees collect disability pensions.","Thirty-seven percent of Central Falls retired police officers and firefighters are out on disability pensions; in most municipalities, about 5 percent of retirees collect disability pensions. a public meeting"
Theres still about $400 billion or $500 billion of the stimulus plan that has not been spent. Why dont we stop it.,Theres still about $400 billion or $500 billion of the stimulus plan that has not been spent. Why dont we stop it. an interview on NBC's 'Meet the Press'
North Korea is telling its people that their mens national team is in the World Cup final.,"North Korea is telling its people that their mens national team is in the World Cup final. a post on the blog ""Outside the Beltway"""
"Says Rand Paul thinks drug-dealing, theft, burglary and prostitution should be decriminalized.","Says Rand Paul thinks drug-dealing, theft, burglary and prostitution should be decriminalized. a campaign video"
"When Sarah Palin was in government, Barack Obama was a community organizer.","When Sarah Palin was in government, Barack Obama was a community organizer. Pittsburgh, Pa."
Says his 9-9-9 tax reform plan is not regressive.,Says his 9-9-9 tax reform plan is not regressive. several public statements
"Until the new Iran deal, China and Russia have never voted with us at the U.N. on any sanctions on Iran in the past.","Until the new Iran deal, China and Russia have never voted with us at the U.N. on any sanctions on Iran in the past. an interview on CNN"
"Insurers delayed an Illinois man's treatment, and he died because of it.","Insurers delayed an Illinois man's treatment, and he died because of it. a speech to a joint session of Congress"
This administration is slashing the Navy to pay for more Obamacare.,This administration is slashing the Navy to pay for more Obamacare. a debate.
Under the Obama plan . . . all the health care in this country is eventually going to be run by the government.,Under the Obama plan . . . all the health care in this country is eventually going to be run by the government. an interview on the Fox News Channel.
"Ryan Sittons company accepted over $650,000 in Obama stimulus dollars.","Ryan Sittons company accepted over $650,000 in Obama stimulus dollars. a press release"
"Some of the things that (Megyn Kelly) said, I didnt say.","Some of the things that (Megyn Kelly) said, I didnt say. a Meet the Press interview"
"Monica Wehby and Jason Conger are causing devastating consequences for nearly 23,000 Oregonians looking for work.","Monica Wehby and Jason Conger are causing devastating consequences for nearly 23,000 Oregonians looking for work. a DSCC news release"
"After the U.S.-led military alliance ejected Saddam Husseins forces from Kuwait in 1991, the Kuwaitis never paid us.","After the U.S.-led military alliance ejected Saddam Husseins forces from Kuwait in 1991, the Kuwaitis never paid us. a press conference"
We can fix our roads without raising taxes.,We can fix our roads without raising taxes. a TV ad
Says Michelle Obama waved red communist flags on her trip to China.,Says Michelle Obama waved red communist flags on her trip to China. a chain email
Obama couldn't have afforded his home without Rezko's help.,Obama couldn't have afforded his home without Rezko's help. in a news release
"The Clintons now charge the Secret Service $10,000 monthly rent for the use of (a) Secret Service residence and that rent is just about equal to their mortgage payment.","The Clintons now charge the Secret Service $10,000 monthly rent for the use of (a) Secret Service residence and that rent is just about equal to their mortgage payment. an e-mail message circulated by many people."
Says an appointed board created under Obamacare will have the ability to come between you and your doctor in determining the best treatment options for you!,Says an appointed board created under Obamacare will have the ability to come between you and your doctor in determining the best treatment options for you! a letter to constituents.
David Cicilline is the 5th most liberal person in the House of Representatives.,"David Cicilline is the 5th most liberal person in the House of Representatives. an appearance on ""A Lively Experiment."""
"In an interview with the Chicago TribunesEditorial Board, Comptroller Leslie Munger says that in order to balance a budget, the state would have to cut social services completely.","In an interview with the Chicago TribunesEditorial Board, Comptroller Leslie Munger says that in order to balance a budget, the state would have to cut social services completely. a YouTube video"
"Iowa, for good reason, for constitutional reasons, for reasons related to the Lord, should be the first caucus and primary.","Iowa, for good reason, for constitutional reasons, for reasons related to the Lord, should be the first caucus and primary."
Says U.S. Rep. Tammy Baldwin is backing President Barack Obamas plan to pass a $1.5 trillion tax increase.,Says U.S. Rep. Tammy Baldwin is backing President Barack Obamas plan to pass a $1.5 trillion tax increase. a news release
"A proposed revenue smart cap gives Floridians a voice, requiring a 60 percent vote by citizens in order to impose a new tax, fee, license, fine, charge or assessment.","A proposed revenue smart cap gives Floridians a voice, requiring a 60 percent vote by citizens in order to impose a new tax, fee, license, fine, charge or assessment. a press statement."
A United Nations working group has adopted a proposed agenda to enable member nations to disarm civilians within their borders.,A United Nations working group has adopted a proposed agenda to enable member nations to disarm civilians within their borders. a document shared via email and social media
"If 20 million illegals vote, you can kiss the Second Amendment goodbye.","If 20 million illegals vote, you can kiss the Second Amendment goodbye. a campaign mailer"
Planned Parenthood has now (been) found to also illegally sell baby parts.,Planned Parenthood has now (been) found to also illegally sell baby parts. a letter to Gov. Rick Scott
Perry pushed for a law that lets insurance companies raise homeowners rates without having to justify the increase.,Perry pushed for a law that lets insurance companies raise homeowners rates without having to justify the increase. a TV ad
The projected revenue from the Mayweather/Pacquiao fight is larger than the annual GDP of 29 different countries.,The projected revenue from the Mayweather/Pacquiao fight is larger than the annual GDP of 29 different countries. comments before the Mayweather vs. Pacquiao fight
Says sixty-two percent of small businesses over the last five years went under because they couldnt pay their health care bills.,Says sixty-two percent of small businesses over the last five years went under because they couldnt pay their health care bills. a speech on the House floor
Jesus was an undocumented immigrant.,Jesus was an undocumented immigrant. a CNN interview
On gay marriage,On gay marriage a debate
"Ann Kuster supports the government takeover of healthcare, which robs Medicare of over $700 billion.","Ann Kuster supports the government takeover of healthcare, which robs Medicare of over $700 billion. an August 27, 2012 advertisement, “Not Working,” aired in and around New Hampshire.”"
"A couple of debates ago, (Donald Trump) said if you dont support socialized health care, youre heartless.","A couple of debates ago, (Donald Trump) said if you dont support socialized health care, youre heartless. the Republican debate in Houston, Texas"
Its four or five states where the number of insurance options have narrowed under the Affordable Care Act.,Its four or five states where the number of insurance options have narrowed under the Affordable Care Act. an interview on CNN
Final election 2016 numbers: Trump won the popular vote.,Final election 2016 numbers: Trump won the popular vote. web posts
Says campaign contributions to her rival for a state House seat was money intended for schoolchildren.,Says campaign contributions to her rival for a state House seat was money intended for schoolchildren. a recorded telephone message
Says U.S. House candidate Carlos Curbelo supported ending the Medicare guarantee.,Says U.S. House candidate Carlos Curbelo supported ending the Medicare guarantee. a Web ad
"The Obama administration ""was successful in rushing a massive spending bill through Congress in just two days after which it sat on the president's desk for three days, while he was away on vacation.""","The Obama administration ""was successful in rushing a massive spending bill through Congress in just two days after which it sat on the president's desk for three days, while he was away on vacation."" a column in Investor's Business Daily."
"In 1992, Barack Obama directed ""Project Vote - an arm of ACORN that also encouraged voter registration.""","In 1992, Barack Obama directed ""Project Vote - an arm of ACORN that also encouraged voter registration."" a memo on campaign Web site"
A report by the US General Accountability Office (GAO) in 2008 found that the disposal of Katrina wastes by AshBritt in the south resulted in the creation of contaminated sites along the Gulf Coast and two new Superfund sites in New Orleans.,A report by the US General Accountability Office (GAO) in 2008 found that the disposal of Katrina wastes by AshBritt in the south resulted in the creation of contaminated sites along the Gulf Coast and two new Superfund sites in New Orleans. an opinion column for NJToday.net
Says abortion is the most common surgery in our country.,Says abortion is the most common surgery in our country. a radio interview
"None of the polls being conducted right now have us on the top line. None of them. Its always Trump and Clinton and then second question, third question. ... If we were included in the top line, as Johnson/Trump/Clinton, wed be at 20 percent.","None of the polls being conducted right now have us on the top line. None of them. Its always Trump and Clinton and then second question, third question. ... If we were included in the top line, as Johnson/Trump/Clinton, wed be at 20 percent. media appearances"
Sen. Barbara Boxer passed only three bills in 18 years into law.,Sen. Barbara Boxer passed only three bills in 18 years into law. a Web ad
"Under President Barack Obama, 8.3 (million) fewer Americans are working today than there were four years ago.","Under President Barack Obama, 8.3 (million) fewer Americans are working today than there were four years ago. his Fox News show"
Hedge fund managers and others in private equity pay much lower (tax) rates on their income than do truck drivers and teachers and nurses.,Hedge fund managers and others in private equity pay much lower (tax) rates on their income than do truck drivers and teachers and nurses. a television interview
It still had not gotten terrible on the roads by 2 to 3 p.m. Tuesday.,It still had not gotten terrible on the roads by 2 to 3 p.m. Tuesday. a press conference
"I am the only person in this field who is against amnesty. Every other person in this field wants to allow people who are here illegally to be able to stay here, in one form or another.","I am the only person in this field who is against amnesty. Every other person in this field wants to allow people who are here illegally to be able to stay here, in one form or another. a speech at the Republican Party of Iowa's Growth and Opportunity Party in Des Moines"
Says Gov. Rick Scotts approval ratings are up.,Says Gov. Rick Scotts approval ratings are up. comments on 'Fox and Friends'
Says all my grandparents immigrated to America.,Says all my grandparents immigrated to America. a roundtable chat in Iowa
Mickey Mouse was registered to vote (in Florida).,Mickey Mouse was registered to vote (in Florida). comments made on the House floor
"Very, very, very few people get a pat-down when they go through airport security.","Very, very, very few people get a pat-down when they go through airport security. Atlanta Press Club speech"
"The U.S. unemployment rate has been massaged, its been doctored.","The U.S. unemployment rate has been massaged, its been doctored. a breakfast talk in Iowa"
"Under Scott Walker, the Wisconsin middle class is shrinking at a faster rate than any other state in the country.","Under Scott Walker, the Wisconsin middle class is shrinking at a faster rate than any other state in the country. a television show"
The economic impact of Atlantas 2000 Super Bowl was $292 million.,The economic impact of Atlantas 2000 Super Bowl was $292 million. a study
One of the other inaccuracies ...is that we have raised taxes multiple times and run up the budget. Absolutely not true. One tax increase since Ive been in office. It was a quarter mill tax in the unincorporated area only.,One of the other inaccuracies ...is that we have raised taxes multiple times and run up the budget. Absolutely not true. One tax increase since Ive been in office. It was a quarter mill tax in the unincorporated area only. a candidates forum in Dunedin
"The profit [from automated traffic enforcement cameras] is going to the private corporations, not to the city or state.","The profit [from automated traffic enforcement cameras] is going to the private corporations, not to the city or state. a hearing at the General Assembly"
Were broke. We dont have any more money.,Were broke. We dont have any more money. a news conference and many other venues
When I was U.S. Attorney we wound up putting 10 percent of the state Legislature in jail during my seven years.,When I was U.S. Attorney we wound up putting 10 percent of the state Legislature in jail during my seven years. a town hall meeting
David Dewhurst has never once cut one penny from the state budget.,"David Dewhurst has never once cut one penny from the state budget. a Republican US Senate debate at WFAA-TV, Channel 8, in Dallas."
Wisconsin Gov. Scott Walkers move to limit collective bargaining rights has led to riots at the Capitol -- Its like Cairo has moved to Madison these days.,Wisconsin Gov. Scott Walkers move to limit collective bargaining rights has led to riots at the Capitol -- Its like Cairo has moved to Madison these days. an appearance on a TV interview program
A defense bill includes language that would require military hospitals to provide abortions on demand.,A defense bill includes language that would require military hospitals to provide abortions on demand. a statement
Says Gov. Scott Walkers repeal of a 2009 law has left Wisconsin as one of five states without an equal pay law protecting women from gender discrimination in their paycheck.,Says Gov. Scott Walkers repeal of a 2009 law has left Wisconsin as one of five states without an equal pay law protecting women from gender discrimination in their paycheck. a campaign email
Says a Canadian provincial prime minister came to Ohio for his medical treatment because of the delay in Canadian health care which would have endangered his life.,Says a Canadian provincial prime minister came to Ohio for his medical treatment because of the delay in Canadian health care which would have endangered his life. a speech in the Ohio House of Representatives
Theres a mosque inside of the Pentagon.,Theres a mosque inside of the Pentagon. a televised debate in Miami.
"If we went back to the obesity rates that existed back in the 1980s, the Medicare system over several years could save as much as a trillion dollars.","If we went back to the obesity rates that existed back in the 1980s, the Medicare system over several years could save as much as a trillion dollars. a forum with supporters"
Says Austin is the largest city in the U.S. without nonstop flights to Europe.,Says Austin is the largest city in the U.S. without nonstop flights to Europe. a KUT-FM news story
"Says (t)his 12 year council Seat-warmer has never chaired, vice chaired, or led a single Council committee meeting.","Says (t)his 12 year council Seat-warmer has never chaired, vice chaired, or led a single Council committee meeting. a flier"
Candidate for governor Roy Barnes has been fighting hard to let illegal immigrants vote.,Candidate for governor Roy Barnes has been fighting hard to let illegal immigrants vote. a website
Says Mexico can afford to build a wall because the countrys trade deficit with America is billions of dollars.,"Says Mexico can afford to build a wall because the countrys trade deficit with America is billions of dollars. a town hall in Norwalk, Iowa"
Says his campaign has released his past tax returns.,Says his campaign has released his past tax returns. an interview with CNN's Jake Tapper
The media widely overlooked comments made by former President Bill Clinton that Hillary Clinton had a terrible concussion that took six months to recover from.,"The media widely overlooked comments made by former President Bill Clinton that Hillary Clinton had a terrible concussion that took six months to recover from. comments on ""Fox News Sunday"""
Says she voted against the Medicare Part D prescription drug program because it was unfunded.,Says she voted against the Medicare Part D prescription drug program because it was unfunded. an interview
"I just talked about guns. I told you what my position was, and what I did as governor, the fact that I received the endorsement of the NRA.","I just talked about guns. I told you what my position was, and what I did as governor, the fact that I received the endorsement of the NRA. Meet the Press interview"
"For the votes that we got, I think we spent, on average, two bucks a pop. Compared to 42 bucks for incumbent Milwaukee County Executive Chris Abele.","For the votes that we got, I think we spent, on average, two bucks a pop. Compared to 42 bucks for incumbent Milwaukee County Executive Chris Abele. a press release"
"The 2011 Rebuild America Jobs Act would have cost the average American family $1,000 a year while making no significant impact to fix our infrastructure and roads.","The 2011 Rebuild America Jobs Act would have cost the average American family $1,000 a year while making no significant impact to fix our infrastructure and roads. an economic issues statement"
"More than 400 car crashes occur each year on the current, congested Columbia River Bridge.","More than 400 car crashes occur each year on the current, congested Columbia River Bridge. a newsletter."
Says President Ronald Reagan had a month of job creation of 1 million.,Says President Ronald Reagan had a month of job creation of 1 million. an appearance on Fox News Sunday
"In the last couple of days, notices were sent (by officials in Ukraine) to Jews in one city indicating that they had to identify themselves as Jews.","In the last couple of days, notices were sent (by officials in Ukraine) to Jews in one city indicating that they had to identify themselves as Jews. a speech"
"You cant read a speech by George Washington . . . without hearing him reference God, the Almighty.","You cant read a speech by George Washington . . . without hearing him reference God, the Almighty. a radio broadcast"
"Says If Oregons Legislature simply authorizes $450 million for the CRC, it will leave Oregon holding the bag for a great deal more cost responsibility.","Says If Oregons Legislature simply authorizes $450 million for the CRC, it will leave Oregon holding the bag for a great deal more cost responsibility. in a memo"
There were $2 billion in earmarks in fiscal year 2012.,There were $2 billion in earmarks in fiscal year 2012. a website statement
"Under David Dewhursts leadership, the Texas Senate passed an expansion of in-state tuition and free health care to illegal immigrants.","Under David Dewhursts leadership, the Texas Senate passed an expansion of in-state tuition and free health care to illegal immigrants. a TV ad"
Photos prove the Denver light rail system has low ridership.,Photos prove the Denver light rail system has low ridership. a debate about Greenlight Pinellas
"Rick Santorum says Rick Perry requested 1,200 earmarks as governor of Texas.","Rick Santorum says Rick Perry requested 1,200 earmarks as governor of Texas. comment to reporters."
Nancy Pelosi wants a Windfall Tax on Retirement Income.,Nancy Pelosi wants a Windfall Tax on Retirement Income. Internet attack
U.S. Rep. Stephen Fincher is the only working farmer currently serving in the House.,U.S. Rep. Stephen Fincher is the only working farmer currently serving in the House. blog post about farm bill.
Milwaukee police and firefighters are routinely getting 4 percent raises annually while everybody else is either getting zero or one percent raises.,Milwaukee police and firefighters are routinely getting 4 percent raises annually while everybody else is either getting zero or one percent raises. a TV interview
"When Disney was looking to build Disney World, they came to Miami and we told Disney to take a hike.","When Disney was looking to build Disney World, they came to Miami and we told Disney to take a hike. in an interview with the ""Miami Herald"""
Gov. Scott Walkers plan to freeze pay for state employees includes a 5.4 percent raise for himself.,Gov. Scott Walkers plan to freeze pay for state employees includes a 5.4 percent raise for himself. blog posts
"As district attorney, Susan Happ took $180,000 in a shady land deal from a man charged with multiple felony counts of sexual assault before she offered him a deferred prosecution.","As district attorney, Susan Happ took $180,000 in a shady land deal from a man charged with multiple felony counts of sexual assault before she offered him a deferred prosecution. a campaign news release"
"In Wisconsin, 300,000 voters were turned away by the states strict voter ID law in the 2016 presidential election.","In Wisconsin, 300,000 voters were turned away by the states strict voter ID law in the 2016 presidential election. tweets"
Sheriffs Call For Obamas Lynching While Leader Meets With GOP Senators,Sheriffs Call For Obamas Lynching While Leader Meets With GOP Senators an article posted on Urban Intellectuals
Proposed immigration legislation would give new immigrants a taxpayer-funded cellular phone.,Proposed immigration legislation would give new immigrants a taxpayer-funded cellular phone. blog posts on the Internet
Illegal immigrants mow the grass around the (Texas) Capitol.,Illegal immigrants mow the grass around the (Texas) Capitol. a Facebook comment
"Under Obama, the national debt has been reduced every year for the last five years.","Under Obama, the national debt has been reduced every year for the last five years. a segment on MSNBC's ""PoliticsNation"""
The Wisconsin Legislature raised taxes more than $5 billion in 2009.,The Wisconsin Legislature raised taxes more than $5 billion in 2009. a statement on campaign web site
The unemployment rate for young people is down from a 10.6 percent high in 2009 to 2.6 percent today.,The unemployment rate for young people is down from a 10.6 percent high in 2009 to 2.6 percent today. a speech
Public-employee unions spent $30 million in Wisconsin unsuccessfully trying to flip the state Senate to Democratic control.,Public-employee unions spent $30 million in Wisconsin unsuccessfully trying to flip the state Senate to Democratic control. a television interview
"There are over 2,000 crimes recorded per 100,000 population in the U.K., compared to 466 violent crimes per 100,000 in the United States.","There are over 2,000 crimes recorded per 100,000 population in the U.K., compared to 466 violent crimes per 100,000 in the United States. a meme on social media"
Most Americans are now getting their news from Facebook.,Most Americans are now getting their news from Facebook. a public forum
"Texas House Speaker Joe Straus said, I do not care if Wallace Hall swings from a tree.","Texas House Speaker Joe Straus said, I do not care if Wallace Hall swings from a tree. a speech"
Not one of the 17 GOP candidates has discussed how theyd address the rising cost of college.,Not one of the 17 GOP candidates has discussed how theyd address the rising cost of college. a tweet
If it werent for me (illegal immigration) wouldnt even be a big subject.,If it werent for me (illegal immigration) wouldnt even be a big subject. comments during the CNN debate
A $300 million stimulus allocation to Wisconsin has led to the creation of tens of thousands of jobs in every corner of this state.,A $300 million stimulus allocation to Wisconsin has led to the creation of tens of thousands of jobs in every corner of this state. a radio interview
Langevin has been the most reliable vote for Speaker Pelosi.,Langevin has been the most reliable vote for Speaker Pelosi. a posting on his website
"Obama ""supports hate-crimes expansion ... potentially putting churches at risk if they preach the truth about homosexuality.""","Obama ""supports hate-crimes expansion ... potentially putting churches at risk if they preach the truth about homosexuality."" an article written by Tom Minnery"
"Democrats' budget resolution would raise America's tax bill by ""$500-billion.""","Democrats' budget resolution would raise America's tax bill by ""$500-billion."" a poll on McCain's Web site"
"Barack Obama wants to ""restore"" the estate tax that George W. Bush ""repealed.""","Barack Obama wants to ""restore"" the estate tax that George W. Bush ""repealed."" a chain e-mail"
There are more young black males involved in the criminal justice system than there are in higher education.,There are more young black males involved in the criminal justice system than there are in higher education. a speech
The Greenlight Pinellas transportation plan involves a 300% tax increase.,The Greenlight Pinellas transportation plan involves a 300% tax increase. on their website
"100 percent of the crime is committed, in estimate, by about 15 percent of the population.","100 percent of the crime is committed, in estimate, by about 15 percent of the population. an interview by David Brown, host of the Texas Standard"
Youre supposed to throw away your shoes ifmercury from a broken CFL light bulb gets on them.,Youre supposed to throw away your shoes ifmercury from a broken CFL light bulb gets on them. a legislative hearing.
"John McCain has ""a consistent pattern of ducking important environmental votes.""","John McCain has ""a consistent pattern of ducking important environmental votes."" a letter from Sierra Club executive director Carl Pope to supporters"
SaysTed Cruz distributed the ad showing a nude Melania Trump on a rug.,SaysTed Cruz distributed the ad showing a nude Melania Trump on a rug. an interview on CNN
"Scott Walker was elected governor on a promise not to take campaign contributions from the date of his inauguration until the signing of the state budget, but broke it by taking nearly $5.6 million.","Scott Walker was elected governor on a promise not to take campaign contributions from the date of his inauguration until the signing of the state budget, but broke it by taking nearly $5.6 million. a news release"
Health care premiums up 90 percent in New Hampshire.,Health care premiums up 90 percent in New Hampshire. an ad
"When Mitt Romney chose Paul Ryan as his vice-presidential running mate, that was the end of Romneys chances to win.","When Mitt Romney chose Paul Ryan as his vice-presidential running mate, that was the end of Romneys chances to win. a speech"
Congressman Scott DesJarlais is spending his one year anniversary on vacation -- only working 6 days in all of January.,Congressman Scott DesJarlais is spending his one year anniversary on vacation -- only working 6 days in all of January. a press release.
"The Democratic health care plan is a ""government takeover of nearly 20 percent of our economy.""","The Democratic health care plan is a ""government takeover of nearly 20 percent of our economy."" a news release"
Tim Kaine wants to thwart right-to-work reform measures in Midwest battleground states.,Tim Kaine wants to thwart right-to-work reform measures in Midwest battleground states. a post on his Facebook page.
New Virginia regulations on abortion clinics provide the same sanitary environment we expect of dental offices.,New Virginia regulations on abortion clinics provide the same sanitary environment we expect of dental offices. a radio ad.
"I used my line-item veto authority to veto $360 million dollars in special interest spending, so that our budget this year ... is still smaller than the fiscal year 2008 and 2009 budgets signed by my predecessor.","I used my line-item veto authority to veto $360 million dollars in special interest spending, so that our budget this year ... is still smaller than the fiscal year 2008 and 2009 budgets signed by my predecessor. a speech at the Brookings Institution"
Says combined inflation and unemployment rates in October 2011 were the highest since Ronald Reagan succeeded Jimmy Carter.,Says combined inflation and unemployment rates in October 2011 were the highest since Ronald Reagan succeeded Jimmy Carter. a speech.
Says Texas schools have had massive increases in class sizes with Rick Perry as governor.,Says Texas schools have had massive increases in class sizes with Rick Perry as governor. an interview.
Paul Workman wants to raise the sales tax.,Paul Workman wants to raise the sales tax. a mailer
Says Sen. Sherrod Brown cast the deciding vote on the government takeover of health care.,Says Sen. Sherrod Brown cast the deciding vote on the government takeover of health care. a campaign commercial
"I wanted to keep it private, because I dont think its anybodys business if I want to send money to the vets.","I wanted to keep it private, because I dont think its anybodys business if I want to send money to the vets. a press conference in New York"
78702 is the second-most gentrified ZIP code in the entire country.,78702 is the second-most gentrified ZIP code in the entire country. an opinion column
"I signed the largest single tax cut in the history of Florida, a $25 billion tax cut over five years, directed at property tax cuts.","I signed the largest single tax cut in the history of Florida, a $25 billion tax cut over five years, directed at property tax cuts. speaking to a group of Michigan Republicans"
We (Trump University)have an A from the Better Business Bureau.,"We (Trump University)have an A from the Better Business Bureau. comments on ""Meet the Press"""
"Social Security, like I told you, is out of money. This year it is borrowing from the general treasury.","Social Security, like I told you, is out of money. This year it is borrowing from the general treasury."
Says Obama called Sarah Palin a pig.,Says Obama called Sarah Palin a pig. a Web ad
The Koch Brothers are spending more money than either the Democratic or Republican parties in the 2016 elections.,The Koch Brothers are spending more money than either the Democratic or Republican parties in the 2016 elections. a speech.
"Under Republican-backed state budget, the state education agency estimates expansion of Wisconsins school voucher program could cost nearly $2 billion annually","Under Republican-backed state budget, the state education agency estimates expansion of Wisconsins school voucher program could cost nearly $2 billion annually a fund-raising email"
U.S. military uniforms are manufactured in China.,U.S. military uniforms are manufactured in China. an online debate
We have invested record funding in protecting our environment.,We have invested record funding in protecting our environment. his State of the State speech
"Girl Scouts USAs curriculum promotes Margaret Sanger, founder of Planned Parenthood, Betty Friedan, founder of NARAL Prochoice, and other pro-abortion women as icons for our children to emulate.","Girl Scouts USAs curriculum promotes Margaret Sanger, founder of Planned Parenthood, Betty Friedan, founder of NARAL Prochoice, and other pro-abortion women as icons for our children to emulate. an email blast"
AIDS was transmitted to humans because one guy had sex with a monkey and then started having sex with men.,AIDS was transmitted to humans because one guy had sex with a monkey and then started having sex with men. an interview with Michelangelo Signorile on the Sirius satellite radio show “OutQ.”
North Dakotas economy is reeling.,North Dakotas economy is reeling. a campaign commerical
Says Hillary Clinton is wrong to say he mocked a disabled reporter.,Says Hillary Clinton is wrong to say he mocked a disabled reporter. the third presidential debate in Las Vegas
"Says many local governments in Wisconsin already require employees to pay 20 percent, 30 percent or even 40 percent of their health insurance premiums.","Says many local governments in Wisconsin already require employees to pay 20 percent, 30 percent or even 40 percent of their health insurance premiums. a news release"
"Today, the Social Security system is broke.","Today, the Social Security system is broke. an interview on News 12 New Jersey’s Power & Politics show"
Says gubernatorial candidate Clay Pell hasnt spent a dime on advertising.,"Says gubernatorial candidate Clay Pell hasnt spent a dime on advertising. an interview on WPRI's ""Newsmakers"" program"
Says Tom Perriello voted to give tax breaks to foreign companies creating jobs in China.,Says Tom Perriello voted to give tax breaks to foreign companies creating jobs in China. a TV ad
Ted Cruz is in negotiations to be Donald Trumps running mate.,Ted Cruz is in negotiations to be Donald Trumps running mate. a post and story from Elect Leaders
Peter DeFazio will sneak in a 1 percent tax on all banking transactions.,Peter DeFazio will sneak in a 1 percent tax on all banking transactions. in a chain e-mail
"If you threw a barbecue yesterday for the Memorial weekend, it was 29 percent more expensive than last year because Barack Obamas policies have led to groceries going up 29 percent.","If you threw a barbecue yesterday for the Memorial weekend, it was 29 percent more expensive than last year because Barack Obamas policies have led to groceries going up 29 percent. an interview on WKXL-AM in Concord, N.H."
Says President Barack Obama did not invite a Republican senator to dine at the White House until his fifth year in office.,"Says President Barack Obama did not invite a Republican senator to dine at the White House until his fifth year in office. Atlantic, Iowa, during a campaign event."
Says Obama was in New York City the same day as Israeli Prime Minister Benjamin Netanyahu but went on a TV show instead of meeting with him.,Says Obama was in New York City the same day as Israeli Prime Minister Benjamin Netanyahu but went on a TV show instead of meeting with him. in a debate
A Dallas proof-of-insurance ordinance resulted in area tow lots mostly filling with the cars of illegal residents.,A Dallas proof-of-insurance ordinance resulted in area tow lots mostly filling with the cars of illegal residents. a chain email.
"Public support for abortion is actually going down a little bit, polls show.","Public support for abortion is actually going down a little bit, polls show. comments on CNN's ""State of the Union"""
SaysSenate Republicans are following a longstanding tradition of not filling vacancies on the Supreme Court in the middle of a presidential election year.,SaysSenate Republicans are following a longstanding tradition of not filling vacancies on the Supreme Court in the middle of a presidential election year. Fox News Sunday
"There are more atheists in the country right now than Jews, Muslims, Hindus and Buddhists combined and doubled.","There are more atheists in the country right now than Jews, Muslims, Hindus and Buddhists combined and doubled. a story on TV website"
We have doubled the distance our cars will go on a gallon of gas.,We have doubled the distance our cars will go on a gallon of gas. the State of the Union address
Documents released from the Soviet Union show the Soviet Union started treating President Ronald Reagan more seriously after Reagan fired the air traffic controllers.,Documents released from the Soviet Union show the Soviet Union started treating President Ronald Reagan more seriously after Reagan fired the air traffic controllers. an interview
Nazi imagery [was used] by the Block for Governor campaign to describe supporters of Allan Fung for Governor.,Nazi imagery [was used] by the Block for Governor campaign to describe supporters of Allan Fung for Governor. a news release
"Says a man opted out of Obamacare after the marketplace launched on Oct. 1, 2013, and was informed he owed a $4,000 fine.","Says a man opted out of Obamacare after the marketplace launched on Oct. 1, 2013, and was informed he owed a $4,000 fine. viral posts on the Internet"
Multnomah Countys food action plan clearly plans to disrupt the free market system in terms of food choices making it harder and more expensive for many residents to eat their food of choice.,Multnomah Countys food action plan clearly plans to disrupt the free market system in terms of food choices making it harder and more expensive for many residents to eat their food of choice. an online posting
"Says that according to a study, under Obamas health care initiative, nearly 90 percent of people in Wisconsin with health insurance will have their costs go up by more than 30 percent.","Says that according to a study, under Obamas health care initiative, nearly 90 percent of people in Wisconsin with health insurance will have their costs go up by more than 30 percent. an opinion column"
PolitiFact Wisconsin concluded that the charge that Justice Prosser prejudges matters that come before the court is True.,PolitiFact Wisconsin concluded that the charge that Justice Prosser prejudges matters that come before the court is True. a statement at a candidate forum
Says unemployment in Ohio is significantly higher than the unemployment rate in states which are not forced union states and its always been that way.,Says unemployment in Ohio is significantly higher than the unemployment rate in states which are not forced union states and its always been that way. a news conference
Austin mayoral candidate Mike Martinez takes corporate money.,Austin mayoral candidate Mike Martinez takes corporate money. a Facebook post
On Common Core.,On Common Core. an interview on CBS' Face the Nation
"Eighty-five percent . . . of Rhode Island tax returns that were filed for the year 2010 . . . were from individuals who earned $30,000 or less.","Eighty-five percent . . . of Rhode Island tax returns that were filed for the year 2010 . . . were from individuals who earned $30,000 or less. a General Assembly debate on pension overhaul"
The Denver Post has actually hired an editor to promote pot.,"The Denver Post has actually hired an editor to promote pot. a broadcast of the ""O'Reilly Factor"""
"Says the Southwest Florida Water Management District has $850 million in reserves, enough money in savings to run without levying taxes for more than two years.","Says the Southwest Florida Water Management District has $850 million in reserves, enough money in savings to run without levying taxes for more than two years. comments to reporters"
Says Joe Kyrillos voted to raid the states pension funds by $2.8 billion that is costing New Jersey taxpayers still today to the tune of nearly $15 billion dollars to repay that money.,Says Joe Kyrillos voted to raid the states pension funds by $2.8 billion that is costing New Jersey taxpayers still today to the tune of nearly $15 billion dollars to repay that money. an interview on NJTV’s “On the Record”
"Since Mr. Fosters been mayor, we have less small businesses in the city of St. Petersburg.","Since Mr. Fosters been mayor, we have less small businesses in the city of St. Petersburg. in a mayoral forum"
Newly Elected Republican Senators Sign Pledge to Eliminate Food Stamp Program in 2015.,Newly Elected Republican Senators Sign Pledge to Eliminate Food Stamp Program in 2015. social media postings
"I was totally against the war in Iraq, saying for many years that it would destabilize the Middle East.","I was totally against the war in Iraq, saying for many years that it would destabilize the Middle East. a major foreign policy speech"
Claims that Rep. Sanford Bishop votes similar to House Speaker Nancy Pelosi are inaccurate.,Claims that Rep. Sanford Bishop votes similar to House Speaker Nancy Pelosi are inaccurate. a statement
President Barack Obama has virtually no one in his cabinet with private-sector experience.,President Barack Obama has virtually no one in his cabinet with private-sector experience. a campaign event
Florida was the only state during my eight years to go from AA to AAA in its bond rating.,"Florida was the only state during my eight years to go from AA to AAA in its bond rating. a meeting with business leaders in Portsmouth, N.H."
Obamacare isnt helping anyone.,Obamacare isnt helping anyone. a Republican presidential debate in Milwaukee
Why do we have automatic citizenship upon birth? Were the only country in the world that has it.,Why do we have automatic citizenship upon birth? Were the only country in the world that has it. his Fox News program
"Before Congress, (Tom) Cotton got paid handsomely working for insurance companies and corporate interests.","Before Congress, (Tom) Cotton got paid handsomely working for insurance companies and corporate interests. a TV ad"
"It will cost $50,000 per enrollee in Obamacare over the next 10 years.","It will cost $50,000 per enrollee in Obamacare over the next 10 years. an interview on Fox News' ""America's Newsroom"""
"According to HUD, it is patently unfair and socially unjust that wealthy people can live in an exclusive neighborhood.","According to HUD, it is patently unfair and socially unjust that wealthy people can live in an exclusive neighborhood. a radio interview"
Members of Congress can retire with the same pay after only one term in office,Members of Congress can retire with the same pay after only one term in office a chain email message
The next state budget will begin with a surplus of over half a billion dollars -- $535 million to be exact.,The next state budget will begin with a surplus of over half a billion dollars -- $535 million to be exact. a debate
"SaysMichele Bachmann said on Fox News, This country could use a president like Benjamin Franklin again.","SaysMichele Bachmann said on Fox News, This country could use a president like Benjamin Franklin again. posts on Facebook"
"English ""is our national language...if it becomes official, that means in a place like New York City you can't print ballots in any other language.""","English ""is our national language...if it becomes official, that means in a place like New York City you can't print ballots in any other language."" New Hampshire."
"By allowing brewpubs to sell beer, Georgia could become like Mexico with only a couple of manufacturers controlling all aspects of market.","By allowing brewpubs to sell beer, Georgia could become like Mexico with only a couple of manufacturers controlling all aspects of market. subcommittee hearing"
Says President Barack Obama is trying to pack the D.C. Circuit Court of Appeals.,Says President Barack Obama is trying to pack the D.C. Circuit Court of Appeals. a news release
Says less than half of 1 percent of all the Texas legislators who ever served draw a benefit from pensions tied to the salaries of state district judges.,Says less than half of 1 percent of all the Texas legislators who ever served draw a benefit from pensions tied to the salaries of state district judges. a Texas House floor debate.
I havent really proposed (phasing out aid to Israel) in the past.,I havent really proposed (phasing out aid to Israel) in the past. comments to reporters
"Says Rep. Tammy Duckworth has been a staunch supporter of expanding the spending, size and reach of the IRS.","Says Rep. Tammy Duckworth has been a staunch supporter of expanding the spending, size and reach of the IRS. a website press release"
One of George Soros companies has provided some of the (voting) machines for some states.,One of George Soros companies has provided some of the (voting) machines for some states. an interview on CNN
"Under energy efficiency legislation sponsored by U.S. Sen. Jeanne Shaheen, federal bureaucrats could take over the local building code enforcement in your city if so-called green mandates are not complied with quickly enough.","Under energy efficiency legislation sponsored by U.S. Sen. Jeanne Shaheen, federal bureaucrats could take over the local building code enforcement in your city if so-called green mandates are not complied with quickly enough. remarks at the Cornerstone Action Dinner in Manchester, N.H."
The claim that 97 percent of scientists believe humans are causingclimate change has been debunked by the head of the United Nations Intergovernmental Panel on Climate Change. That number was pulled out of thin air.,The claim that 97 percent of scientists believe humans are causingclimate change has been debunked by the head of the United Nations Intergovernmental Panel on Climate Change. That number was pulled out of thin air. an interview with Bill Maher
"Says judges are using Shariah law in Dearborn, Mich.","Says judges are using Shariah law in Dearborn, Mich. a House committee hearing"
John doesn't have a record in the Senate. John's only passed four bills. They're all about post offices.,"John doesn't have a record in the Senate. John's only passed four bills. They're all about post offices. a campaign event in Ames, Iowa"
Two years ago we had the largest structural deficit ever in Wisconsin.,Two years ago we had the largest structural deficit ever in Wisconsin. an appearance on national TV
Says Gov. Rick Scott allowed Republican legislators to cut his teacher pay raise proposal by 60 percent.,Says Gov. Rick Scott allowed Republican legislators to cut his teacher pay raise proposal by 60 percent. a Florida Voices column
Says the New York Times can write a story that they know is false yet they cant basically be sued.,"Says the New York Times can write a story that they know is false yet they cant basically be sued. an interview on ""Fox News Sunday"""
Says U.S. Senate candidate Joni Ernst signed a pledge that protects tax breaks for companies that ship jobs overseas.,Says U.S. Senate candidate Joni Ernst signed a pledge that protects tax breaks for companies that ship jobs overseas. a television ad
Florida students take an array of standardized high stakes tests which eat up as much as 45 school days per year.,Florida students take an array of standardized high stakes tests which eat up as much as 45 school days per year. a statement to the Miami Herald
"Amniocentesis, does, in fact, result more often than not in this country in abortion.","Amniocentesis, does, in fact, result more often than not in this country in abortion. an interview on CBS's ""Face the Nation"""
"Iran ""might not be a superpower, but the threat the government of Iran poses is anything but 'tiny,'"" as Obama says.","Iran ""might not be a superpower, but the threat the government of Iran poses is anything but 'tiny,'"" as Obama says. Chicago"
"John Boehner has called for repealing the rest of the stimulus, which would raise taxes on 110 million middle class people.","John Boehner has called for repealing the rest of the stimulus, which would raise taxes on 110 million middle class people. ABC's ""This Week"""
The average age of first marijuana use is 12.,The average age of first marijuana use is 12. a news release
Ive never supported a payroll tax.,"Ive never supported a payroll tax. a Republican US Senate debate at KERA-TV, Channel 13, in Dallas."
On serving out his gubernatorial term,On serving out his gubernatorial term
More people in this country have seen UFOs than I think approve of George Bush's presidency.,"More people in this country have seen UFOs than I think approve of George Bush's presidency. a Democratic debate in Philadelphia, Pa."
President Obama is a Muslim.,President Obama is a Muslim. a Pew Research Center poll
More than 43 percent of all food stamps are given to illegals.,More than 43 percent of all food stamps are given to illegals. on the Internet
Says Ohio Treasurer Josh Mandel first claimed bank fraud in June 2010 but did nothing for more than a year while raising money for his (Republican) Senate campaign.,Says Ohio Treasurer Josh Mandel first claimed bank fraud in June 2010 but did nothing for more than a year while raising money for his (Republican) Senate campaign. a news release
The studies have shown us that [drug testing for welfare recipients] will be saving us money,The studies have shown us that [drug testing for welfare recipients] will be saving us money a radio interview
Dr. Paul never votes for legislation unless the proposed measure is expressly authorized by the Constitution.,Dr. Paul never votes for legislation unless the proposed measure is expressly authorized by the Constitution. a statement on his campaign Web site.
A company with 20 employees could go out of business because of health care law requirements to buy insurance.,A company with 20 employees could go out of business because of health care law requirements to buy insurance. a TV interview with Greta Van Susteren
Barack Obama hasn't passed any (bills).,"Barack Obama hasn't passed any (bills). a campaign event in Ames, Iowa"
On switching parties.,On switching parties. interviews.
Its just crazy that the government will ... make it illegal to use the old [incandescent] bulbs.,Its just crazy that the government will ... make it illegal to use the old [incandescent] bulbs. an appearance on a talk show
Mequon and Milwaukee have the highest disparity of income in the country.,Mequon and Milwaukee have the highest disparity of income in the country. comments made during adoption of Milwaukee's 2011 city budget
"In Rick Perry's Texas, the governor threatens to leave, to secede from the greatest country in the world.","In Rick Perry's Texas, the governor threatens to leave, to secede from the greatest country in the world. a speech"
"RNC version of a Hillary Clinton valentine: ""Roses are red, violets are blue, I'll raise your taxes and there is nothing you can do.""","RNC version of a Hillary Clinton valentine: ""Roses are red, violets are blue, I'll raise your taxes and there is nothing you can do."" an RNC Web site feature where you can send a GOP valentine from your favorite Democrat"
"Says Travis County, home to Austin, is the most liberal county in the United States.","Says Travis County, home to Austin, is the most liberal county in the United States. an interview."
Says John Kitzhaber wants a sales tax so people without jobs pay taxes.,Says John Kitzhaber wants a sales tax so people without jobs pay taxes. a television ad
Says his patents in ultrasound have revolutionized modern medicine.,Says his patents in ultrasound have revolutionized modern medicine. in a campaign TV commercial.
"Says Houston is home to more doctors, more nurses, more researchers than any other place in the world.","Says Houston is home to more doctors, more nurses, more researchers than any other place in the world. remarks at a Washington, D.C. event."
Three of five detainees swapped (for Bowe Bergdahl) are now ISIS leaders.,Three of five detainees swapped (for Bowe Bergdahl) are now ISIS leaders. Internet posts
The first tweet was sent from Austin.,The first tweet was sent from Austin. a panel discussion in Austin
"Says Bill White didnt pay taxes while earning $133,600 annual salary as deputy secretary of energy.","Says Bill White didnt pay taxes while earning $133,600 annual salary as deputy secretary of energy. a press release"
"Our tax code is . . . 80,000 pages.","Our tax code is . . . 80,000 pages. an appearance on WPRI's ""Newsmakers"" program"
"Blue Cross headquarters has ""a $30,000 granite table.""","Blue Cross headquarters has ""a $30,000 granite table."" a speech at the state Democratic convention"
President Barack Obama is ending Medicare as we know it.,President Barack Obama is ending Medicare as we know it. a campaign memo
"Hillary Clinton wants to shut down family farms using radical regulation, by raising business tax rates as high as nearly 50 percent and by taxing family farms again at death by as much as 45 percent.","Hillary Clinton wants to shut down family farms using radical regulation, by raising business tax rates as high as nearly 50 percent and by taxing family farms again at death by as much as 45 percent. a speech"
"Says the Obama administration is handing out a pamphlet titled, What To Do When The Veteran In Your Classroom Attempts A Mass Shooting","Says the Obama administration is handing out a pamphlet titled, What To Do When The Veteran In Your Classroom Attempts A Mass Shooting a Web post"
Barack Hussein Obama will ... force local authorities to allow Occupy protesters to live in parks.,Barack Hussein Obama will ... force local authorities to allow Occupy protesters to live in parks. a newspaper ad
Ive been involved in prosecuting a terrorist member of ISIS.,Ive been involved in prosecuting a terrorist member of ISIS. a debate in the Rio Grande Valley.
The amount of interest paid on the federal debt exceeds total tax revenue.,The amount of interest paid on the federal debt exceeds total tax revenue. a newsletter
I did not say that I would not have them [Muslims] in my Cabinet.,I did not say that I would not have them [Muslims] in my Cabinet. an interview on the Glenn Beck Program radio show
"If I have affordable coverage in my workplace, Im not eligible to go into the marketplace. ... Its illegal.","If I have affordable coverage in my workplace, Im not eligible to go into the marketplace. ... Its illegal. testimony before Congress"
"Says, The Democrats proposed budget is also balanced by using more in new tax revenue than in total PERS reform or savings.","Says, The Democrats proposed budget is also balanced by using more in new tax revenue than in total PERS reform or savings. a floor speech"
"Says a lip-reading instructor at the River School, a Washington, D.C., school for the deaf has determined that during 9/11 ceremonies, Michelle Obama said, All this for a damn flag.","Says a lip-reading instructor at the River School, a Washington, D.C., school for the deaf has determined that during 9/11 ceremonies, Michelle Obama said, All this for a damn flag. a message forwarded to many people"
"Under President Barack Obama, the United States has doubled our exports.","Under President Barack Obama, the United States has doubled our exports. a speech in Austin, Texas"
Says President Barack Obamas debt commission recommended converting Medicare to a system where Medicare participants are given a voucher to purchase insurance in the private market.,Says President Barack Obamas debt commission recommended converting Medicare to a system where Medicare participants are given a voucher to purchase insurance in the private market. a constituent newsletter
The last time there was a sustained surge of confidence in governments competence was under Ronald Reagan.,"The last time there was a sustained surge of confidence in governments competence was under Ronald Reagan. comments on ""Fox News Sunday"""
The birther movement was started by Hillary Clinton in 2008. She was all in!,The birther movement was started by Hillary Clinton in 2008. She was all in! a tweet
The Kochs stand to make around $100 billion if the government approves the Keystone XL pipeline.,The Kochs stand to make around $100 billion if the government approves the Keystone XL pipeline. a segment on his RT show
The InterLink at T.F. Green Airport is the closest air-rail link in the country.,The InterLink at T.F. Green Airport is the closest air-rail link in the country. a news conference
Says Sal Esquivel wants a 5 percent state sales tax on groceries.,Says Sal Esquivel wants a 5 percent state sales tax on groceries. a campaign mailer
"In the United States alone we lose more than 3,000 people a day to cancer.","In the United States alone we lose more than 3,000 people a day to cancer. a speech at the Vatican"
"Unemployment numbers are artificial numbers. These are numbers that are massaged to make the existing economy look good, to make this administration look good when, in fact, its a total disaster.","Unemployment numbers are artificial numbers. These are numbers that are massaged to make the existing economy look good, to make this administration look good when, in fact, its a total disaster. an interview on CNN"
Says over 25 percent of the Texas budget funds services to non-U.S. citizens.,Says over 25 percent of the Texas budget funds services to non-U.S. citizens. a debate.
"The five states that outlaw collective bargaining for teachers all rank below 44th in the nation in test scores, while Wisconsin ranks 2nd.","The five states that outlaw collective bargaining for teachers all rank below 44th in the nation in test scores, while Wisconsin ranks 2nd. in a Facebook post"
The Colorado caucus system for selecting Republican delegates is rigged.,The Colorado caucus system for selecting Republican delegates is rigged. a TV interview
Every 28 hours an unarmed black person is shot by a cop.,Every 28 hours an unarmed black person is shot by a cop. a CNN segment
Says the Constitution only requires her to tell the census how many people are in our home.,Says the Constitution only requires her to tell the census how many people are in our home. a Washington Times interview
You might be surprised to know that 137 billion gallons flows (into Lake Erie) every day. You might be surprised to know that only 86.3 billion gallons flow out. ... Leaving us a net surplus of approximately 50 billion gallons a day.,You might be surprised to know that 137 billion gallons flows (into Lake Erie) every day. You might be surprised to know that only 86.3 billion gallons flow out. ... Leaving us a net surplus of approximately 50 billion gallons a day. a speech in the Ohio Senate
This incident of supposed feces depicting a swastika on the wall of a bathrooms in one of the halls ... has been supported by zero fact.,This incident of supposed feces depicting a swastika on the wall of a bathrooms in one of the halls ... has been supported by zero fact. in comments on Breitbart
"San Antonio has seen 67% growth in water customers in the last 25 years, 0% more water used.","San Antonio has seen 67% growth in water customers in the last 25 years, 0% more water used. a Texas Tribune Festival panel discussion"
Abortion services are well over 90 percent of what Planned Parenthood does.,Abortion services are well over 90 percent of what Planned Parenthood does. a Senate floor speech
Two elections in a row (Waukesha County Clerk Kathy Nickolaus) has screwed up counting the vote,Two elections in a row (Waukesha County Clerk Kathy Nickolaus) has screwed up counting the vote a television interview
For the last decade the climate has been cooling.,For the last decade the climate has been cooling. CNN's Situation Room program
"Says Obama opposes innovation, the electric car and ""clean, safe, nuclear energy.""","Says Obama opposes innovation, the electric car and ""clean, safe, nuclear energy."" a Web ad"
"Says $57,000 is the mean [income] in our state for a family.","Says $57,000 is the mean [income] in our state for a family. an interview on WOR-AM"
The Muslim Brotherhood has openly stated they want to declare war on Israel.,The Muslim Brotherhood has openly stated they want to declare war on Israel. a comment on his television show
Says the Medicaid fraud rate in Virginia was fact-checked and found to be 0.47 percent.,Says the Medicaid fraud rate in Virginia was fact-checked and found to be 0.47 percent. a radio interview.
The presence of gorillas calls into question the concept of evolution.,The presence of gorillas calls into question the concept of evolution. the Rush Limbaugh Show
Today President Obama said there will NOT be a National Day of Prayer in May.,Today President Obama said there will NOT be a National Day of Prayer in May. a multitude of Facebook posts
Says Barack Obama is a socialist.,"Says Barack Obama is a socialist. an Austin appearance with Wes Riddle, fellow GOP hopeful for US House."
Assertions that it makes no difference whether children are raised by heterosexual or homosexual parents have been shattered by the latest and best social science and research.,Assertions that it makes no difference whether children are raised by heterosexual or homosexual parents have been shattered by the latest and best social science and research. testimony before a R.I. Senate committee
Under Gov. Romneys definition ... Donald Trump is a small business.,Under Gov. Romneys definition ... Donald Trump is a small business. the first presidential debate in Denver
One of the biggest polluters in our country is the Milwaukee Metropolitan Sewerage District.,One of the biggest polluters in our country is the Milwaukee Metropolitan Sewerage District. a discussion at a town hall meeting
"We have a fire marshal that said, Oh we cant allow more people ... And the reason they wont let them in is because they dont know what the hell theyre doing.","We have a fire marshal that said, Oh we cant allow more people ... And the reason they wont let them in is because they dont know what the hell theyre doing. a rally speech"
Says crime statistics show blacks kill 81 percent of white homicide victims.,Says crime statistics show blacks kill 81 percent of white homicide victims. a tweet
"If youre from Guatemala and you are found illegally in Mexico, you are automatically jailed.","If youre from Guatemala and you are found illegally in Mexico, you are automatically jailed. a radio news story"
On oil drilling off Virginias coast.,On oil drilling off Virginias coast. a campaign statement.
Six institutions in our country now control two thirds of the capital.,Six institutions in our country now control two thirds of the capital. an MSNBC interview
Says President Barack Obama wants to raise the lowest (income) tax rate from 10 to 15 percent.,Says President Barack Obama wants to raise the lowest (income) tax rate from 10 to 15 percent. an interview
Says President Barack Obamas parents were communists.,Says President Barack Obamas parents were communists. a letter published by the Christian Broadcasting Network
None of $400 million the City of Austin proposes to spend on road projects will be used to add new lanes to congested roadways.,None of $400 million the City of Austin proposes to spend on road projects will be used to add new lanes to congested roadways. a radio ad
"John McCain accused Barack Obama ""of letting infants die.""","John McCain accused Barack Obama ""of letting infants die."" a TV ad"
Sherrod Brown voted six times to raise his own pay.,Sherrod Brown voted six times to raise his own pay. a campaign commercial
"The latest unemployment numbers have shown that nearly 315,000 Americans have simply given up hope when it comes to finding a job.","The latest unemployment numbers have shown that nearly 315,000 Americans have simply given up hope when it comes to finding a job. a press release"
"Says Obama wants to redesign the American flag ""to better offer our enemies hope and love.""","Says Obama wants to redesign the American flag ""to better offer our enemies hope and love."" a widely circulated e-mail"
Gun homicide is down 49 percent in the past 12 years.,Gun homicide is down 49 percent in the past 12 years. a meme on social media
Theres no money in Social Security.,Theres no money in Social Security. an appearance on Channel 6
"Says it cost Massachusetts taxpayers $100,000 when Mitt Romney and his staff purchased computer hard drives.","Says it cost Massachusetts taxpayers $100,000 when Mitt Romney and his staff purchased computer hard drives. a Democratic Natonal Committee advertisement"
On support for gay marriage,On support for gay marriage a Facebook post
The study that states that more than 70 percent of the traffic on the Sellwood Bridge is to/from Clackamas County has been thoroughly debunked by The Oregonian.,The study that states that more than 70 percent of the traffic on the Sellwood Bridge is to/from Clackamas County has been thoroughly debunked by The Oregonian. May 17 election voters pamphlet
"If all of the [Bush-era] tax cuts expire on schedule, the budget will be close to being balanced in four years.","If all of the [Bush-era] tax cuts expire on schedule, the budget will be close to being balanced in four years. a statement in the Times-Dispatch voters' guide"
We know from the social science that children do best with a mom and a dad.,"We know from the social science that children do best with a mom and a dad. comments on ""Fox News Sunday"""
I sponsored the new Buy American law,I sponsored the new Buy American law an Oregon Voters' Pamphlet statement
Funding the federal health care law without a tax hike will require the state to cut nearly a quarter of its annual budget.,Funding the federal health care law without a tax hike will require the state to cut nearly a quarter of its annual budget. an article
"Hillary Clinton says she wants to, raise taxes on the middle class.","Hillary Clinton says she wants to, raise taxes on the middle class. a campaign video"
"When one person sneezes, it goes all the way through the aircraft.","When one person sneezes, it goes all the way through the aircraft. an interview on ""The Today Show"""
Says new GOP Wisconsin Assembly members voted to take funding away from their public schools in their districts to give it to private Milwaukee voucher schools.,Says new GOP Wisconsin Assembly members voted to take funding away from their public schools in their districts to give it to private Milwaukee voucher schools. a newspaper column and other statements
"If [Atlanta Mayor Kasim Reed] wants to be like Bull Connor, then so be it.","If [Atlanta Mayor Kasim Reed] wants to be like Bull Connor, then so be it. a newspaper column"
Says Gov. Scott Walker has made Wisconsin 2nd in the nation in losing jobs.,Says Gov. Scott Walker has made Wisconsin 2nd in the nation in losing jobs. a news release
This is the worst jobs recovery since the Great Depression.,This is the worst jobs recovery since the Great Depression. an op-ed
On whether the governor of Massachusetts should be able to appoint an interim U.S. senator,On whether the governor of Massachusetts should be able to appoint an interim U.S. senator votes in 2004 and 2009
"Says that President Obama said, Nobody made these guys go to war. ... Now they whine about bearing the costs of their choice?","Says that President Obama said, Nobody made these guys go to war. ... Now they whine about bearing the costs of their choice? a chain e-mail"
Theres nothing in the voting instructions that weve been getting in the last several elections that lets you know about the limitations of the master lever.,Theres nothing in the voting instructions that weve been getting in the last several elections that lets you know about the limitations of the master lever. an appearance on the Helen Glover Show
On raising taxes.,On raising taxes.
"An Obamacare slush fund paid to spay and neuter dogs and cats, then counted it as an anti-obesity campaign.","An Obamacare slush fund paid to spay and neuter dogs and cats, then counted it as an anti-obesity campaign. a newsletter"
A bill to save teacher jobs is completely paid for by closing corporate tax loopholes.,A bill to save teacher jobs is completely paid for by closing corporate tax loopholes. a letter
"Says during George W. Bushs administration we were losing millions of jobs per month, while under Barack Obama we have three years of gaining hundreds of thousands of jobs per month.","Says during George W. Bushs administration we were losing millions of jobs per month, while under Barack Obama we have three years of gaining hundreds of thousands of jobs per month. a tweet"
A U.S. Government Accountability Office report says Planned Parenthood Federation of America cannot find some $1.3 billion given to it by the federal government from 2002 through 2008.,A U.S. Government Accountability Office report says Planned Parenthood Federation of America cannot find some $1.3 billion given to it by the federal government from 2002 through 2008. a news report
Obamacare prevents (Florida) from regulating insurance.,Obamacare prevents (Florida) from regulating insurance. a Facebook Q&A with Charlie Crist
Super Bowl Sunday has the highest rate of domestic violence.,"Super Bowl Sunday has the highest rate of domestic violence. a segment on MSNBC's ""Morning Joe"""
On mandating health care coverage.,On mandating health care coverage. a television interview
Says Ron Johnson voted five times for tax breaks that help companies ship Wisconsin jobs overseas.,Says Ron Johnson voted five times for tax breaks that help companies ship Wisconsin jobs overseas. a TV ad
Says he led the effort to build a new (University of Wisconsin-Milwaukee) engineering campus in Wauwatosa.,Says he led the effort to build a new (University of Wisconsin-Milwaukee) engineering campus in Wauwatosa. a campaign mailer
"If we went back to the obesity rates that existed in 1980, that would save the Medicare system a trillion dollars.","If we went back to the obesity rates that existed in 1980, that would save the Medicare system a trillion dollars. Johnston, Iowa"
"Im the only candidate in the Democratic primary, or actually on either side, who Wall Street financiers and hedge fund managers are actually running ads against.","Im the only candidate in the Democratic primary, or actually on either side, who Wall Street financiers and hedge fund managers are actually running ads against. comments on Meet the Press"
"The average student will be spending $1,700 to $1,800 more during the life of their loan because of this surcharge.","The average student will be spending $1,700 to $1,800 more during the life of their loan because of this surcharge. an appearance on the Fox News show ""On the Record"" with Greta Van Susteren"
Says a federal plan to expand Medicaid would cost Florida taxpayers $26 billion over 10 years.,Says a federal plan to expand Medicaid would cost Florida taxpayers $26 billion over 10 years. a press conference
Says Wendys founder Dave Thomas left the state literally on his deathbed to avoid the estate tax.,Says Wendys founder Dave Thomas left the state literally on his deathbed to avoid the estate tax. a radio interview
Says Kurt Schrader cast the deciding vote that failed to extend tax cuts for Oregons middle-class families and small businesses.,Says Kurt Schrader cast the deciding vote that failed to extend tax cuts for Oregons middle-class families and small businesses. an e-mail
Says Gov. Scott Walker is openly backing a move to abolish the state retirement system and convert it to a 401(k)-style plan that will reduce pensions by at least a third for current and retired public employees,Says Gov. Scott Walker is openly backing a move to abolish the state retirement system and convert it to a 401(k)-style plan that will reduce pensions by at least a third for current and retired public employees a chain email
Under the Nuclear Nonproliferation Treaty enrichment has been limited to basically the weapons states.,"Under the Nuclear Nonproliferation Treaty enrichment has been limited to basically the weapons states. an interview on MSNBC's ""Morning Joe"""
Sen. Jeff Merkley voted six times for more debt.,Sen. Jeff Merkley voted six times for more debt. a television ad
"Congress has cut funding, has slashed funding, for veterans benefits over these last years.","Congress has cut funding, has slashed funding, for veterans benefits over these last years. a discussion on CBS' ""Face the Nation"""
Siemens has been unable to fill approximately 200 skilled trade positions in metro Atlanta.,Siemens has been unable to fill approximately 200 skilled trade positions in metro Atlanta. his State of the State address
Fifty-three percent of graduates from liberal arts colleges these days cant find jobs.,Fifty-three percent of graduates from liberal arts colleges these days cant find jobs. a speech
Says President AbrahamLincoln tried to arm the slaves.,"Says President AbrahamLincoln tried to arm the slaves. a broadcast of ""The Daily Show"""
"Governing magazine has estimated that in the states that dont expand Medicaid, a minimum, they said of 40 percent of rural hospitals will close in those states...","Governing magazine has estimated that in the states that dont expand Medicaid, a minimum, they said of 40 percent of rural hospitals will close in those states... a TV interview."
"In a sweetheart deal members of Congress, thanks to the Obama administration, are going to be the only people in America to get subsidies in the Obamacare exchanges.","In a sweetheart deal members of Congress, thanks to the Obama administration, are going to be the only people in America to get subsidies in the Obamacare exchanges. a House floor speech"
Says Jeb Bush has released 10 percent of his emails.,"Says Jeb Bush has released 10 percent of his emails. a broadcast of ""This Week with George Stephanopoulos"""
"Karen Handel would have felt like it was OK to go in and abort Sarah Palins son Trig, who has Down syndrome.","Karen Handel would have felt like it was OK to go in and abort Sarah Palins son Trig, who has Down syndrome. a Politico article"
The U.S. Census believes that by 2030 the majority of Americans will use Spanish as their first language.,The U.S. Census believes that by 2030 the majority of Americans will use Spanish as their first language. an episode on TV
Politicians and their corporate lobbyists are trying to take away my right to spend my paycheck how I want.,Politicians and their corporate lobbyists are trying to take away my right to spend my paycheck how I want. a campaign-style ad.
I remember landing under sniper fire.,"I remember landing under sniper fire. Washington, D.C."
Says Mahmoud Ahmadinejad said that if he has a nuclear weapon he will use it to wipe Israel off the face of the earth. He will use it against the United States of America.,"Says Mahmoud Ahmadinejad said that if he has a nuclear weapon he will use it to wipe Israel off the face of the earth. He will use it against the United States of America. a foreign policy debate in Washington, D.C."
Bill McCollum on the Arizona immigration law.,Bill McCollum on the Arizona immigration law. interviews with Florida media.
There are no similar clips of Newt Gingrich talking about how ineffective President Bush was in trying to control North Korea.,There are no similar clips of Newt Gingrich talking about how ineffective President Bush was in trying to control North Korea. an appearance on MSNBC.
Rhode Islands graduated driving license has saved hundreds of lives.,Rhode Islands graduated driving license has saved hundreds of lives. a speech on the floor of the Rhode Island House of Representatives
The Wisconsin unemployment rate was higher than the U.S. rate during only three months when Mary Burke was state commerce secretary.,The Wisconsin unemployment rate was higher than the U.S. rate during only three months when Mary Burke was state commerce secretary. an interview
Switzerland (where the government) issues every household a gun . . . has the lowest gun related crime rate of any civilized country in the world!!!,Switzerland (where the government) issues every household a gun . . . has the lowest gun related crime rate of any civilized country in the world!!! a Facebook posting
We dont have a (military) reserve force if something happens.,"We dont have a (military) reserve force if something happens. a discussion on ""Outnumbered"""
Wisconsin Gov. Scott Walkers budget okays disposing of unclaimed pound dogs to university research facilities.,Wisconsin Gov. Scott Walkers budget okays disposing of unclaimed pound dogs to university research facilities. various blog postings critical of Wisconsin Gov. Scott Walker
The error rates for the Fulton County elections department are well below the average.,The error rates for the Fulton County elections department are well below the average. a meeting
The state constitution clearly says theres not to be a state income tax in Tennessee.,The state constitution clearly says theres not to be a state income tax in Tennessee. House floor debate over amending the state constitution to prohibit an income tax.
This is the slowest job recovery since Hoover.,This is the slowest job recovery since Hoover. an appearance at a Tampa coffee shop
"In the past, President Obama has refused to meet with representatives from Cuban exile organizations.","In the past, President Obama has refused to meet with representatives from Cuban exile organizations. a statement"
Wisconsin women are paid 81 cents to the dollar of a man doing the same job.,Wisconsin women are paid 81 cents to the dollar of a man doing the same job. a newspaper interview
Steve Santarsiero wrote PAs Gun Safety Law.,Steve Santarsiero wrote PAs Gun Safety Law. a campaign mailer.
Says Common Core is a federal mandate.,Says Common Core is a federal mandate. a news release
Milwaukees police chief can fire officers for basically no cause.,Milwaukees police chief can fire officers for basically no cause. a statement at a committee meeting
"The Congressional Budget Office -- supposedly non-partisan -- estimates that in just a few years the average cost to every family of four (from cap and trade) will be $6,800 per year.","The Congressional Budget Office -- supposedly non-partisan -- estimates that in just a few years the average cost to every family of four (from cap and trade) will be $6,800 per year. a widely circulated e-mail"
The Pentagon made up the since-debunked heroics of POW Jessica Lynch as she tried to avoid capture in Iraq.,"The Pentagon made up the since-debunked heroics of POW Jessica Lynch as she tried to avoid capture in Iraq. comments on ""The Rachel Maddow Show"""
Obesity kills 34 children per hour.,Obesity kills 34 children per hour. remarks on the House floor
Sherrod Brown sent billions of our tax dollars to foreign countries.,Sherrod Brown sent billions of our tax dollars to foreign countries. a television ad
Says PolitiFact listed Governor Scott Walker of Wisconsin as the Governor who told the most lies and our own untruthful Governor Chris Christie made it into Politifacts top five of Lie - en Governors.,Says PolitiFact listed Governor Scott Walker of Wisconsin as the Governor who told the most lies and our own untruthful Governor Chris Christie made it into Politifacts top five of Lie - en Governors. a column on Blue Jersey
On whether President Obamas speeches to school children spread socialist ideology.,On whether President Obamas speeches to school children spread socialist ideology. a statement to the press
The number of jobs created and people lifted out of poverty during Bill Clintons presidency was a hundred times what it was under President Ronald Reagan.,"The number of jobs created and people lifted out of poverty during Bill Clintons presidency was a hundred times what it was under President Ronald Reagan. an interview on PBS' ""The Charlie Rose Show"""
"Already, the mayor of Green Bay is having ribbon-cutting after ribbon-cutting for economic development around the new VA center.","Already, the mayor of Green Bay is having ribbon-cutting after ribbon-cutting for economic development around the new VA center. a newspaper article"
Dubious taxpayer-funded stimulus spending -- Part II.,Dubious taxpayer-funded stimulus spending -- Part II. a report
"Phil Puckett voted no on sending the EPA a message that theyve gone too far not once, but twice.","Phil Puckett voted no on sending the EPA a message that theyve gone too far not once, but twice. a blog post."
"The 2016 federal omnibus spending bill funds illegal immigrants coming in and through your border, right through Phoenix.","The 2016 federal omnibus spending bill funds illegal immigrants coming in and through your border, right through Phoenix. a rally in Fountain Hills, Ariz."
Ken Cuccinelli tried to shut down state government.,Ken Cuccinelli tried to shut down state government. a debate.
Rhode Island is one of only six states to use E-Verify.,Rhode Island is one of only six states to use E-Verify. comments to reporters following a news conference
It is Hillary Clintons agenda to release the violent criminals from jail. She wants them all released.,It is Hillary Clintons agenda to release the violent criminals from jail. She wants them all released. a speech to the National Rifle Association
"The proposed mine in northern Wisconsin would be built without any government oversight, and will be nine miles long.","The proposed mine in northern Wisconsin would be built without any government oversight, and will be nine miles long. an interview"
The White House had a live video feed of the Benghazi attacks as they occurred.,The White House had a live video feed of the Benghazi attacks as they occurred. an interview with the Texas Observer
Says a Pro-Stimulus economist admits it is not working,Says a Pro-Stimulus economist admits it is not working a posting on Facebook
"Despite what you may have heard about Wisconsins finances, Wisconsin is on track to have a budget surplus this year.","Despite what you may have heard about Wisconsins finances, Wisconsin is on track to have a budget surplus this year. a segment on her television talk show"
Congressman Robert Hurt has a plan to cut education by 40 percent.,Congressman Robert Hurt has a plan to cut education by 40 percent. a radio ad.
Says President Barack Obama has not raised taxes.,Says President Barack Obama has not raised taxes. an interview on C-SPAN’s Washington Journal
"Amid the crisis at our southern border, there are reports of illegal migrants carrying deadly diseases such as Ebola virus.","Amid the crisis at our southern border, there are reports of illegal migrants carrying deadly diseases such as Ebola virus. a letter to the Centers for Disease Control and Prevention"
"While (Chris Christie) talks about job creation, we dont see jobs being created in this state.","While (Chris Christie) talks about job creation, we dont see jobs being created in this state. an NJToday interview"
"Every illegal immigrant can be eligible for up to $36,000 to $38,000 in earned income tax credits without paying a dime in.","Every illegal immigrant can be eligible for up to $36,000 to $38,000 in earned income tax credits without paying a dime in. a radio show."
The Navy is bringing charges against a Navy officer who shot at the Chattanooga shooter for illegally discharging a firearm on federal property.,The Navy is bringing charges against a Navy officer who shot at the Chattanooga shooter for illegally discharging a firearm on federal property. a blog on his website
"Says 97 cents of every dollar played represents over $500 million dollars that is returned to Oregonians every year to help support job creation, schools, state parks and watersheds.","Says 97 cents of every dollar played represents over $500 million dollars that is returned to Oregonians every year to help support job creation, schools, state parks and watersheds. an advertisement"
Bill White has presided over the construction of what may be the worlds largest abortion clinic.,Bill White has presided over the construction of what may be the worlds largest abortion clinic. an e-mail.
PolitiFact Oregon gave Rob Cornilles a Pants on Fire for a claim about taxes and fees.,PolitiFact Oregon gave Rob Cornilles a Pants on Fire for a claim about taxes and fees. a press release
Lincoln was fervently making plans to send all freed slaves to the jungles of Central America once the (Civil War) was over. The only thing that kept this from happening was his assassination.,Lincoln was fervently making plans to send all freed slaves to the jungles of Central America once the (Civil War) was over. The only thing that kept this from happening was his assassination. posts on the Internet
"Semi-automatic weapons, whether pistol or rifle, were designed for use by the military on the battlefield.","Semi-automatic weapons, whether pistol or rifle, were designed for use by the military on the battlefield. a council resolution"
Herman Cain is a pro-choice candidate.,Herman Cain is a pro-choice candidate. parking lot fliers outside an Iowa candidate event
Subsidies for oil and gas companies make up 88 percent of all federal subsidies. Just cutting the oil and gas subsidies out would save the U.S. government $45 billion every year.,Subsidies for oil and gas companies make up 88 percent of all federal subsidies. Just cutting the oil and gas subsidies out would save the U.S. government $45 billion every year. a comment on MSNBC's 'Countdown with Keith Olbermann'
The Obama administration will give Pennsylvania $160 million to pay for health insurance plans that cover any legal abortion.,The Obama administration will give Pennsylvania $160 million to pay for health insurance plans that cover any legal abortion. a prepared statement
Abortion is the second-most conducted surgical procedure in this country.,Abortion is the second-most conducted surgical procedure in this country. a radio interview.
The steel industry is producing as much steel in the United States as it ever was. Its just (that) it needs one-tenth of the workers that it used to.,"The steel industry is producing as much steel in the United States as it ever was. Its just (that) it needs one-tenth of the workers that it used to. remarks in Ottawa, Canada"
"Over half of the people who would be taxed under (a millionaire surtax) are, in fact, small businesspeople.","Over half of the people who would be taxed under (a millionaire surtax) are, in fact, small businesspeople. an ABC interview with Christiane Amanpour"
No one thought we could get a bipartisan bill (Medicaid) passed. We did in the Florida Senate.,No one thought we could get a bipartisan bill (Medicaid) passed. We did in the Florida Senate. TV interview
Were inches away from no longer having a free economy.,"Were inches away from no longer having a free economy. the Republican debate in Ames, Iowa"
Atlanta Public Schools 2011 CRCT tests were given under the strictest security possible.,Atlanta Public Schools 2011 CRCT tests were given under the strictest security possible. a mailer
Says Barack Obama promised gasoline at $2.50 a gallon.,"Says Barack Obama promised gasoline at $2.50 a gallon. an interview on ""Political Connections"""
"Wikileaks also shows how John Podesta rigged the polls by oversampling Democrats, a voter suppression technique.","Wikileaks also shows how John Podesta rigged the polls by oversampling Democrats, a voter suppression technique. a rally in Florida"
Scott Walkers income tax plan is a tax hike. It increases taxes for nearly 80% of the people in the state.,Scott Walkers income tax plan is a tax hike. It increases taxes for nearly 80% of the people in the state. an interview
"So that 2005 energy bill was a big step backwards on the path to clean, renewable energy. That's why I voted against it.","So that 2005 energy bill was a big step backwards on the path to clean, renewable energy. That's why I voted against it. debate in Las Vegas"
Those who fail to buy health insurance under Obamacare face the threat of jail time.,Those who fail to buy health insurance under Obamacare face the threat of jail time. a news release.
People who wash cars at home will use approximately 80 percent more water than they do in a car wash.,People who wash cars at home will use approximately 80 percent more water than they do in a car wash. a House floor debate
On choosing a Texas House speaker,On choosing a Texas House speaker a press release
Obamacare adds trillions to our deficits and to our national debt.,Obamacare adds trillions to our deficits and to our national debt. a press conference
"Frankly, (Hillary Clinton) doesnt do very well with women.","Frankly, (Hillary Clinton) doesnt do very well with women. an interview on CNN's ""New Day"""
Says Democratic U.S. Senate candidate Russ Feingold voted over 250 times to raise taxes.,Says Democratic U.S. Senate candidate Russ Feingold voted over 250 times to raise taxes. a web ad
The gun industry isthe only business in America that is wholly protected from any kind of liability.,The gun industry isthe only business in America that is wholly protected from any kind of liability. a town hall-style campaign event in Iowa
"Health insurance companies are making record profits, right now.","Health insurance companies are making record profits, right now. a press conference"
"President Obama was saying success is the result of government, not hard-working people, when he said, If youve got a business, you didnt build that. Somebody else made that happen.","President Obama was saying success is the result of government, not hard-working people, when he said, If youve got a business, you didnt build that. Somebody else made that happen. an introduction to a web video"
"Fox admits they lie and, under the First Amendment, have the right to lie or deliberately distort news reports on public airwaves.","Fox admits they lie and, under the First Amendment, have the right to lie or deliberately distort news reports on public airwaves. posts on Facebook"
Idaho was the only Republican-led state in the nation that chose to partner with President Obama by creating a state-based marketplace under the Affordable Care Act.,Idaho was the only Republican-led state in the nation that chose to partner with President Obama by creating a state-based marketplace under the Affordable Care Act. a gubernatorial debate
Nobodys invited us to the Obama events in Atlanta.,Nobodys invited us to the Obama events in Atlanta. radio news story
A (state) trooper with 10 years on the force is getting $500 a year more than a trooper with 10 minutes on the force.,A (state) trooper with 10 years on the force is getting $500 a year more than a trooper with 10 minutes on the force. a radio interview.
Barack Hussein Obama will ... force Christian schools to hire non-Christian teachers.,Barack Hussein Obama will ... force Christian schools to hire non-Christian teachers. a newspaper advertisement
On an early date for Floridas presidential primary,On an early date for Floridas presidential primary a position on legislation
Says drug dealers have overdosed on purpose to avoid prosecution.,Says drug dealers have overdosed on purpose to avoid prosecution. a No Labels forum
"A few months into office, (President Barack Obama) traveled around the globe to apologize for America.","A few months into office, (President Barack Obama) traveled around the globe to apologize for America. a speech announcing his presidential campaign"
The average cost for health insurance in Florida went from about $600 a month for an individual to about $150 a month.,The average cost for health insurance in Florida went from about $600 a month for an individual to about $150 a month. a U.S. Senate primary debate on FOX News Sunday
The five Guantanamo detainees swapped for Bowe Bergdahl are right now back on the battlefield.,The five Guantanamo detainees swapped for Bowe Bergdahl are right now back on the battlefield. a campaign rally in South Carolina
There are no earmarks in the stimulus bill.,There are no earmarks in the stimulus bill. a comment at the daily White House press briefing.
"Under those eight years before (Barack)Obama came along, we didnt have any successful radical Islamic terrorist attack in the United States since Sept. 11, 2001.","Under those eight years before (Barack)Obama came along, we didnt have any successful radical Islamic terrorist attack in the United States since Sept. 11, 2001. a speech in Youngstown, Ohio"
Every engine manufacturer in the United States is now in the state of Texas.,"Every engine manufacturer in the United States is now in the state of Texas. a discussion on CNN's ""Crossfire"""
"In 2011, (the Islamic State) attempted to attack Fort Knox.","In 2011, (the Islamic State) attempted to attack Fort Knox. an interview on ""Fox News Sunday"""
The average student comes out of college hundreds of thousands of dollars in debt.,The average student comes out of college hundreds of thousands of dollars in debt. an interview with WJAR-TV
20 million people could lose their current coverage including our senior citizens who are on Medicare.,20 million people could lose their current coverage including our senior citizens who are on Medicare. a TV ad
"Fully inflating tires is ""a step that every expert says would absolutely reduce our oil consumption by 3 to 4 percent.""","Fully inflating tires is ""a step that every expert says would absolutely reduce our oil consumption by 3 to 4 percent."" a town hall in Berea, Ohio."
"If Buehler were elected, our vote-by-mail system would be at risk.","If Buehler were elected, our vote-by-mail system would be at risk. a campaign fundraising letter"
Lindsey Graham endorsed Charlie Crist for U.S. Senate.,Lindsey Graham endorsed Charlie Crist for U.S. Senate. postings on Twitter
"Over the next two years, this $1.8 billion deficit will cost individual Wisconsinites $300 each, or $1,200 for families of four.","Over the next two years, this $1.8 billion deficit will cost individual Wisconsinites $300 each, or $1,200 for families of four. a news release"
Says new figures he released showing Wisconsin job gains for 2011 are the final job numbers.,Says new figures he released showing Wisconsin job gains for 2011 are the final job numbers. a TV ad
New food safety legislation will regulate backyard gardening.,New food safety legislation will regulate backyard gardening. postings to the Internet
Every Republican Senate candidate has now announced whether or not they support the Senate taking up the Supreme Court vacancyexcept for Congressman Heck.,Every Republican Senate candidate has now announced whether or not they support the Senate taking up the Supreme Court vacancyexcept for Congressman Heck. a press release
"On most things except witch trials, Virginia will always have been first.","On most things except witch trials, Virginia will always have been first. an interview."
Lady Gaga announced she would cover her face until Trump gets fired from office.,Lady Gaga announced she would cover her face until Trump gets fired from office. posts on the Internet
"In July 2010 the government said small businesses -- 60 percent -- will lose their health care, 45 percent of big business and a large percentage of individual health.","In July 2010 the government said small businesses -- 60 percent -- will lose their health care, 45 percent of big business and a large percentage of individual health. comments on Fox News Channel"
A majority of our students are trapped in underperforming schools.,"A majority of our students are trapped in underperforming schools. remarks at a ""school choice"" rally outside the Texas Capitol"
"Says Scott Walker said Labor unions dont deserve to have a national holiday due to their damage to the economy. And the holiday should be replaced by Patriots Day, celebrated every year on 9/11.","Says Scott Walker said Labor unions dont deserve to have a national holiday due to their damage to the economy. And the holiday should be replaced by Patriots Day, celebrated every year on 9/11. a Facebook post"
Alex Sink wants to cut Medicare.,Alex Sink wants to cut Medicare. a statement.
"In her campaign for president, Hillary Clinton has received $100 million in contributions from Wall Street and hedge funds.","In her campaign for president, Hillary Clinton has received $100 million in contributions from Wall Street and hedge funds. a speech"
Says Obama flip-flopped on withdrawing troops from Iraq.,Says Obama flip-flopped on withdrawing troops from Iraq. a TV ad airing on cable networks such as Fox and MTV.
Foreign Trade Zones allow U.S. land to be inhabited by Chinese communists -- communists straight from China! They are to set up little towns and live here.,Foreign Trade Zones allow U.S. land to be inhabited by Chinese communists -- communists straight from China! They are to set up little towns and live here. a chain e-mail
Non-defense discretionary spending has increased by over 80 percent in the last two years.,Non-defense discretionary spending has increased by over 80 percent in the last two years. an e-mail newsletter.
Claims credit for food tax reductions that previous Democrat regimes refused to make.,Claims credit for food tax reductions that previous Democrat regimes refused to make. a newsletter.
[Georgia] Republicans have mismanaged unemployment benefits.,[Georgia] Republicans have mismanaged unemployment benefits. a Facebook post
"Says the fertilizer plant that exploded in West, Texas,had not been inspected by the state of Texas since 2006.","Says the fertilizer plant that exploded in West, Texas,had not been inspected by the state of Texas since 2006. a column on an editorial cartoon."
Hillary Clinton invented ISIS with her stupid policies. She is responsible for ISIS.,Hillary Clinton invented ISIS with her stupid policies. She is responsible for ISIS. an interview on 60 Minutes
Fifty-three percent of teens in Central Falls are getting pregnant.,Fifty-three percent of teens in Central Falls are getting pregnant. a candidate forum
Says Mitt Romney called the Arizona law a model for the nation.,Says Mitt Romney called the Arizona law a model for the nation. the second presidential debate
There was some sort of informal commitment to build a (psychiatric) building in downtown Cleveland.,There was some sort of informal commitment to build a (psychiatric) building in downtown Cleveland. his State of the State speech
On applying prosecutorial discretion to immigration cases.,On applying prosecutorial discretion to immigration cases. a legislative proposal.
John Cornyn voted twice in 2013 to back Obamas amnesty plan.,John Cornyn voted twice in 2013 to back Obamas amnesty plan. a campaign email blast
"Under Barack Obama, the fewest number of adults are working since Jimmy Carters presidency.","Under Barack Obama, the fewest number of adults are working since Jimmy Carters presidency. response to President Barack Obama's State of the Union address"
"Says he helped bring Uline company to Kenosha area, creating 800 local jobs.","Says he helped bring Uline company to Kenosha area, creating 800 local jobs. campaign mail piece"
Miami-Dade has the nations highest-rated tap water.,Miami-Dade has the nations highest-rated tap water. a county budget document
Says Barack Obama is the only president to ever cut $500 billion from Medicare.,Says Barack Obama is the only president to ever cut $500 billion from Medicare. a speech to the Newspaper Association of America
"In the Senate version of the health reform bill, ""Every enrollee in the Office of Personnel Management enrolled plan, every enrollee has to pay a minimum of $1 per month towards reproductive rights, which includes abortion.""","In the Senate version of the health reform bill, ""Every enrollee in the Office of Personnel Management enrolled plan, every enrollee has to pay a minimum of $1 per month towards reproductive rights, which includes abortion."" a Good Morning America interview"
Justice Antonin Scalia agreed for the Supreme Court to hear a case about whetherBarack Obama is eligible to be President.,Justice Antonin Scalia agreed for the Supreme Court to hear a case about whetherBarack Obama is eligible to be President. a chain e-mail
"Barack Obama's middle name is Mohammed and he's a ""covert"" Muslim.","Barack Obama's middle name is Mohammed and he's a ""covert"" Muslim."
"Under the new health care law, the elderly will be denied care when they have ""passed the age limit for treatment.""","Under the new health care law, the elderly will be denied care when they have ""passed the age limit for treatment."" a video on his campaign website"
Mike Morell testified and told Congress that the reason Obama has not bombed ISISoil fields is theyre concerned about global warming.,Mike Morell testified and told Congress that the reason Obama has not bombed ISISoil fields is theyre concerned about global warming. an interview with NPR
Says Jon Runyan voted to end programs to aid homeless veterans.,Says Jon Runyan voted to end programs to aid homeless veterans. an interview on NJTV’s “On the Record”
"Barack Obama ""openly supported (opposition leader) Raila Odinga during his visit to Africa in 2006.""","Barack Obama ""openly supported (opposition leader) Raila Odinga during his visit to Africa in 2006."" his book <i>The Obama Nation</i>."
Im the only candidate for governor whos rolled out any policies so far.,Im the only candidate for governor whos rolled out any policies so far. a news conference.
On a government spending freeze.,On a government spending freeze. a State of the Union speech
Ronald Reagans philosophy of peace through strength is why the Iranians released the hostages on the same day and at the same hour that Reagan was sworn in.,Ronald Reagans philosophy of peace through strength is why the Iranians released the hostages on the same day and at the same hour that Reagan was sworn in. a speech to the American-Israel Public Affairs Committee
Says gun ownership information could be recorded and collected by the federal government and insurance companies as part of the federal health care law.,Says gun ownership information could be recorded and collected by the federal government and insurance companies as part of the federal health care law. comments published in the Fort Myers News-Press.
"Under the Romney/Ryan budget, interest rates on federal student loans would be allowed to double.","Under the Romney/Ryan budget, interest rates on federal student loans would be allowed to double. a graphical tool on the campaign website"
Says we had to cut 13 billion dollars in state spending over two years.,Says we had to cut 13 billion dollars in state spending over two years. an interview on CNN’s “Piers Morgan Tonight”
Rhode Island didnt ratify the 13th Amendment to the Constitution to pay federal income taxes. So Rhode Island doesnt even have to pay federal income taxes.,Rhode Island didnt ratify the 13th Amendment to the Constitution to pay federal income taxes. So Rhode Island doesnt even have to pay federal income taxes. a speech on the floor of the Rhode Island House of Representatives
President Barack Obamas policies have forced many parts of the country to experience rolling blackouts.,President Barack Obamas policies have forced many parts of the country to experience rolling blackouts. a op-ed posted on his website
"When the Affordable Care Act was signed, 17 million American children had a pre-existing condition and were uninsurable.","When the Affordable Care Act was signed, 17 million American children had a pre-existing condition and were uninsurable. a speech"
"Preventive care saves money, for families, for businesses, for government, for everybody.","Preventive care saves money, for families, for businesses, for government, for everybody. a briefing at the White House"
Says scientists are in dispute over whether being gay is a choice.,"Says scientists are in dispute over whether being gay is a choice. an interview on NBC's ""Meet the Press"""
The proportion of Rhode Islanders entering substance abuse treatment primarily due to marijuana use has reached its highest point in 20 years.,The proportion of Rhode Islanders entering substance abuse treatment primarily due to marijuana use has reached its highest point in 20 years. testimony before the House Judiciary Committee
Says the Koch brothers want to protect tax cuts for companies that ship our jobs overseas.,Says the Koch brothers want to protect tax cuts for companies that ship our jobs overseas. a campaign ad
Anybody who is familiar with the historical data from the IRS knows that raising income tax rates will likely actually reduce federal revenues.,"Anybody who is familiar with the historical data from the IRS knows that raising income tax rates will likely actually reduce federal revenues. an interview on ""This Week with Christiane Amanpour."""
"Kasichs budget raised taxes by billions, hitting businesses hard and the middle class even harder.","Kasichs budget raised taxes by billions, hitting businesses hard and the middle class even harder. a campaign ad"
"Joe, I keep hearing you every morning talking about the biggest tax increase in history, but you don't mention it's also the biggest tax cut in history.''	health-care,taxes	richard-durbin	Senator	Illinois	democrat	0	2	1	0	1	a comment on the Morning Joe'' show on MSNBC.","Joe, I keep hearing you every morning talking about the biggest tax increase in history, but you don't mention it's also the biggest tax cut in history.''	health-care,taxes	richard-durbin	Senator	Illinois	democrat	0	2	1	0	1	a comment on the Morning Joe'' show on MSNBC."
"Palin had ""executive experience"" in the PTA.","Palin had ""executive experience"" in the PTA."
"The newly created state Immigration Enforcement Review Board can actually prosecute, and get them [violators] into jail, if we bring in the attorney general.","The newly created state Immigration Enforcement Review Board can actually prosecute, and get them [violators] into jail, if we bring in the attorney general. a speech before the North Fulton and Friends Tea Party"
Solar panels drain the suns energy.,Solar panels drain the suns energy. messages on the Internet
Says some Austin school district classrooms lack electrical outlets.,Says some Austin school district classrooms lack electrical outlets. an Austin meeting.
The elimination of essentially every automobile would be offset by one volcano exploding.,The elimination of essentially every automobile would be offset by one volcano exploding. testimony before a state Senate committee
The presidents proposed budget will help reduce the deficit by $400 billion over the next decade to the lowest level since Dwight Eisenhower was president.,"The presidents proposed budget will help reduce the deficit by $400 billion over the next decade to the lowest level since Dwight Eisenhower was president. a speech in Cleveland, Ohio"
"The 90 percent statistic ofsupporting background checks, thats been debunked.","The 90 percent statistic ofsupporting background checks, thats been debunked. on ""Fox News Sunday"""
Youth unemployment is through the roof.,Youth unemployment is through the roof. a Reddit Ask Me Anything
Says that Sherrod Brown is an Obama rubber stamp for supporting the job-killing cap and trade plan.,Says that Sherrod Brown is an Obama rubber stamp for supporting the job-killing cap and trade plan. a radio ad
"Says Marco Rubio said we should be considering internment of Muslims, and maybe we should close down cafes and diners where Muslims gather and in fact compared them to the Nazi party.","Says Marco Rubio said we should be considering internment of Muslims, and maybe we should close down cafes and diners where Muslims gather and in fact compared them to the Nazi party. an interview on CNN"
The attorney general requires that rape victims pay for the rape kit.,The attorney general requires that rape victims pay for the rape kit. in a Web site video
Says President Barack Obamas finance team is recommending a 1% tax on all transactions at any financial institution.,Says President Barack Obamas finance team is recommending a 1% tax on all transactions at any financial institution. a chain e-mail
"A recent Obama executive order could lead to a number of investigations by Interpol in the United States, potentially aimed at American officials.","A recent Obama executive order could lead to a number of investigations by Interpol in the United States, potentially aimed at American officials. an interview on 'The O'Reilly Factor'"
"If you are driving on average in America this summer, you'll save according to Department of Energy figures about $70.","If you are driving on average in America this summer, you'll save according to Department of Energy figures about $70. Indianapolis"
"Says We do about 300 investigations a year into housing discrimination and in recent years have put about $150,000 of damages into the pockets of individuals who have been treated unfairly.","Says We do about 300 investigations a year into housing discrimination and in recent years have put about $150,000 of damages into the pockets of individuals who have been treated unfairly. a radio interview"
Says Jim Renacci opposed increasing combat bonuses for our troops.,Says Jim Renacci opposed increasing combat bonuses for our troops. a television ad
The President wants the U.S. to sign on to the U.N.s International Criminal Court.,The President wants the U.S. to sign on to the U.N.s International Criminal Court. a chain email
Says Michele Bachmann said English was good enough for Jesus when he wrote the Bible.,Says Michele Bachmann said English was good enough for Jesus when he wrote the Bible. a photo-quotation posted to Facebook
The United States is not modernizing its nuclear weapons.,The United States is not modernizing its nuclear weapons. Faith and Freedom Summit in Iowa
I don't describe your plan as amnesty in my ad. I don't call it amnesty.,"I don't describe your plan as amnesty in my ad. I don't call it amnesty. a debate in Manchester, N.H."
"What I have done -- and this is unprecedented ... is Ive said to each agency ... look at regulations that are already on the books and if they dont make sense, lets get rid of them.","What I have done -- and this is unprecedented ... is Ive said to each agency ... look at regulations that are already on the books and if they dont make sense, lets get rid of them. a press conference"
"When the mayor of Providences brother wrote over 100 grand in bad checks to the city, Joe Fernandez didnt have the guts to prosecute him. He let him off the hook.","When the mayor of Providences brother wrote over 100 grand in bad checks to the city, Joe Fernandez didnt have the guts to prosecute him. He let him off the hook. a campaign commercial"
Says the Wisconsin Republican Party tweeted Happy International Womens Day! You ladies should get paid less and not be able to make health care decisions.,Says the Wisconsin Republican Party tweeted Happy International Womens Day! You ladies should get paid less and not be able to make health care decisions. a tweet
Soy ... el nico official estatal quin es un hombre de negocios.,Soy ... el nico official estatal quin es un hombre de negocios. an interview on “Conexión Texas”
Says Barack Obama sold Chrysler to Italians who are going to build Jeeps in China at the cost of American jobs.,Says Barack Obama sold Chrysler to Italians who are going to build Jeeps in China at the cost of American jobs. a television ad
Says Rick Perry said theres an administrator for every teacher in Texas public schools.,Says Rick Perry said theres an administrator for every teacher in Texas public schools. a radio interview.
"The Congressional Budget Office most recently came out and analyzed the current (health care) plan and said that it was not only deficit-neutral, but also that over 10 years it would create a $6 billion surplus.","The Congressional Budget Office most recently came out and analyzed the current (health care) plan and said that it was not only deficit-neutral, but also that over 10 years it would create a $6 billion surplus. a town hall meeting in Missouri."
The health care reform bill is the largest tax increase in U.S. history.,"The health care reform bill is the largest tax increase in U.S. history. a comment on his ""Morning Joe'' program on MSNBC"
Says Gov. Rick Perry is spending Texans hard-earned money to live like Louie XIV.,Says Gov. Rick Perry is spending Texans hard-earned money to live like Louie XIV. an e-mail blast.
Congressman Duffy has long record of voting against VA backlog fixes.,Congressman Duffy has long record of voting against VA backlog fixes. a news release
There were fewer civilian casualties in Cambodia than there have been from American drone attacks.,There were fewer civilian casualties in Cambodia than there have been from American drone attacks. an interview on NPR
"By the word religion in the First Amendment, the founders meant Christianity.","By the word religion in the First Amendment, the founders meant Christianity. a broadcast of ""Focal Point"""
Republican candidate for governor Nathan Deal explicitly voted to fund abortions ...,Republican candidate for governor Nathan Deal explicitly voted to fund abortions ... a blog post
I won the majority of the Republican vote in both New Hampshire and South Carolina.,I won the majority of the Republican vote in both New Hampshire and South Carolina. a debate in Boca Raton.
Says Ralph Hall is the oldest member in Congress ever.,Says Ralph Hall is the oldest member in Congress ever. a campaign ad
"Says an investigative report concluded Ken Cuccinelli should have been prosecuted for disclosure violations, but Virginias law was too weak.","Says an investigative report concluded Ken Cuccinelli should have been prosecuted for disclosure violations, but Virginias law was too weak. a debate."
"Under Barack Obama and the big government economy, the median wage for women has dropped $733.","Under Barack Obama and the big government economy, the median wage for women has dropped $733. a Republican presidential debate in Boulder, Colo."
"Says that had E-Verify been in place in Florida when 9/11 terrorists lived here, we might have saved the lives of 3,000 Americans.","Says that had E-Verify been in place in Florida when 9/11 terrorists lived here, we might have saved the lives of 3,000 Americans. comments on the Senate floor"
Our kids cant openly celebrate Christmas or pray in school.,Our kids cant openly celebrate Christmas or pray in school. an Iowa TV ad.
Says Pete Gallego went and lobbied after you fired him from Congress.,Says Pete Gallego went and lobbied after you fired him from Congress. a TV ad
"But if my opponent had his way, the millions of Floridians who rely on it would've had their Social Security tied up in the stock market this week.","But if my opponent had his way, the millions of Floridians who rely on it would've had their Social Security tied up in the stock market this week."
Americans invented the automobile.,"Americans invented the automobile. a broadcast of the ""Laura Ingraham Show"""
The new health care law will force seniors into Barack Obamas government-run health care program.,The new health care law will force seniors into Barack Obamas government-run health care program. a campaign ad
Welfare programs caused more long-term damage to Detroit than the atomic bomb caused to Hiroshima,Welfare programs caused more long-term damage to Detroit than the atomic bomb caused to Hiroshima a chain e-mail
Wisconsin state lawmakers worked seven days in 2012 but got paid for a whole year.,Wisconsin state lawmakers worked seven days in 2012 but got paid for a whole year. a news article
Says Patrick Murphy advocated for cuts to Social Security and Medicare.,Says Patrick Murphy advocated for cuts to Social Security and Medicare. a campaign website
"Within a few years, we will be spending more on interest payments than on national security.","Within a few years, we will be spending more on interest payments than on national security. a speech to the Conservative Political Action Conference"
Says Ted Strickland admits his record on jobs and taxes is mixed and spotty.,Says Ted Strickland admits his record on jobs and taxes is mixed and spotty. Fighting for Ohio PAC ad
On the success of Cash for Clunkers,On the success of Cash for Clunkers an interview with The Plain Dealer
Social Security and Medicare are a Ponzi scheme.,Social Security and Medicare are a Ponzi scheme. a speech to a college GOP group
"My opponent in November of 2008 sent a missive to the White House, to President Obama-elect, and said, Heres how you need to sell cap-and-trade to the American people.","My opponent in November of 2008 sent a missive to the White House, to President Obama-elect, and said, Heres how you need to sell cap-and-trade to the American people. a speech"
The majority actually want single-payer health care.,The majority actually want single-payer health care. an appearance on Larry King Live
America has already taken in one-fourth of Mexicos entire population.,"America has already taken in one-fourth of Mexicos entire population. an interview on ""America with Jorge Ramos"""
Right now we have sufficient reserves to take care of Tennessees lottery scholarship students for a few years more.,Right now we have sufficient reserves to take care of Tennessees lottery scholarship students for a few years more. an interview with reporters following presentation of improved lottery revenues.
Hillary Clinton believed NAFTA was a 'boon' to our economy.,Hillary Clinton believed NAFTA was a 'boon' to our economy. a flier sent to voters in Ohio
"Thurbert Baker kept a teen in jail ""who didn't even commit a felony.""","Thurbert Baker kept a teen in jail ""who didn't even commit a felony."" a video"
A Texas law says that you cant shoot bears out of the second floor of a window.,A Texas law says that you cant shoot bears out of the second floor of a window. a telephone interview with CNN
"Under John McCain's health care plan, people get a $5,000 tax credit to buy a $12,000 health care policy, and ""that's a loss for you.""","Under John McCain's health care plan, people get a $5,000 tax credit to buy a $12,000 health care policy, and ""that's a loss for you."" a debate in Hempstead, N.Y."
"Who are the most consistently misinformed media viewers? Fox viewers, consistently, every poll.","Who are the most consistently misinformed media viewers? Fox viewers, consistently, every poll. an interview on Fox News Sunday"
Virginia House Speaker Bill Howell is allied to group pushing MIXED SEX BATHROOMS in Stafford Schools.,Virginia House Speaker Bill Howell is allied to group pushing MIXED SEX BATHROOMS in Stafford Schools. a Facebook post.
Says Scott Walker left college under an ethical cloud for having tried to fix the election for student body president.,Says Scott Walker left college under an ethical cloud for having tried to fix the election for student body president. an interview
Only 25 percent of what people buy is subject to Rhode Islands sales tax.,Only 25 percent of what people buy is subject to Rhode Islands sales tax. hearing testimony
Says 74 percent of small-business people believe that Obamacare is a bad idea.,Says 74 percent of small-business people believe that Obamacare is a bad idea. an interview
"After President Barack Obamas health care law takes full effect, 100 percent of Americans will depend on some form of federal payment, some form of government benefit to help provide for them.","After President Barack Obamas health care law takes full effect, 100 percent of Americans will depend on some form of federal payment, some form of government benefit to help provide for them. a campaign speech in Steubenville, Ohio"
"Under Barack Obamas watch, we have expended $805 billion to liberate the people of Iraq and, more importantly, 4,400 American lives.","Under Barack Obamas watch, we have expended $805 billion to liberate the people of Iraq and, more importantly, 4,400 American lives. an interview with CNN's Wolf Blitzer"
The sequester has already lost 1.6 million jobs.,The sequester has already lost 1.6 million jobs. a media availability with reporters
"Arkansas Democratic congressional candidate Chad Causey was a Washington, D.C. bureaucrat.","Arkansas Democratic congressional candidate Chad Causey was a Washington, D.C. bureaucrat. a campaign commercial"
Social science is irrefutable that children are better off being raised by a mom and a dad.,Social science is irrefutable that children are better off being raised by a mom and a dad. an interview on ABC's 'This Week'
Say George Washington said that when government takes away citizens right to bear arms it becomes citizens duty to take away governments right to govern.,Say George Washington said that when government takes away citizens right to bear arms it becomes citizens duty to take away governments right to govern. a meme on social media
Says Gov. Chris Christie has embarked on a tour to demand that New Jerseys Democratic legislature approve an immediate tax cut that would disproportionately benefit the wealthiest.,Says Gov. Chris Christie has embarked on a tour to demand that New Jerseys Democratic legislature approve an immediate tax cut that would disproportionately benefit the wealthiest. an op-ed in Politico
Says over 1 million signatures were submitted in attempt to recall Gov. Scott Walker.,Says over 1 million signatures were submitted in attempt to recall Gov. Scott Walker. a video and multiple other instances
TheAffordable Care Actalters the sensible doctor-patient-relationship-centered health care program ... we see today.,"TheAffordable Care Actalters the sensible doctor-patient-relationship-centered health care program ... we see today. comments on Fox's ""Fox News Sunday"""
Klein did not hold a single town hall meeting (on health care) where the general public was invited to ask questions or present their views.,Klein did not hold a single town hall meeting (on health care) where the general public was invited to ask questions or present their views. press release
"Wisconsins economy has tanked under Gov. Scott Walker andso far in 2015 over 6,685 people have been laid off, already more than in all of 2014.","Wisconsins economy has tanked under Gov. Scott Walker andso far in 2015 over 6,685 people have been laid off, already more than in all of 2014. a website posting"
"Holding up a BlackBerry, McCain campaign adviser says, ""youre looking at the miracle John McCain helped create.""","Holding up a BlackBerry, McCain campaign adviser says, ""youre looking at the miracle John McCain helped create."" a conversation with reporters."
A lot of student loans are already refinanced by the federal government.,A lot of student loans are already refinanced by the federal government. a radio interview
Did you know ObamaCare will cost nearly twice as much as initially expected -- $1.8 TRILLION?,Did you know ObamaCare will cost nearly twice as much as initially expected -- $1.8 TRILLION? a tweet.
"There are 30,000 people that have been killed with seat belts.","There are 30,000 people that have been killed with seat belts. a House debate over mandatory seat belt use"
We must deal with the here and now and assure affordable fuel for America by increasing domestic production.,"We must deal with the here and now and assure affordable fuel for America by increasing domestic production. Houston, Texas"
"For the past year, I was censored and muzzled.","For the past year, I was censored and muzzled. an email blast"
"Middle-class families throughout America (would) have to pay $6,000 per year to pay for tax cuts for the wealthy.","Middle-class families throughout America (would) have to pay $6,000 per year to pay for tax cuts for the wealthy. a debate"
"The Texas leg of the Keystone pipeline has already created 4,800 jobs in just the year its been up and running.","The Texas leg of the Keystone pipeline has already created 4,800 jobs in just the year its been up and running. a post on his U.S. Senate website"
McCain opposed the border fence.,McCain opposed the border fence. a TV ad against John McCain
"I had previously said that NATO was obsolete because it failed to deal adequately with terrorism. Since my comments, they have changed their policy and now have a new division focused on terror threats.","I had previously said that NATO was obsolete because it failed to deal adequately with terrorism. Since my comments, they have changed their policy and now have a new division focused on terror threats. a speech on foreign policy in Youngstown, Ohio"
Says union bosses bused protesters to aCentral Florida education protest.,Says union bosses bused protesters to aCentral Florida education protest. a radio ad.
"Says that at a campaign rally President Barack Obama spent so much time screaming at a protester, and frankly it was a disgrace.","Says that at a campaign rally President Barack Obama spent so much time screaming at a protester, and frankly it was a disgrace. a rally in Hershey, Pa."
On transparency in dealing with the Republican Party of Florida's financial issues.,On transparency in dealing with the Republican Party of Florida's financial issues. interviews with Florida media.
"When Hillary Clinton ran the State Department, $6 billion was missing. How do you miss $6 billion? You ran the State Department, $6 billion was either stolen they dont know.","When Hillary Clinton ran the State Department, $6 billion was missing. How do you miss $6 billion? You ran the State Department, $6 billion was either stolen they dont know. the third presidential debate"
Prayer rugs have recently been found on the Texas side of the border in the brush.,"Prayer rugs have recently been found on the Texas side of the border in the brush. a speech in Washington, D.C."
Says rabid animals from other states carry different strains of rabies that Florida vaccines and serums dont affect.,Says rabid animals from other states carry different strains of rabies that Florida vaccines and serums dont affect. a committee hearing
We spent $223-million on a bridge in Alaska to an island with 50 people on it.,"We spent $223-million on a bridge in Alaska to an island with 50 people on it. a speech in Nashua, N.H."
Withheld union dues fund half of Dem (Democratic) campaigns in Florida.,Withheld union dues fund half of Dem (Democratic) campaigns in Florida. a post on Twitter.
The health care law is the largest tax [increase] in the history of our country,The health care law is the largest tax [increase] in the history of our country a radio interview
A study ranked Florida No. 1 in government corruption under Gov. Rick Scott.,A study ranked Florida No. 1 in government corruption under Gov. Rick Scott. a Web video
Nevada will be energy independent within the immediate future.,"Nevada will be energy independent within the immediate future. an interview on ""Face to Face with Jon Ralston"""
Says there were only about eight or 10 inflammatory sentences in his newsletters.,Says there were only about eight or 10 inflammatory sentences in his newsletters. a radio interview
On the coal industry,On the coal industry an interview.
The debt comes up all the time in town meetings ... but its never asked in the debates. Its really weird. It hasnt been brought up.,"The debt comes up all the time in town meetings ... but its never asked in the debates. Its really weird. It hasnt been brought up. an appearance at Franklin Pierce University in Rindge, N.H."
"An annual income of $500,000 in Manhattan, believe it or not, is middle class.","An annual income of $500,000 in Manhattan, believe it or not, is middle class. a joint mayoral candidates' appearance on MSNBC"
"When I was speaker, we had four consecutive balanced budgets.","When I was speaker, we had four consecutive balanced budgets. a Republican presidential debate in Tampa"
The Congressional Budget Office has found that (the stimulus) bill will lead to a real 0.1 to 0.3 percent reduction in gross domestic product by 2019.,The Congressional Budget Office has found that (the stimulus) bill will lead to a real 0.1 to 0.3 percent reduction in gross domestic product by 2019. an op-ed article in the Washington Post.
Any Floridian who has ever requested an absentee ballot henceforth gets one automatically.,"Any Floridian who has ever requested an absentee ballot henceforth gets one automatically. a ""Washington Post"" column"
Democratic U.S. House candidate Julie Lassa pushed for a Canadian-style government takeover of health care.,Democratic U.S. House candidate Julie Lassa pushed for a Canadian-style government takeover of health care. a campaign TV ad
Says Milwaukee County Executive Chris Abele once proposed a plan to end county funding to homeless shelters.,Says Milwaukee County Executive Chris Abele once proposed a plan to end county funding to homeless shelters. a Facebook post
"Without the financial resources provided by hunters to protect habitat and stop poachers, there would be no infrastructure for wildlife management.","Without the financial resources provided by hunters to protect habitat and stop poachers, there would be no infrastructure for wildlife management. a Facebook post"
"Health care reform ""establishes a new board of federal bureaucrats (the 'Health Benefits Advisory Committee') to dictate the health plans that all individuals must purchase.""","Health care reform ""establishes a new board of federal bureaucrats (the 'Health Benefits Advisory Committee') to dictate the health plans that all individuals must purchase."" a news release"
Dan Branch once lobbied for the AFL-CIO.,Dan Branch once lobbied for the AFL-CIO. a news story
"Obamas Justice-designate Sotomayor threw out (the New Haven firefighters) lawsuit in a sneaky, unsigned opinion -- the judicial equivalent of talk to the hand.","Obamas Justice-designate Sotomayor threw out (the New Haven firefighters) lawsuit in a sneaky, unsigned opinion -- the judicial equivalent of talk to the hand. a column in Human Events."
Says of flood of non-Mexicans being apprehended at the border: These are people that are coming from states like Syria that have substantial connections back to terrorist regimes and terrorist operations.,Says of flood of non-Mexicans being apprehended at the border: These are people that are coming from states like Syria that have substantial connections back to terrorist regimes and terrorist operations. an interview on Fox & Friends
Says Barack Obama knew half of the population of the United States would lose their health insurance.,Says Barack Obama knew half of the population of the United States would lose their health insurance. a broadcast of the Glenn Beck Show
Says Mitt Romney and Bain Capital are to blame in a womans premature death when they closed the plant where her husband worked.,Says Mitt Romney and Bain Capital are to blame in a womans premature death when they closed the plant where her husband worked. campaign ad
On resigning from the Texas Railroad Commission.,On resigning from the Texas Railroad Commission. a statement announcing her departure from the commission
The 2013 immigration bill expanded President Obamas ability to bring Syrian refugees to this country without mandating any meaningful background checks.,"The 2013 immigration bill expanded President Obamas ability to bring Syrian refugees to this country without mandating any meaningful background checks. a town hall event in Windham, N.H."
"We were promised (the stimulus) would provide 'green jobs' for Americans, but 80% of the $2 billion they spent on alternative energy went to purchase wind turbines built in China!","We were promised (the stimulus) would provide 'green jobs' for Americans, but 80% of the $2 billion they spent on alternative energy went to purchase wind turbines built in China! a Facebook post"
Federal employees are making twice as much as their private counterparts.,Federal employees are making twice as much as their private counterparts. an interview with Barbara Walters
Latinos now make up the majority population in Texas.,Latinos now make up the majority population in Texas. a press release
We are only inches away from ceasing to be a free market economy.,We are only inches away from ceasing to be a free market economy. a speech announcing his presidential campaign
Says President Barack Obama carried Congressional District 13 by 8.2 points in 2008 and 5.6 points in 2012.,"Says President Barack Obama carried Congressional District 13 by 8.2 points in 2008 and 5.6 points in 2012. a ""Washington Post"" column"
"The $1.8 billion in [transportation] bonding, we dont have a repayment mechanism.","The $1.8 billion in [transportation] bonding, we dont have a repayment mechanism. a speech."
"We are not producing jobs. We created 80,000 jobs last month. We dont talk about the jobs that we lost. The net of it all is that we lost jobs.","We are not producing jobs. We created 80,000 jobs last month. We dont talk about the jobs that we lost. The net of it all is that we lost jobs. an interview on WNYC’s The Brian Lehrer Show"
Says the Tennessee Wildlife Resources Agency brought coyotes into the state to try to keep the deer population down.,Says the Tennessee Wildlife Resources Agency brought coyotes into the state to try to keep the deer population down. a House Conservation and Environment Committee meeting
"In fact, 85 percent of Oregonians voted in 2008.","In fact, 85 percent of Oregonians voted in 2008. a doorknob flier"
Sen. Sherrod Brown has chosen to side with Washington bureaucrats and fringe extremists in the attacks on our natural resources.,Sen. Sherrod Brown has chosen to side with Washington bureaucrats and fringe extremists in the attacks on our natural resources. a newspaper column
"Sarah Palin ""got more votes running for mayor of Wasilla, Alaska, than Joe Biden got running for president of the United States.""","Sarah Palin ""got more votes running for mayor of Wasilla, Alaska, than Joe Biden got running for president of the United States."" a speech at the Republican National Convention"
The Civil War wasnt about slavery.,The Civil War wasnt about slavery. a tweet
Says he has exposed plans by Wisconsin Gov. Scott Walker to push legislation that would allow the state to declare financial martial law and take over municipal governments.,Says he has exposed plans by Wisconsin Gov. Scott Walker to push legislation that would allow the state to declare financial martial law and take over municipal governments. a blog posting
"When the Fair Tax becomes law, it will be like waving a magic wand releasing us from pain and unfairness.","When the Fair Tax becomes law, it will be like waving a magic wand releasing us from pain and unfairness."
"Says U.S. Rep. Steve Daines, R-Mont., opposes a vote on his own legislation that he proposed just a few months ago.","Says U.S. Rep. Steve Daines, R-Mont., opposes a vote on his own legislation that he proposed just a few months ago. a press release"
"Recent census data shows that the average American family spends over $13,000 a year for health care coverage.","Recent census data shows that the average American family spends over $13,000 a year for health care coverage. a speech on the House floor"
I supported the surge when you didn't.,"I supported the surge when you didn't. a debate in Manchester, N.H."
"I spend a lot of time in Iowa, and believe it or not, in Ottumwa, Iowa, this is the heartland, the newspaper, the regular newspaper for Ottumwa, Iowa, is (a) bilingual newspaper.","I spend a lot of time in Iowa, and believe it or not, in Ottumwa, Iowa, this is the heartland, the newspaper, the regular newspaper for Ottumwa, Iowa, is (a) bilingual newspaper. Fox News interview"
"Phoenix, Ariz., is the No. 2 kidnapping capital of the world.","Phoenix, Ariz., is the No. 2 kidnapping capital of the world. an appearance at the Cleveland City Club"
"We dont know anything about Hillary in terms of religion. Now, shes been in the public eye for years and years, and yet theres no theres nothing out there.","We dont know anything about Hillary in terms of religion. Now, shes been in the public eye for years and years, and yet theres no theres nothing out there. a meeting with Christian leaders"
Says Russ Feingold voted to give Social Security benefits to illegal immigrants,"Says Russ Feingold voted to give Social Security benefits to illegal immigrants an automated phone message, as well as a radio ad, news releases and debates"
Over 81 percent of the babies that are born at LBJ Hospital right here in Houston are born of women who are not here legally.,Over 81 percent of the babies that are born at LBJ Hospital right here in Houston are born of women who are not here legally. a television interview
"Under President Obama: $4,000 tax hike on middle-class families.","Under President Obama: $4,000 tax hike on middle-class families. a campaign ad"
A Trump television ad shows Mexicans swarming over our southern border.,A Trump television ad shows Mexicans swarming over our southern border. a television ad
President Barack Obama shut down NASA space flights and turned the agency into a Muslim outreach department.,President Barack Obama shut down NASA space flights and turned the agency into a Muslim outreach department. a segment on 'The Rush Limbaugh Show'
Says he was exonerated in every single case in 1990s ethics violations charges.,Says he was exonerated in every single case in 1990s ethics violations charges. a radio interview
Millennials are more pro-life than baby boomers and older Americans.,"Millennials are more pro-life than baby boomers and older Americans. a broadcast of NBC's ""Meet the Press"""
"I had prostate cancer, five, six years ago. My chance of surviving prostate cancer, and thank God I was cured of it, in the United States, 82%. My chances of surviving prostate cancer in England, only 44% under socialized medicine.","I had prostate cancer, five, six years ago. My chance of surviving prostate cancer, and thank God I was cured of it, in the United States, 82%. My chances of surviving prostate cancer in England, only 44% under socialized medicine."
"If you have an investment for your child's education or own a mutual fund or a stock in a retirement plan, (Obama) is going to raise your taxes.","If you have an investment for your child's education or own a mutual fund or a stock in a retirement plan, (Obama) is going to raise your taxes. Denver, Co."
Personal income is growing faster in Tennessee on average than any other state in the country.,Personal income is growing faster in Tennessee on average than any other state in the country. a speech to Carter County Republican Party
Obama wants to increase the size of government by 23 percent.,"Obama wants to increase the size of government by 23 percent. a radio ad called ""Millions"""
"Bill White ... supports the ObamaCare socialized medicine plan, as well as Cap and Trade legislation that would kill thousands of Texas jobs.","Bill White ... supports the ObamaCare socialized medicine plan, as well as Cap and Trade legislation that would kill thousands of Texas jobs. a fund-raising letter"
The Democrats propose a government-controlled health care plan that will deprive roughly 120 million Americans of their current health care coverage.,The Democrats propose a government-controlled health care plan that will deprive roughly 120 million Americans of their current health care coverage. an e-mail
"Says Milwaukee Mayor Tom Barrett is responsible for the roughly $7,800 I pay in property taxes per year.","Says Milwaukee Mayor Tom Barrett is responsible for the roughly $7,800 I pay in property taxes per year. an interview"
"As Houstons mayor, I helped our area lead the nation in job growth.","As Houstons mayor, I helped our area lead the nation in job growth. a questionnaire"
President Obama was raised Muslim.,President Obama was raised Muslim. a TV interview.
Neighbors of the San Bernardino shooters knew that they were talking about trying to take our country and attack it.,"Neighbors of the San Bernardino shooters knew that they were talking about trying to take our country and attack it. the Republican debate in Des Moines, Iowa"
Heroin and prescription opioids are the number one cause of accidental or preventable death in Wisconsin.,Heroin and prescription opioids are the number one cause of accidental or preventable death in Wisconsin. an interview
"When you look at the nearly 150 men and women who have served us on the Texas Supreme Court, more than half of them had zero prior judicial experience.","When you look at the nearly 150 men and women who have served us on the Texas Supreme Court, more than half of them had zero prior judicial experience. a YouTube video"
The incidents of threats against (President Barack Obama) are greater than for any other president in modern times.,The incidents of threats against (President Barack Obama) are greater than for any other president in modern times. an interview
"Just on Jan. 1 of this year, there were 40,000 new laws put on the books in one day.","Just on Jan. 1 of this year, there were 40,000 new laws put on the books in one day. a speech at Texas A&M University."
﻿Says JoAnne Kloppenburgs side had a 3-to-1 money advantage in the Wisconsin Supreme Court campaign.,﻿Says JoAnne Kloppenburgs side had a 3-to-1 money advantage in the Wisconsin Supreme Court campaign. comments made during his radio show
"State budget cuts for local schools resulted in nearly 4,000 educator layoffs","State budget cuts for local schools resulted in nearly 4,000 educator layoffs a news release"
Says a gun bill before the Senate is proposing the universal registration of all firearms and their owners.,Says a gun bill before the Senate is proposing the universal registration of all firearms and their owners. an email to supporters
This is a test of the fact-checking widget.,This is a test of the fact-checking widget. a test of the fact-checking widget
"In the 1990s, the Biden Crime Bill added 100,000 cops to America's streets. As a result, murder and violent crime rates went down eight years in a row.","In the 1990s, the Biden Crime Bill added 100,000 cops to America's streets. As a result, murder and violent crime rates went down eight years in a row. statement on Web site"
Only one president has ever cut Medicare for seniors in this country . . . Barack Obama.,Only one president has ever cut Medicare for seniors in this country . . . Barack Obama. a Republican presidential primary debate
Having a baby is aleading cause of poverty spells in the United States.,Having a baby is aleading cause of poverty spells in the United States. a tweet
"Minnesotas advantage in economic growth has been having Republicans in charge of at least one part of government for all but two years, while Wisconsin Democrats for many years before 2011 controlled both legislative chambers and the governorship.","Minnesotas advantage in economic growth has been having Republicans in charge of at least one part of government for all but two years, while Wisconsin Democrats for many years before 2011 controlled both legislative chambers and the governorship. an interview"
Says Tom Barrett supports a government takeover of our health care,Says Tom Barrett supports a government takeover of our health care a campaign TV ad
Rhode Island voters are moving away from the Democratic party to non-affiliation,Rhode Island voters are moving away from the Democratic party to non-affiliation a speech at the state Democratic convention
Says President Obama has doubled the deficit.,Says President Obama has doubled the deficit. the first presidential debate in Denver
The federal government has not engaged in (border security) at all.,The federal government has not engaged in (border security) at all. in the Fox News Google debate in Orlando
"Most of your serial killers, most of your people who commit domestic violence, they start off by abusing animals.","Most of your serial killers, most of your people who commit domestic violence, they start off by abusing animals. a television interview"
Barack Obama began his presidency with an apology tour.,Barack Obama began his presidency with an apology tour. remarks at the Republican National Convention in Tampa
Says President Barack Obama is absolutely a Muslim.,Says President Barack Obama is absolutely a Muslim. an interview with ABC News
"Says Ted Strickland supported giving $150 billion to Iranian regime that persecutes women, Christians and gays.","Says Ted Strickland supported giving $150 billion to Iranian regime that persecutes women, Christians and gays. a campaign ad"
"On the question on the DREAM Act, no -- no to granting lower tuition to illegals.","On the question on the DREAM Act, no -- no to granting lower tuition to illegals. an interview with MSNBC."
"Says getting ex-cons to successfully return to society is important so we are not always faced constantly with recidivism, which is a big problem in the penitentiary today in the 70 to 80 percent range.","Says getting ex-cons to successfully return to society is important so we are not always faced constantly with recidivism, which is a big problem in the penitentiary today in the 70 to 80 percent range. an interview on WCPN 90.3 FM"
On possibly raising the Social Security retirement age.,On possibly raising the Social Security retirement age. in a TV interview
"The Republican-authored state budget includes a provision forcing people earning as little as $12,000 to buy private health insurance that could cost them as much as $4,000 per year.","The Republican-authored state budget includes a provision forcing people earning as little as $12,000 to buy private health insurance that could cost them as much as $4,000 per year. a news release"
On a bipartisan task force on ways to improve fiscal policy.,On a bipartisan task force on ways to improve fiscal policy. a speech on the Senate floor
There was a 57-percent decrease in fireworks-related injuries in 2000 [after Connecticut legalized sparklers] compared to the 14 years prior.,There was a 57-percent decrease in fireworks-related injuries in 2000 [after Connecticut legalized sparklers] compared to the 14 years prior. testimony before the Senate Judiciary Committee.
"Look, the earmarks have come down significantly, 75 percent.","Look, the earmarks have come down significantly, 75 percent. a TV interview."
Says 2010 was the worst year ever for Americas doctors reimbursed by Medicare.,Says 2010 was the worst year ever for Americas doctors reimbursed by Medicare. an interview.
Regulations have quadrupled. The rate of regulations quadrupled under this president.,Regulations have quadrupled. The rate of regulations quadrupled under this president. town hall presidential debate
You don't even have to go outside Obama's campaign to find advisers who are anti-Israel.,You don't even have to go outside Obama's campaign to find advisers who are anti-Israel. in a press release
"[R]emember, the president proposed eliminating charitable deductions for higher-income taxpayers.","[R]emember, the president proposed eliminating charitable deductions for higher-income taxpayers. a speech"
He reformed welfare before others tried.,He reformed welfare before others tried. a TV ad
1.3-million people in America make their living off eBay.,"1.3-million people in America make their living off eBay. Nashville, Tenn."
"Under a proposal by Rep. Paul Ryan, people on Medicare will only have $15,000 from the federal government to spend on their health care.","Under a proposal by Rep. Paul Ryan, people on Medicare will only have $15,000 from the federal government to spend on their health care. an episode of HBO's ""Real Time with Bill Maher"""
"The people that went to school with (Barack Obama), they never saw him, they dont know who he is.","The people that went to school with (Barack Obama), they never saw him, they dont know who he is. a speech at the CPAC conference"
"John McCain will keep the estate tax at 0 percent, the same as it is now.","John McCain will keep the estate tax at 0 percent, the same as it is now. a chain e-mail"
Says Rick Scott has teamed up with a felon convicted of running a Ponzi scheme to smear Charlie Crist.,Says Rick Scott has teamed up with a felon convicted of running a Ponzi scheme to smear Charlie Crist. a TV ad
Says that Tennessee Gov. Bill Haslam has made it clear by his repeated actions that he will pursue a policy that promotes the interest of Islamist (sic) and their radical ideology as long as he is governor.,Says that Tennessee Gov. Bill Haslam has made it clear by his repeated actions that he will pursue a policy that promotes the interest of Islamist (sic) and their radical ideology as long as he is governor. a Web posting
Says Barack Obama was happily photographed holding a T-shirt with revolutionary Ernesto Che Guevaras face on it.,Says Barack Obama was happily photographed holding a T-shirt with revolutionary Ernesto Che Guevaras face on it. a Facebook post
Our African-American communities are absolutely in the worst shape theyve ever been in before. Ever. Ever. Ever.,"Our African-American communities are absolutely in the worst shape theyve ever been in before. Ever. Ever. Ever. a speech in Kenansville, N.C."
"Last year, ExxonMobil made $19 billion in profit. Guess what. They paid zero in taxes. They got a $156 million refund from the IRS.","Last year, ExxonMobil made $19 billion in profit. Guess what. They paid zero in taxes. They got a $156 million refund from the IRS. a Senate floor speech"
Signs letter saying Consumer Product Safety Commission is acting without consultation or input from the company to stop the sale of Buckyballs.,Signs letter saying Consumer Product Safety Commission is acting without consultation or input from the company to stop the sale of Buckyballs. in a letter co-signed with others in Congress.
On support for the Bridge to Nowhere.,On support for the Bridge to Nowhere.
Small businesses (are) going out of business in record numbers.,Small businesses (are) going out of business in record numbers. a speech at Liberty University
U.S. Reps. John Barrow and Sanford Bishop and their fellow Democrats went on a spending spree and now their credit card is maxed out.,U.S. Reps. John Barrow and Sanford Bishop and their fellow Democrats went on a spending spree and now their credit card is maxed out. press releases
The health care law includes a 3.8% sales tax on all real estate transactions.,The health care law includes a 3.8% sales tax on all real estate transactions. a chain email
"Amendments (Hillary Clinton) supported and voted for in 2006, she no longer supported in 2008, showing she changed positions on an India nuclear deal.","Amendments (Hillary Clinton) supported and voted for in 2006, she no longer supported in 2008, showing she changed positions on an India nuclear deal. an interview with NBC's Andrea Mitchell"
The Democrats have already voted to ban our conventional light bulbs ... in favor of dangerous fluorescent light bulbs.,The Democrats have already voted to ban our conventional light bulbs ... in favor of dangerous fluorescent light bulbs. a fundraising letter
"Says Barack Obama admits hes coming for our guns, telling Sarah Brady, We are working on (gun control), but under the radar.","Says Barack Obama admits hes coming for our guns, telling Sarah Brady, We are working on (gun control), but under the radar. a mailer"
"Of $60 billion Congress approved in response to Hurricane Sandy, only 10 percent was for disaster relief.","Of $60 billion Congress approved in response to Hurricane Sandy, only 10 percent was for disaster relief. an interview on MSNBC’s Morning Joe"
On public financing of his campaign.,On public financing of his campaign.
Wisconsin Gov. Scott Walkers estimate of a $3.6 billion state budget deficit is manufactured and a bogus figure.,Wisconsin Gov. Scott Walkers estimate of a $3.6 billion state budget deficit is manufactured and a bogus figure. a blog posting
"Among Syrian refugees, there arent that many women, there arent that many children.","Among Syrian refugees, there arent that many women, there arent that many children. an interview on ABC ""This Week"""
Says Will Rasmussen supported a sales tax as recently as last spring.,Says Will Rasmussen supported a sales tax as recently as last spring. an e-mail
One-third of the health care dollar goes to no such thing as health care; it goes to the insurance companies.,One-third of the health care dollar goes to no such thing as health care; it goes to the insurance companies. a speech on the House floor.
"The Texas Capitol faces South toward Goliad, in memory of the most horrific battle of the Texas Revolution.","The Texas Capitol faces South toward Goliad, in memory of the most horrific battle of the Texas Revolution. a letter to the editor of the Austin American-Statesman"
"Seniors and the disabled will have to stand in front of Obamas death panel so his bureaucrats can decide, based on a subjective judgment of their level of productivity in society, whether they are worthy of health care.","Seniors and the disabled will have to stand in front of Obamas death panel so his bureaucrats can decide, based on a subjective judgment of their level of productivity in society, whether they are worthy of health care. a message posted on Facebook"
On returning Republican campaign contributions.,On returning Republican campaign contributions. statements to the press
Says Wisconsins 2011-13 state budget contains no fee increases,Says Wisconsins 2011-13 state budget contains no fee increases an interview
Existing law right now requires 700 miles of double-layered border fencing on the Mexico border.,Existing law right now requires 700 miles of double-layered border fencing on the Mexico border. a radio interview.
"Mitt Romney, Rick Perry, and Newt Gingrich all say they would cut foreign aid to Israel and every other country to zero.","Mitt Romney, Rick Perry, and Newt Gingrich all say they would cut foreign aid to Israel and every other country to zero. a page on the Obama campaign website"
"Says bus riders subsidize the expensive, romanticized Leander-to-Austin train.","Says bus riders subsidize the expensive, romanticized Leander-to-Austin train. a mayoral candidate debate on KXAN-TV"
Drilling for oil on the Outer Continental Shelf and in parts of Alaska will immediately reduce our dangerous dependence on foreign oil.,Drilling for oil on the Outer Continental Shelf and in parts of Alaska will immediately reduce our dangerous dependence on foreign oil. an online column
Let me say that I dont think (Bernie Sanders has) had a single negative ad ever run against him.,"Let me say that I dont think (Bernie Sanders has) had a single negative ad ever run against him. an interview on ""Meet the Press"""
FBI confirms evidence of huge underground Clinton sex network.,FBI confirms evidence of huge underground Clinton sex network. a posting on the Internet
On his definition of takers and makers,On his definition of takers and makers interviews
Says Terry McAuliffe opposes Virginias right-to-work law.,Says Terry McAuliffe opposes Virginias right-to-work law. a radio interview.
Says his barehanded catch posted on YouTube is real.,Says his barehanded catch posted on YouTube is real. comments to reporters.
Phoenix is already one of the kidnapping capitals of the world.,Phoenix is already one of the kidnapping capitals of the world. an op-ed in the Daily Caller
The majority last quarter of Sherrod Browns campaign contributions came from outside of the state of Ohio.,The majority last quarter of Sherrod Browns campaign contributions came from outside of the state of Ohio. a television interview
"On (the federal minimum wage of) $7.75, you cant even make half the poverty level.","On (the federal minimum wage of) $7.75, you cant even make half the poverty level. an interview on MSNBC's ""Politics Nation"""
The Clinton camp was the first to get it out there and try to say there was something untoward about the speech that Melania Trump gave.,The Clinton camp was the first to get it out there and try to say there was something untoward about the speech that Melania Trump gave. a press conference
Wisconsin is the only state that allows parents or guardians to purchase alcohol for their children regardless of whether that child is seven or 20 years old at bars and restaurants.,Wisconsin is the only state that allows parents or guardians to purchase alcohol for their children regardless of whether that child is seven or 20 years old at bars and restaurants. a news release
"More than 3,000 homicides were committed by illegal aliens over the past six years.","More than 3,000 homicides were committed by illegal aliens over the past six years. an interview with Glenn Beck"
"On how he measures his promise to create 700,000 private-sector jobs in seven years.","On how he measures his promise to create 700,000 private-sector jobs in seven years. an answer to reporters"
"U.S. Department of Homeland Security has told banks -- in writing -- it may inspect safe deposit boxes without warrant and seize any gold, silver, guns or other valuables it finds inside those boxes!","U.S. Department of Homeland Security has told banks -- in writing -- it may inspect safe deposit boxes without warrant and seize any gold, silver, guns or other valuables it finds inside those boxes! an email"
Austin mayoral candidate Steve Adler has never been active in anything that has to do with City Hall.,Austin mayoral candidate Steve Adler has never been active in anything that has to do with City Hall. an interview for a news story
"The wife of the Ferguson, Mo., police chief said African-Americans in Ferguson are feral and violent.","The wife of the Ferguson, Mo., police chief said African-Americans in Ferguson are feral and violent. posts on Twitter"
Obama was enrolled in a Wahabi school in Jakarta. Wahabism is the RADICAL teaching that is followed by the Muslim terrorists who are now waging Jihad against the western world.,Obama was enrolled in a Wahabi school in Jakarta. Wahabism is the RADICAL teaching that is followed by the Muslim terrorists who are now waging Jihad against the western world.
Were the only system of federalism in the world.,Were the only system of federalism in the world. an interview with Fox News.
"Hillary's main extracurricular activity in law school was helping the Black Panthers, on trial in Connecticut for torturing and killing a federal agent.","Hillary's main extracurricular activity in law school was helping the Black Panthers, on trial in Connecticut for torturing and killing a federal agent. a chain e-mail based on an article written by Dick Morris"
"Over the past few months, we've learned that ""we just can't count on the media to debunk"" lies about health insurance reform.","Over the past few months, we've learned that ""we just can't count on the media to debunk"" lies about health insurance reform. a fundraising e-mail"
Says students who receive free or reduced lunch are performing just as well as students who do not.,Says students who receive free or reduced lunch are performing just as well as students who do not. comments while discussing merit pay for teachers
I never once asked that (Megyn Kelly) be removed as a debate moderator.,I never once asked that (Megyn Kelly) be removed as a debate moderator. an interview on CNN
"In Wisconsin, more than 300,000 people have some kind of addictive gambling problem, whether its pathological or what wed categorize as a problem gambler.","In Wisconsin, more than 300,000 people have some kind of addictive gambling problem, whether its pathological or what wed categorize as a problem gambler. a radio interview"
We actually made history in 2010. We came the closest in 24 years to defeating Frank Pallone.,We actually made history in 2010. We came the closest in 24 years to defeating Frank Pallone. an interview on NJToday
"All non-US citizens, illegal or not, will be provided with free health care services.","All non-US citizens, illegal or not, will be provided with free health care services. a chain e-mail"
"Rather than prioritize and pass ethics reform measures to restore trust in state government, (Democrats) sat on their hands and did nothing when they were the majority.","Rather than prioritize and pass ethics reform measures to restore trust in state government, (Democrats) sat on their hands and did nothing when they were the majority. a press release"
"Vice President Joe Biden's meeting ""with the transparency and accountability board . . . was closed to the public.""","Vice President Joe Biden's meeting ""with the transparency and accountability board . . . was closed to the public."" a speech to members of the Tea Party"
Says she wiped out the state Agriculture Departments inspections of eggs at retail sites like grocery stores.,Says she wiped out the state Agriculture Departments inspections of eggs at retail sites like grocery stores. an interview
Says Ted Cruz just flip-flopped about the president needing to be U.S.-born.,Says Ted Cruz just flip-flopped about the president needing to be U.S.-born. an online meme
"Says his GOP challenger, Doug MacGinnitie, ""hadnt voted in a Republican primary for almost 20 years until 2008.","Says his GOP challenger, Doug MacGinnitie, ""hadnt voted in a Republican primary for almost 20 years until 2008. a Cobb County Republican Party breakfast speech June 5"
"John McCain refuses to support a new bipartisan energy bill ""because it would take away tax breaks from oil companies like Exxon Mobil.""","John McCain refuses to support a new bipartisan energy bill ""because it would take away tax breaks from oil companies like Exxon Mobil."" a news release"
"Wisconsin sold fresh water to California, helping that states dairy industry, and lost a bunch of jobs (and) a bunch of farmland.","Wisconsin sold fresh water to California, helping that states dairy industry, and lost a bunch of jobs (and) a bunch of farmland. an interview"
Says he faced a record budget deficit in Virginia in 2014.,Says he faced a record budget deficit in Virginia in 2014. a radio interview.
"Says Bernie Sanders wins California landslide, But ⅔ of his votes arent counted.","Says Bernie Sanders wins California landslide, But ⅔ of his votes arent counted. a headline in the Justice Gazette"
"Gov. Scott Walker (is) more than halfway to (his) 250,000 jobs goal.","Gov. Scott Walker (is) more than halfway to (his) 250,000 jobs goal. a web posting"
"Obamacare means that for up to 20 million Americans, they will lose the insurance they currently have, the insurance that they like and they want to keep.","Obamacare means that for up to 20 million Americans, they will lose the insurance they currently have, the insurance that they like and they want to keep. a speech in Washington, D.C."
"Under last years health care reform, a bunch of bureaucrats decide whether you get care, such as continuing on dialysis or cancer chemotherapy.","Under last years health care reform, a bunch of bureaucrats decide whether you get care, such as continuing on dialysis or cancer chemotherapy. a news conference"
There has been no net global warming for over a decade now.,There has been no net global warming for over a decade now. a political advertisement.
This race will be the Democrats top target this November.,This race will be the Democrats top target this November. a mailer
"As a result of Obamacare, California seniors face benefit cuts of over $1,700.","As a result of Obamacare, California seniors face benefit cuts of over $1,700. a campaign ad"
"Recently though, the media has reported on thousands of illegal voters here in the commonwealth.","Recently though, the media has reported on thousands of illegal voters here in the commonwealth. a debate."
Mayor Fung wants to punish our childrens education by removing 12 million dollars from current funding to pay for his private charter school. Your taxes would increase by between 6 and 8 percent per year.,Mayor Fung wants to punish our childrens education by removing 12 million dollars from current funding to pay for his private charter school. Your taxes would increase by between 6 and 8 percent per year. a recorded telephone message to Cranston residents
On lifting the U.S. Cuban embargo and allowing travel to Cuba.,On lifting the U.S. Cuban embargo and allowing travel to Cuba. a televised debate on Miami's WPLG-10 against Kendrick Meek.
"The Department of Veterans Affairs has a manual out there telling our veterans stuff like, 'Are you really of value to your community?' You know, encouraging them to commit suicide.","The Department of Veterans Affairs has a manual out there telling our veterans stuff like, 'Are you really of value to your community?' You know, encouraging them to commit suicide. a Fox News interview"
"When Obama was sworn into office, he DID NOT use the Holy Bible, but instead the Kuran (Their equivalency to our Bible, but very different beliefs).","When Obama was sworn into office, he DID NOT use the Holy Bible, but instead the Kuran (Their equivalency to our Bible, but very different beliefs)."
Says Having organizations parading as being social welfare organizations and then being involved in the political combat harkens back to why the statute a hundred years ago said that they were prohibited.,Says Having organizations parading as being social welfare organizations and then being involved in the political combat harkens back to why the statute a hundred years ago said that they were prohibited. a U.S. Ways and Means hearing
"Says when armed civilians stop mass shootings with guns, an average of 2.5 people die; otherwise, an average of 18 people die.","Says when armed civilians stop mass shootings with guns, an average of 2.5 people die; otherwise, an average of 18 people die. in an interview at gun shop in Hudson, N.H."
"The health care reform plan would set limits similar to the socialized system in Britain, where people are allowed to die if their treatment would cost more than $22,000.","The health care reform plan would set limits similar to the socialized system in Britain, where people are allowed to die if their treatment would cost more than $22,000. a TV ad"
"Says 21,000 Wisconsin residents got jobs in 2011, but 18,000 of them were in other states.","Says 21,000 Wisconsin residents got jobs in 2011, but 18,000 of them were in other states. remarks"
Says Iowa Gov. Terry Branstad chartered a plane to remove 124 young illegal immigrants from his state and take them back to Honduras.,Says Iowa Gov. Terry Branstad chartered a plane to remove 124 young illegal immigrants from his state and take them back to Honduras. a chain email
Says President Barack Obama has said that everybody should hate the police.,Says President Barack Obama has said that everybody should hate the police. an interview on Fox News
"Bank of America could create 878,300 jobs with benefits if they spent their 2010 bonuses on job creation.","Bank of America could create 878,300 jobs with benefits if they spent their 2010 bonuses on job creation. a Facebook post"
A flight from Atlanta to Houston was canceled due to a terrorist dry run.,A flight from Atlanta to Houston was canceled due to a terrorist dry run. a post on Facebook
Private prison systems are calculating how many new beds (they will need) based on the ... number of third graders.,Private prison systems are calculating how many new beds (they will need) based on the ... number of third graders. a mayoral forum
Amendment 1 protects Florida seniors from scams and rip-offs.,Amendment 1 protects Florida seniors from scams and rip-offs. a web ad
"If Barack Obama would apply for a job with the FBI or with the Secret Service, he would be disqualified because of his past associations with William Ayers.","If Barack Obama would apply for a job with the FBI or with the Secret Service, he would be disqualified because of his past associations with William Ayers. our inbox"
Says he did not say Republicans would filibuster immigration reform.,"Says he did not say Republicans would filibuster immigration reform. an interview on ""This Week."""
Says President Obama just granted all of Congress an exception to Obamacare.,"Says President Obama just granted all of Congress an exception to Obamacare. a speech to the Family Leadership Summit in Ames, Iowa"
Tim Kaine urged$500 billion in Medicare cuts.,Tim Kaine urged$500 billion in Medicare cuts. a TV ad.
"Obama for President and Baldwin for Senate have kept their campaign offices up and running in Fox Valley, Eau Claire and La Crosse with their staffs preparing for the next battle.","Obama for President and Baldwin for Senate have kept their campaign offices up and running in Fox Valley, Eau Claire and La Crosse with their staffs preparing for the next battle. a fund raising letter"
"The federal government is going after school districts, trying to force them to let boys shower with little girls.","The federal government is going after school districts, trying to force them to let boys shower with little girls. an interview with Steven Crowder"
"(Dennis) Richardson wants to make drastic cuts to services we depend on: schools, home care for seniors, even public safety -- all so Richardson can keep more than $440 million in unspent funds for his political priorities.","(Dennis) Richardson wants to make drastic cuts to services we depend on: schools, home care for seniors, even public safety -- all so Richardson can keep more than $440 million in unspent funds for his political priorities. a political ad"
"Nobody covered the remarks of Patricia Smith, the mother of a Benghazi victim, live, but almost everybody covered KhizrKhans, Mr. Khans remarks live.","Nobody covered the remarks of Patricia Smith, the mother of a Benghazi victim, live, but almost everybody covered KhizrKhans, Mr. Khans remarks live. on Fox and Friends"
The U.S. Supreme Court is five guys who start determining what contraceptions are legal.,The U.S. Supreme Court is five guys who start determining what contraceptions are legal. a press conference
"The USAFreedom Act undercuts privacy becausethe phone records will be in the hands of the phone companies with hundreds of people available to look at the records, versus 20 or 30 people in the government.","The USAFreedom Act undercuts privacy becausethe phone records will be in the hands of the phone companies with hundreds of people available to look at the records, versus 20 or 30 people in the government. an interview with CNN's Jake Tapper"
We spend more money on antacids than we do on politics.,"We spend more money on antacids than we do on politics. comments on NBC's ""Meet the Press"""
Social Security is a Ponzi scheme.,Social Security is a Ponzi scheme. a Republican presidential debate
President Obama went around the world and apologized for America.,"President Obama went around the world and apologized for America. a debate in Orlando, Fla."
"The Republican leadership in the House has refused to address the issues that matter the most to Rhode Island, such as passing a jobs bill.","The Republican leadership in the House has refused to address the issues that matter the most to Rhode Island, such as passing a jobs bill. a Providence Journal commentary"
I am the only candidate on either side who has laid out a specific plan about what I would do to defeat ISIS.,"I am the only candidate on either side who has laid out a specific plan about what I would do to defeat ISIS. a speech in Burlington, Iowa"
President Obama once said he wants everybody in America to go to college.,"President Obama once said he wants everybody in America to go to college. a speech in Troy, Mich."
The results of Atlanta Public Schools 2010 and 2011 CRCT tests have not been questioned.,The results of Atlanta Public Schools 2010 and 2011 CRCT tests have not been questioned. a commentary published in Education Week
Ed Gillespie would not mention (Donald Trumps) name unless he was condemning him.,Ed Gillespie would not mention (Donald Trumps) name unless he was condemning him. an interview.
One of the main functions of the Department of Homeland Securitys SAVE database is checking voter registration citizenship status.,One of the main functions of the Department of Homeland Securitys SAVE database is checking voter registration citizenship status. a state Senate ethics and elections committee hearing
Barack Obama is the First President to terminate Americas ability to put a man in space.,Barack Obama is the First President to terminate Americas ability to put a man in space. a chain e-mail
Says George Washington said a free people should be armed to guard against government tyranny.,Says George Washington said a free people should be armed to guard against government tyranny. an interview on ‘Fox News Sunday’
Says Mary Landrieu voted to fund benefits for illegal immigrants ahead of veterans.,Says Mary Landrieu voted to fund benefits for illegal immigrants ahead of veterans. a campaign ad
"U.S. Rep. John Barrow, D-Ga., does not want to audit the Federal Reserve.","U.S. Rep. John Barrow, D-Ga., does not want to audit the Federal Reserve. a tweet"
This unit is the only one in the state that strives to implement the principles of Mother-Friendly care as outlined by the national Coalition for Improving Maternity Services Mother-Friendly Childbirth Initiative.,This unit is the only one in the state that strives to implement the principles of Mother-Friendly care as outlined by the national Coalition for Improving Maternity Services Mother-Friendly Childbirth Initiative. statement
Says Gov. Scott Walker approved a gutting of two tax credits that help the poor and elderly.,Says Gov. Scott Walker approved a gutting of two tax credits that help the poor and elderly. a song/speech
"The photonics bill that was sponsored in Congress and written, was written by Congressman Tom Reed, not Congresswoman Louise Slaughter.","The photonics bill that was sponsored in Congress and written, was written by Congressman Tom Reed, not Congresswoman Louise Slaughter. a debate on WROC"
Says most Texas schools spend 45 out of 180 school days in mandated testing.,Says most Texas schools spend 45 out of 180 school days in mandated testing. an opinion column in the Austin American-Statesman
We were the last flag flying in Benghazi.,"We were the last flag flying in Benghazi. an interview on ""Fox News Sunday"""
Medicare insurance premiums will be rising to $120.20 per month in 2013 and $247.00 per month in 2014.,Medicare insurance premiums will be rising to $120.20 per month in 2013 and $247.00 per month in 2014. a message via the Internet
Damage by protesters to the Wisconsin state Capitol will cost $7.5 million to repair.,Damage by protesters to the Wisconsin state Capitol will cost $7.5 million to repair. a statement made by a staffer during a court hearing.
Says Virginia Del. Mark Cole wants schools to check childrens genitals before using bathroom.,Says Virginia Del. Mark Cole wants schools to check childrens genitals before using bathroom. a blog post.
A monthly police and fire protection fee on all Wisconsin phone bills does nothing to support police and fire.,A monthly police and fire protection fee on all Wisconsin phone bills does nothing to support police and fire. an interview
Illegal immigration wasnt a subject that was on anybodys mind until I brought it up at my announcement.,Illegal immigration wasnt a subject that was on anybodys mind until I brought it up at my announcement. the first Republican debate
Eric Holder is supportive of the NAACPs efforts to get the United Nations involved in our elections.,Eric Holder is supportive of the NAACPs efforts to get the United Nations involved in our elections. a Web post.
Say Michelle Obama mandates weighing children in day care.,Say Michelle Obama mandates weighing children in day care. posts on social media
On high-speed rail.,On high-speed rail. a news release
"Democratic Sens. Ed Markey, Al Franken and Jeanne Shaheen took Bribes From Iran They Back Insane NUKE Deal.","Democratic Sens. Ed Markey, Al Franken and Jeanne Shaheen took Bribes From Iran They Back Insane NUKE Deal. posts on the Internet"
President Barack Obamas latest executive order mandates the apprehension and detention of Americans who merely show signs of respiratory illness.,President Barack Obamas latest executive order mandates the apprehension and detention of Americans who merely show signs of respiratory illness. an article posted on Infowars.com
Obama Makes Huge Move to BAN Social Security Recipients From Owning Guns,Obama Makes Huge Move to BAN Social Security Recipients From Owning Guns various conservative websites
I never supported a state income tax for Texas.,I never supported a state income tax for Texas. the U.S. Senate candidate debate at WFAA-TV in Dallas.
Decriminalizing marijuana will save the state anywhere from $4 (million) to $11 million dollars.,Decriminalizing marijuana will save the state anywhere from $4 (million) to $11 million dollars. a debate on the House floor
The Massachusetts health care plan is wildly unpopular among state residents.,"The Massachusetts health care plan is wildly unpopular among state residents. an interview on Fox News' ""O'Reilly Factor"""
"When White House communications director Anita Dunn said that Mao Tse-tung was one of her favorite philosophers, only Fox News picked that up.","When White House communications director Anita Dunn said that Mao Tse-tung was one of her favorite philosophers, only Fox News picked that up. a comment on the O'Reilly Factor"
Says only about 250 Texans have been killed in action since 9/11.,Says only about 250 Texans have been killed in action since 9/11. remarks on the floor of the Texas Senate.
Super Bowl L by everybodys estimation is a $500 million economic impact to the state of Florida.,Super Bowl L by everybodys estimation is a $500 million economic impact to the state of Florida. a state legislative committee hearing
"The number of illegal immigrants in the United States is 30 million, it could be 34 million.","The number of illegal immigrants in the United States is 30 million, it could be 34 million. an interview on MSNBC's ""Morning Joe."""
You cannot build a little guy up by tearing a big guy down -- Abraham Lincoln said it.,"You cannot build a little guy up by tearing a big guy down -- Abraham Lincoln said it. comments on ""Fox News Sunday"""
"Last year, Beaverton School District had the highest number of homeless students ever recorded in Oregon.","Last year, Beaverton School District had the highest number of homeless students ever recorded in Oregon. a press release"
"Ezekiel Emanuel, one of President Obama's key health care advisers, says medical care should be reserved for the nondisabled. So watch out if you're disabled.","Ezekiel Emanuel, one of President Obama's key health care advisers, says medical care should be reserved for the nondisabled. So watch out if you're disabled. a statement on the House floor"
On whether state employees should contribute to their pensions.,"On whether state employees should contribute to their pensions. a Dec. 19, 2010 speech to legislators."
Ukraine was a nuclear-armed state. They gave away their nuclear arms with the understanding that we would protect them.,Ukraine was a nuclear-armed state. They gave away their nuclear arms with the understanding that we would protect them. the first Republican debate
"Says Mitt Romney, as governor of Massachusetts, put into place socialized medicine.","Says Mitt Romney, as governor of Massachusetts, put into place socialized medicine. a Republican presidential debate in Iowa"
I didnt try to push a bill to reduce lottery scholarship proceeds for students.,I didnt try to push a bill to reduce lottery scholarship proceeds for students. in an interview with The Commercial Appeal.
"Several times, Obama has apologized for what he deems to be American arrogance, dismissiveness, and derision; for dictating solutions, for acting unilaterally ... .","Several times, Obama has apologized for what he deems to be American arrogance, dismissiveness, and derision; for dictating solutions, for acting unilaterally ... . his book ""No Apology."""
A friends sister died from Obamacare becauseBlue Shield completely just pulled out of California.,"A friends sister died from Obamacare becauseBlue Shield completely just pulled out of California. an interview on ""Fox & Friends Weekend"""
Obama tells Russia that hell turn over Americas defense system to them if re-elected.,Obama tells Russia that hell turn over Americas defense system to them if re-elected. a Twitter post
I kicked crooked cops and government officials off the public pension rolls.,I kicked crooked cops and government officials off the public pension rolls. a candidate mailing
Repealing and replacing Obamacare thats going to save $1 trillion over a 10-year period.,Repealing and replacing Obamacare thats going to save $1 trillion over a 10-year period. a debate.
The Georgia Legislatures last day of session ends at midnight.,The Georgia Legislatures last day of session ends at midnight. comments from the House floor
"Because Gov. Chris Christie vetoed a 30-bill job creation package, New Jersey ranks 50th in the nation in job creation.","Because Gov. Chris Christie vetoed a 30-bill job creation package, New Jersey ranks 50th in the nation in job creation. a message on Facebook"
A poll taken a few months ago found 70 percent approval or higher for the Act 10 collective bargaining law.,A poll taken a few months ago found 70 percent approval or higher for the Act 10 collective bargaining law. an interview
Sherrod Brown gave huge bonuses to executives.,Sherrod Brown gave huge bonuses to executives. a campaign commercial
Unfortunately everyone needs to cut back in these tough economic times. Thats why I voted to cut my own pay along with the pay of our state employees.,Unfortunately everyone needs to cut back in these tough economic times. Thats why I voted to cut my own pay along with the pay of our state employees. a campaign mailer
"Obama's one education accomplishment was ""legislation to teach 'comprehensive sex education' to kindergartners.""","Obama's one education accomplishment was ""legislation to teach 'comprehensive sex education' to kindergartners."" in a television ad"
"Forcing Americans off of their current health coverage and onto a government-run plan isn't the answer, but that's exactly what the Democrats' plan would do.","Forcing Americans off of their current health coverage and onto a government-run plan isn't the answer, but that's exactly what the Democrats' plan would do. a statement on his Web site"
"During the Monica Lewinsky scandal, the Clintons brought the Rev. Jeremiah Wright to the White House for ""spiritual counseling.""","During the Monica Lewinsky scandal, the Clintons brought the Rev. Jeremiah Wright to the White House for ""spiritual counseling."" MichaelMoore.com"
"Never mind that no red light camera, no speed camera, nor any radar gun has ever stopped one accident from occurring.","Never mind that no red light camera, no speed camera, nor any radar gun has ever stopped one accident from occurring. In a Penn Live editorial"
The Health Care Compact bill would end Medicares guaranteed benefit for Tennessees Medicare recipients and shift management of the federal health care plan to the states TennCare program.,The Health Care Compact bill would end Medicares guaranteed benefit for Tennessees Medicare recipients and shift management of the federal health care plan to the states TennCare program. Tennessee Democratic Party press release sent via email in a version specifically cri
ISIS is going to people showing videos of Donald Trump insulting Islam and Muslims in order to recruit more radical jihadists.,ISIS is going to people showing videos of Donald Trump insulting Islam and Muslims in order to recruit more radical jihadists. the Dec. 19 Democratic presidential debate
Bernie Sanders admits he is a Democratic Socialist. Nazis were Democratic Socialists.,Bernie Sanders admits he is a Democratic Socialist. Nazis were Democratic Socialists. a tweet
Fundamental changes made to the language describing the Wisconsin Idea in the University of Wisconsin Systems mission statement were the result of a drafting error.,Fundamental changes made to the language describing the Wisconsin Idea in the University of Wisconsin Systems mission statement were the result of a drafting error. a tweet
"Says Jeb Bush and Marco Rubio had it set so that the winner takes everything, because they wanted to make sure that I didnt get anything in the Florida primary.","Says Jeb Bush and Marco Rubio had it set so that the winner takes everything, because they wanted to make sure that I didnt get anything in the Florida primary. a speech in Rome, N.Y."
There are 10 or 20 deaths a year from foodborne illness in the United States.,There are 10 or 20 deaths a year from foodborne illness in the United States. a Senate floor speech
CNN accidentally aired 30 minutes of pornography in Boston on Thanksgiving night.,CNN accidentally aired 30 minutes of pornography in Boston on Thanksgiving night. posts on the Internet
"The signers of the Declaration of Independence were ""brave people, most of whom, by the way, were clergymen.""","The signers of the Declaration of Independence were ""brave people, most of whom, by the way, were clergymen."" Orlando"
"Says Donna Campbell is pushing a 35 percent sales tax extending to medicine, groceries and real estate.","Says Donna Campbell is pushing a 35 percent sales tax extending to medicine, groceries and real estate. a campaign mailer."
"Says that in his first two years, Wisconsin has seen its best two-year job growth in a decade.","Says that in his first two years, Wisconsin has seen its best two-year job growth in a decade. a campaign press statement"
High-speed rail would have cost Florida taxpayers $1 billion to build.,High-speed rail would have cost Florida taxpayers $1 billion to build. TV interview
"Obama, instead of nominating a health professional, he nominated someone who is an anti-gun activist (for surgeon general).","Obama, instead of nominating a health professional, he nominated someone who is an anti-gun activist (for surgeon general). an interview on CNN"
"For the first time in history, the Democratic Congress will not allow an increase in the social security COLA (cost of living adjustment).","For the first time in history, the Democratic Congress will not allow an increase in the social security COLA (cost of living adjustment). a chain e-mail"
"Says Ted Cruz said, There is no place for gays or atheists in my America. None. Our Constitution makes that clear.","Says Ted Cruz said, There is no place for gays or atheists in my America. None. Our Constitution makes that clear. an online meme"
"Says Cape May, Cumberland, Salem and part of Atlantic counties are all south of the Mason-Dixon line.","Says Cape May, Cumberland, Salem and part of Atlantic counties are all south of the Mason-Dixon line. an opinion piece on DailyRecord.com"
"On climate change, the temperature readings have been fabricated, and its all blowing up in their (scientists) faces.","On climate change, the temperature readings have been fabricated, and its all blowing up in their (scientists) faces. a broadcast of ""The Five"" on Fox News"
Warren Buffett says stop Obamacare now and start over.,Warren Buffett says stop Obamacare now and start over. an ABC News interview
Says Ohios Issue 2 will create a redistricting commission that will have a blank check to spend our money.,Says Ohios Issue 2 will create a redistricting commission that will have a blank check to spend our money. an election flier
"On support for Trade Promotion Authority, calledfast-track","On support for Trade Promotion Authority, calledfast-track an op-ed on Breitbart"
Says David Jolly lobbied for government-run health care just last year.,Says David Jolly lobbied for government-run health care just last year. comments during a press conference
Marco Rubio tried to insert $1.5 million for a rowing institute into the state budget.,Marco Rubio tried to insert $1.5 million for a rowing institute into the state budget. a TV ad.
"Because of Obamacare, you have so many part-time jobs.","Because of Obamacare, you have so many part-time jobs. a Phoenix rally"
Ed Gillespie supports a personhood amendment.,Ed Gillespie supports a personhood amendment. a debate.
(Bill) Ayers and Obama ran a radical education foundation together.,(Bill) Ayers and Obama ran a radical education foundation together. a Web ad
"The IRS is already planning on 19,500 new employees to administer Obamas health care mandate.","The IRS is already planning on 19,500 new employees to administer Obamas health care mandate. a Republican presidential debate in Hanover, N.H."
Algeria wanted to be taken off of the terror list at the time it made an unreported donation to the Clinton Foundation.,Algeria wanted to be taken off of the terror list at the time it made an unreported donation to the Clinton Foundation. a segment on 'Morning Joe'
We have the highest tax rate anywhere in the world.,We have the highest tax rate anywhere in the world. a speech.
Nevada Democratic Party leaders hijacked the process on the floor of the state convention ignoring the regular procedure and ramming through what they wanted to do.,Nevada Democratic Party leaders hijacked the process on the floor of the state convention ignoring the regular procedure and ramming through what they wanted to do. a television interview on CNN
Ballistic tests have confirmed that the death of at least one U.S. Border Patrol agent was caused by weapons that were part of a federal arms trafficking operation.,Ballistic tests have confirmed that the death of at least one U.S. Border Patrol agent was caused by weapons that were part of a federal arms trafficking operation. a post on his campaign website
Says Mark Pryor voted to give Social Security benefits to illegal immigrants.,Says Mark Pryor voted to give Social Security benefits to illegal immigrants. a campaign ad
"Under current U.S. immigration policy, literally one person with a green card can, in the extreme, bring in more than 270 of his relatives.","Under current U.S. immigration policy, literally one person with a green card can, in the extreme, bring in more than 270 of his relatives. a state legislative committee meeting"
"Obama says America is great, but let's ""try to change it.""","Obama says America is great, but let's ""try to change it."" a blog posting"
My husband and I have never gotten a penny of money from the farm.,My husband and I have never gotten a penny of money from the farm. an interview on Fox News
The health care law adds around $800 billion of taxes on the American people. It does not discriminate between rich and poor.,The health care law adds around $800 billion of taxes on the American people. It does not discriminate between rich and poor. a newspaper op-ed
"Back in the Great Recession, when millions of jobs across America hung in the balance, Donald Trump said rescuing the auto industry didnt really matter very much. He said, and I quote again, Let it go.","Back in the Great Recession, when millions of jobs across America hung in the balance, Donald Trump said rescuing the auto industry didnt really matter very much. He said, and I quote again, Let it go. a rally in Detroit"
"A Georgia religious freedom bill would help Catholic institutions that, under Obamacare, could be forced to provide abortion-inducing drugs.","A Georgia religious freedom bill would help Catholic institutions that, under Obamacare, could be forced to provide abortion-inducing drugs. Talking with reporters about his bill."
No one on my staff has ever been charged with a crime.,No one on my staff has ever been charged with a crime. a debate
Says Mark Warner told PolitiFact Nationals Lie of the Year in 2013.,Says Mark Warner told PolitiFact Nationals Lie of the Year in 2013. a TV ad.
There was serious voter fraud in California.,There was serious voter fraud in California. a tweet
"Says when Rhode Island Lottery was proposed, state residents were enticed to vote for it with the promise that the money would be used for education.","Says when Rhode Island Lottery was proposed, state residents were enticed to vote for it with the promise that the money would be used for education. a news release"
We dont allow filming inside of the City Hall unless there is a specific reason.,We dont allow filming inside of the City Hall unless there is a specific reason. a meeting
"Says Democrats racked up a $1 billion state deficit, while Republicans under Bill OBrien balanced the budget.","Says Democrats racked up a $1 billion state deficit, while Republicans under Bill OBrien balanced the budget. a campaign sign in Mont Vernon, New Hampshire"
"When my grandfather came to this country back in 1925, there were no government benefits.","When my grandfather came to this country back in 1925, there were no government benefits. a campaign speech"
The last major oil spill from a drilling accident in America happened over 40 years ago in 1969.,The last major oil spill from a drilling accident in America happened over 40 years ago in 1969. a blog post
The Medicaid expansion is going to cost Florida $1.9 billion a year.,The Medicaid expansion is going to cost Florida $1.9 billion a year. comments on CNBC
"You know what Truman said, You want a friend in Washington, buy a dog.","You know what Truman said, You want a friend in Washington, buy a dog. comments at a town hall in North Canton, Ohio"
"It's ""common knowledge"" that al-Qaida is receiving training from Iran.","It's ""common knowledge"" that al-Qaida is receiving training from Iran. Amman, Jordan"
"The last quarter, it was just announced, our gross domestic product was below zero. Who ever heard of this? Its never below zero.","The last quarter, it was just announced, our gross domestic product was below zero. Who ever heard of this? Its never below zero. his presidential announcement speech"
Says Transportation Secretary Ray LaHood will force you to stop using your cell phone while driving.,Says Transportation Secretary Ray LaHood will force you to stop using your cell phone while driving. a website posting
The state GOP ticket says their top priority is a career-long mission to outlaw abortion in all cases and ban some common forms of birth control.,The state GOP ticket says their top priority is a career-long mission to outlaw abortion in all cases and ban some common forms of birth control. a speech.
Planned Parenthood is not actually doing womens health issues.,Planned Parenthood is not actually doing womens health issues. remarks at a town hall in Colorado
Fast and Furious began under the Bush administration.,Fast and Furious began under the Bush administration. an interview on Univision
75 percent of the Obamacare tax falls on the middle class.,75 percent of the Obamacare tax falls on the middle class. on the Internet
Hartsfield-Jacksons new international terminal is opening within budget.,Hartsfield-Jacksons new international terminal is opening within budget. a radio interview
"By advocating new requirements for voters to show ID cards at the polls, Republicans want to literally drag us all the way back to Jim Crow laws.","By advocating new requirements for voters to show ID cards at the polls, Republicans want to literally drag us all the way back to Jim Crow laws. an interview with political commentator Roland Martin"
Says Charlie Bass forfeits right to equal cost for TV ads under FCC rules,"Says Charlie Bass forfeits right to equal cost for TV ads under FCC rules a press release sent to The Telegraph on Aug. 31, 2012"
"It was found unconstitutional to drug test elected officials because it prevents us, as citizens, from having that First Amendment right.","It was found unconstitutional to drug test elected officials because it prevents us, as citizens, from having that First Amendment right. a House committee debate"
Martin Luther King Jr. was a Republican.,Martin Luther King Jr. was a Republican. a campaign billboard along I-240.
"There comes a point in the last year of the president, especially in their second term, where you stop nominating both Supreme Court justices and Court of Appeals judges.","There comes a point in the last year of the president, especially in their second term, where you stop nominating both Supreme Court justices and Court of Appeals judges. comments on ""Meet the Press"""
State Rep. Elena Parent supported Governor Nathan Deals plan to slash the HOPE scholarship.,State Rep. Elena Parent supported Governor Nathan Deals plan to slash the HOPE scholarship. campaign fllier
Its clear thatHillary Clintonviolated national security laws.,Its clear thatHillary Clintonviolated national security laws. a debate
"Says Arizona, Missouri and Texas residents have a two-pet limit, so the public must surrender their third pet to the Humane Society.","Says Arizona, Missouri and Texas residents have a two-pet limit, so the public must surrender their third pet to the Humane Society. a Web article"
Every bit of plastic that has ever been created still exists.,Every bit of plastic that has ever been created still exists. a Facebook video
Clinton's former pastor convicted of child molestation.,Clinton's former pastor convicted of child molestation. a posting on the Obama campaign blog.
"On the Iraq war, I said it loud and clear, Youll destabilize the Middle East.","On the Iraq war, I said it loud and clear, Youll destabilize the Middle East. a Republican presidential debate"
Obamas dog has his own plane,Obamas dog has his own plane conservative blogs
Says the congressional ethics investigation against him was conducted by a very partisan political committee in a way that related more to the politics of the Democratic Party than to ethics.,Says the congressional ethics investigation against him was conducted by a very partisan political committee in a way that related more to the politics of the Democratic Party than to ethics. an interview with Fox News' Greta Van Susteren
Says Denzel Washington supports Donald Trump and speaks out against Barack Obama.,Says Denzel Washington supports Donald Trump and speaks out against Barack Obama. Internet sites
The health care price tag for childhood obesity in Georgia is $2.4 billion annually and rising.,The health care price tag for childhood obesity in Georgia is $2.4 billion annually and rising. a speech
Reporters rehearse questions with White House press (secretary).,Reporters rehearse questions with White House press (secretary). a post on their website
"From Obama's book: ""I found a solace in nursing a pervasive sense of grievance and animosity against my mother's race.""","From Obama's book: ""I found a solace in nursing a pervasive sense of grievance and animosity against my mother's race."" an e-mail message"
The Obama administration just issued instructions that terrorism training should not involve any reference to Islam.,"The Obama administration just issued instructions that terrorism training should not involve any reference to Islam. a foreign policy debate with Jon Huntsman in Manchester, N.H., Dec. 12, 2011"
The Bush administration had been giving (auto companies) billions of dollars and just asking nothing in return.,The Bush administration had been giving (auto companies) billions of dollars and just asking nothing in return. a town hall meeting
Says Charlotte Nash pretends to be a chicken farmer in order to get property tax exemptions.,Says Charlotte Nash pretends to be a chicken farmer in order to get property tax exemptions. a flier and campaign website
On birthright citizenship for illegal immigrants.,On birthright citizenship for illegal immigrants. his Senate re-election campaign effort.
Hostages were released as soon as Ronald Reagan took office because Iran perceived that America was no longer under the command of someone weak.,"Hostages were released as soon as Ronald Reagan took office because Iran perceived that America was no longer under the command of someone weak. an interview on ""Meet the Press"""
A photo from the Russia-Finland hockey game shows a sad Vladimir Putin and Dmitry Medvedev.,A photo from the Russia-Finland hockey game shows a sad Vladimir Putin and Dmitry Medvedev. posts on Twitter.
Says his much-discussed boots are made in Wisconsin.,Says his much-discussed boots are made in Wisconsin. an exchange with voters at an Iowa campaign event
"Jobs incentive program created over 1,200 high-wage jobs since 2009.","Jobs incentive program created over 1,200 high-wage jobs since 2009. a campaign mailer"
"My opponent... lost 43,000 jobs in Houston since he took over; we are losing jobs.","My opponent... lost 43,000 jobs in Houston since he took over; we are losing jobs. a debate"
Foster children are disproportionately victims of identity theft.,Foster children are disproportionately victims of identity theft. a speech
Reporters have uncovered another Scott company accused of criminal acts. But Scott wont come clean.,Reporters have uncovered another Scott company accused of criminal acts. But Scott wont come clean. in a TV ad.
"Says that under Texas law, it takes six years to close a failing school.","Says that under Texas law, it takes six years to close a failing school. remarks to the Dallas Regional Chamber"
"Recently, Florida has successfully reduced the environmental permitting time down to just two days.","Recently, Florida has successfully reduced the environmental permitting time down to just two days. an event with employees from the Department of Environmental Protection"
Gov. Charlie Crist sought for and got approved the automatic restoration of felon rights for nonviolent offenders for the first time in Florida history.,Gov. Charlie Crist sought for and got approved the automatic restoration of felon rights for nonviolent offenders for the first time in Florida history. Charlie Crist's campaign website
"And 100 percent, John, of your ads . . . 100 percent of them have been negative.","And 100 percent, John, of your ads . . . 100 percent of them have been negative. a debate in Hempstead, N.Y."
Says President Barack Obamas own economists say the stimulus cost $278K per job created.,Says President Barack Obamas own economists say the stimulus cost $278K per job created. a Twitter message.
"The U.S. government spends less on energy innovation ""than the pet food industry invests in its own products.""","The U.S. government spends less on energy innovation ""than the pet food industry invests in its own products."" the campaign's energy plan."
Obamacare Medical Codes Confirm: Execution by Beheading To Be Implemented in America.,Obamacare Medical Codes Confirm: Execution by Beheading To Be Implemented in America. blog posts
Minnick voted to let the government fund abortion under Obamacare.,Minnick voted to let the government fund abortion under Obamacare. a TV ad
On expanding Medicaid as part of the health care law,On expanding Medicaid as part of the health care law public statements
"In Florida alone, more than $3.5 billion a year is spent on health care and criminal justice for illegal immigrants.","In Florida alone, more than $3.5 billion a year is spent on health care and criminal justice for illegal immigrants. a 'Florida Today' opinion page article published"
"Says that under President Barack Obamas health care law, your insurance premiums could go up by 200 percent and cost as much as a new Explorer.","Says that under President Barack Obamas health care law, your insurance premiums could go up by 200 percent and cost as much as a new Explorer. a tweet"
"Daraprim is still underpriced, relative to its peers.","Daraprim is still underpriced, relative to its peers. comments on Bloomberg TV"
"When George Bush became president of the United States, 17 million people were in poverty. When he left, 30 million people were in poverty.","When George Bush became president of the United States, 17 million people were in poverty. When he left, 30 million people were in poverty. a panel discussion on poverty"
"Right now, the (Congressional Budget Office) says up to 20 million people will lose their insurance as Obamacare goes into effect next year.","Right now, the (Congressional Budget Office) says up to 20 million people will lose their insurance as Obamacare goes into effect next year. the first presidential debate in Denver"
One of the reasons that Budweiser stayed in New Jersey is the money they got from RGGI to put solar on their roof to save on their energy costs.,One of the reasons that Budweiser stayed in New Jersey is the money they got from RGGI to put solar on their roof to save on their energy costs. testimony to the General Assembly Telecommunications and Utilities committee
"Obama said that ""since 1992, the Republicans have had all the good ideas...""","Obama said that ""since 1992, the Republicans have had all the good ideas..."" in Pahrump, Nev."
President Barack Obama spent $5 billion paying Ukrainians to riot and dismantle their democratically elected government.,President Barack Obama spent $5 billion paying Ukrainians to riot and dismantle their democratically elected government. a Facebook meme
A hidden provision in Obamacare taxes sporting goods as medical devices.,A hidden provision in Obamacare taxes sporting goods as medical devices. an email
"The health care law could cost up to $2 trillion, double what we were promised.","The health care law could cost up to $2 trillion, double what we were promised. a television ad"
"President Barack Obama is the first president to keep a dog-trainer on retainer for $102,000 a year at taxpayer expense.","President Barack Obama is the first president to keep a dog-trainer on retainer for $102,000 a year at taxpayer expense. a chain email"
"Says Clackamas County Measure 3-401 will hurt our county, cripple economic growth, and increase our taxes with excessive special elections.","Says Clackamas County Measure 3-401 will hurt our county, cripple economic growth, and increase our taxes with excessive special elections. a campaign press release"
Who can you thank for rising prices at the pump? O-ba-ma! O-ba-ma!,Who can you thank for rising prices at the pump? O-ba-ma! O-ba-ma! a TV ad
Weve already lost $500 million in economic impact from HB2 fallout in North Carolina.,Weve already lost $500 million in economic impact from HB2 fallout in North Carolina. a press release
Students at the University of Texas in Austin have been advised not to wear cowboy boots or cowboy hats on Halloween.,Students at the University of Texas in Austin have been advised not to wear cowboy boots or cowboy hats on Halloween. a commentary posted on Fox News
The United States stood alone in the war in Iraq.,The United States stood alone in the war in Iraq. a CNN interview
"Rob Portman shares radical, ideological views toward women.","Rob Portman shares radical, ideological views toward women. a news release"
"More than 7,000 Americans lost their lives to climate change-fueled events last year.","More than 7,000 Americans lost their lives to climate change-fueled events last year. an op-ed."
Says she is a registered nurse.,Says she is a registered nurse. in voters' guide
Every person on death row was a foster kid.,Every person on death row was a foster kid. in a Senate Education PreK-12 committee hearing
"The average federal employee makes $120,000 a year. The average private employee makes $60,000 a year.","The average federal employee makes $120,000 a year. The average private employee makes $60,000 a year. an interview on ABC's This Week with Christiane Amanpour"
Science has not shown greenhouse gases to be a problem.,Science has not shown greenhouse gases to be a problem. an interview.
Portland spent nearly $1 million in federal stimulus money to install bike path signs where they already existed.,Portland spent nearly $1 million in federal stimulus money to install bike path signs where they already existed. a website posting
Says that PolitiFact Ohio confirms that Betty Sutton maxed out federal debt,Says that PolitiFact Ohio confirms that Betty Sutton maxed out federal debt an e-mail news release
"The job [of correctional officer] lowers your life expectancy . . . Metropolitan did a study in, I believe it was 1998, and the life expectancy was 58.","The job [of correctional officer] lowers your life expectancy . . . Metropolitan did a study in, I believe it was 1998, and the life expectancy was 58. testimony at a state pension hearing"
State employees in Wisconsin earn about 8 percent less than if they worked in the private sector.,State employees in Wisconsin earn about 8 percent less than if they worked in the private sector. a TV interview
You know how many children in the history of the United States have died in a fire (at school)? Zero.,You know how many children in the history of the United States have died in a fire (at school)? Zero. a Florida House judiciary committee hearing
Paul Broun Jr. sides with sexual deviants to support sale of crush videos.,Paul Broun Jr. sides with sexual deviants to support sale of crush videos. his campaign Web site
"Following the catastrophic, cascading collapse of major investment banks on Wall Street in 2007.....Nobody was prosecuted, no hearings were held and no reforms were implemented.","Following the catastrophic, cascading collapse of major investment banks on Wall Street in 2007.....Nobody was prosecuted, no hearings were held and no reforms were implemented. a news release"
The number of Americans who receive means-tested government benefits -- welfare -- now outnumbers those who are year-round full-time workers.,The number of Americans who receive means-tested government benefits -- welfare -- now outnumbers those who are year-round full-time workers. a broadcast of the Charlie Sykes Show on WTMJ
"Obama, Biden and their liberal allies oppose clean coal.","Obama, Biden and their liberal allies oppose clean coal. a radio ad."
Says George Norcross said the TAKEOVER OF RUTGER$ CAMDEN WILL COST NEW JER$EY BILLION$.,Says George Norcross said the TAKEOVER OF RUTGER$ CAMDEN WILL COST NEW JER$EY BILLION$. a flier
Says he cant release his internal affairs record because there are Attorney General guidelines in place protecting it.,"Says he cant release his internal affairs record because there are Attorney General guidelines in place protecting it. an interview on FOX 5's ""Good Day New York"""
"The Florida House is ""holding the FINAL public hearing"" of a controversial education bill in the middle of spring break...""when they hope (teachers) are not watching or listening.""","The Florida House is ""holding the FINAL public hearing"" of a controversial education bill in the middle of spring break...""when they hope (teachers) are not watching or listening."" a statement on the group's Web site"
The Milwaukee County bus system has among the highest fares in the nation.,The Milwaukee County bus system has among the highest fares in the nation. a TV interview
Says GM used taxpayer dollars to prop up operations in China.,Says GM used taxpayer dollars to prop up operations in China. a Web video
Says Dan Sullivan approved a light sentence for a sex offenderwho got out of prison andis now charged with a gruesome murder and sexual assault.,Says Dan Sullivan approved a light sentence for a sex offenderwho got out of prison andis now charged with a gruesome murder and sexual assault. a campaign ad
College students who are NOT U.S. Citizens and who get the PELL Grant plan to return to their home countries after getting free gas cards and child care.,College students who are NOT U.S. Citizens and who get the PELL Grant plan to return to their home countries after getting free gas cards and child care. an email
Donald Trumps been completely consistent about his plan for nonviolent undocumented immigrants.,"Donald Trumps been completely consistent about his plan for nonviolent undocumented immigrants. an interview on ""Meet the Press"""
Says a Sanders campaign ad never said ... a newspaper endorsed us that did not.,"Says a Sanders campaign ad never said ... a newspaper endorsed us that did not. a Democratic presidential debate in Durham, N.H."
Obama will charge a 28 percent tax on all home sales.,Obama will charge a 28 percent tax on all home sales. a chain e-mail
"Says over the last two years, New Jersey Schools Development Authority employees have not started or completed one single school project, and Im not talking about major school renovation. Im talking about replacing boilers, roofs.","Says over the last two years, New Jersey Schools Development Authority employees have not started or completed one single school project, and Im not talking about major school renovation. Im talking about replacing boilers, roofs. testimony before the state Assembly Budget Committee"
Says Tammy Baldwin voted to gut Medicare for seniors.,Says Tammy Baldwin voted to gut Medicare for seniors. a TV ad
The stand your ground lawcaused the shooting death of Trayvon Martin.,The stand your ground lawcaused the shooting death of Trayvon Martin. a radio ad
"Under a proposed bill, a $100,000 homes flood insurance premium would be maybe $200 or $300 annually.","Under a proposed bill, a $100,000 homes flood insurance premium would be maybe $200 or $300 annually. a Bay News 9 interview"
Almost all of the polls that have come out suggest that I am a much stronger candidate against the Republicans than is Hillary Clinton.,"Almost all of the polls that have come out suggest that I am a much stronger candidate against the Republicans than is Hillary Clinton. a town hall meeting in Underwood, Iowa."
"The U.S. deficit ""increases at $3 million per second.""","The U.S. deficit ""increases at $3 million per second."" candidate web page"
"The Affordable Care Act says that at age 76 when you most need it most, you are not eligible for cancer treatment. Cancer hospital will ration care according to the patients age.","The Affordable Care Act says that at age 76 when you most need it most, you are not eligible for cancer treatment. Cancer hospital will ration care according to the patients age. a chain email"
The Human Rights Campaign is more powerful than the NRA.,The Human Rights Campaign is more powerful than the NRA. in interview on Meet The Press with Chuck Todd
Says the hospital listed on Barack Obamas just-publicized long-form birth certificate denies the president was born there.,Says the hospital listed on Barack Obamas just-publicized long-form birth certificate denies the president was born there. a Texas Tribune article
"Hillary (Clinton), one time late at night when she was exhausted, misstated and immediately apologized for it, what happened to her in Bosnia in 1995.","Hillary (Clinton), one time late at night when she was exhausted, misstated and immediately apologized for it, what happened to her in Bosnia in 1995. Boonville, Ind."
Says Gov. Rick Perry is by far and away the highest-paid state employee on an hourly basis.,Says Gov. Rick Perry is by far and away the highest-paid state employee on an hourly basis. a press conference.
Says the Hawaii governor cant find anything that says (President Barack Obama) was born in Hawaii.,Says the Hawaii governor cant find anything that says (President Barack Obama) was born in Hawaii. a news article
"Under President Ronald Reagan, illegal immigrants were not pouring in likethey are now.","Under President Ronald Reagan, illegal immigrants were not pouring in likethey are now. a broadcast on Fox Business of ""Imus in the Morning"""
"Says nearly 30,000 federal employees in Oregon were furloughed during the government shutdown.","Says nearly 30,000 federal employees in Oregon were furloughed during the government shutdown. an opinion piece."
"In the last two years, we have reduced the deficit by $2.5 trillion.","In the last two years, we have reduced the deficit by $2.5 trillion. a Senate floor speech"
My opponent supported policies that increased tuition by 18 percent.,My opponent supported policies that increased tuition by 18 percent. a campaign TV ad
Says Bill Nelson voted to raise our taxes 150 times.,Says Bill Nelson voted to raise our taxes 150 times. a video on his campaign website
Says Bill White is for gay marriage.,Says Bill White is for gay marriage. in a Web ad
The Georgia Lottery Corp. has only once in the past 16 years paid out the agreed upon 35 percent of proceeds to the account which funds the HOPE scholarship.,The Georgia Lottery Corp. has only once in the past 16 years paid out the agreed upon 35 percent of proceeds to the account which funds the HOPE scholarship. a speech
"Says that in 2009 ExxonMobil paid no federal income taxes, received a $156 million rebate.","Says that in 2009 ExxonMobil paid no federal income taxes, received a $156 million rebate. a television interview"
"A 10-year state program that created 202 jobs at a cost of $247,000 per job was approved by former Gov. Jim Doyle.","A 10-year state program that created 202 jobs at a cost of $247,000 per job was approved by former Gov. Jim Doyle. a tweet"
GOP presidential hopeful Herman Cain called Ron Pauls followers ignorant.,GOP presidential hopeful Herman Cain called Ron Pauls followers ignorant. the Republican presidential debate at Dartmouth College in New Hampshire
Ralph Hall has never voted to raise the debt ceiling.,Ralph Hall has never voted to raise the debt ceiling. a campaign mail flier
Says the claims that Texas faces a $27 billion shortfall are flat-out false.,Says the claims that Texas faces a $27 billion shortfall are flat-out false. a blog post.
Barack Obama is the first president to file lawsuits against the states he swore an oath to protect.,Barack Obama is the first president to file lawsuits against the states he swore an oath to protect.
Says Ohio Attorney General Mike DeWine is hypocritical for challenging the constitutionality of the new health care law.,Says Ohio Attorney General Mike DeWine is hypocritical for challenging the constitutionality of the new health care law. a news release
Gov. Deal has the worst record on education in the history of this state.,Gov. Deal has the worst record on education in the history of this state. press release and fundraising email
The American murder rate is 50 times that of any other developed nation.,The American murder rate is 50 times that of any other developed nation. an episode of 'The Trews'
"Says in the 2012 State of the Union address, President Obama didnt even mention the deficit or debt.","Says in the 2012 State of the Union address, President Obama didnt even mention the deficit or debt. a rally in Cleveland, Ohio"
The (State Board of Administration) transparency issue got a great airing the last legislative session.,The (State Board of Administration) transparency issue got a great airing the last legislative session. response to a question from Gov. Rick Scott
83% of doctors have considered leaving the profession because of #Obamacare.,83% of doctors have considered leaving the profession because of #Obamacare. a tweet
Says his parents came to America following Fidel Castros takeover of Cuba.,Says his parents came to America following Fidel Castros takeover of Cuba. a biography on his U.S. Senate website
Gov. Scott Walker is helping pay for the criminal defense of a man accused of boy rape.,Gov. Scott Walker is helping pay for the criminal defense of a man accused of boy rape. Tweets
"Says there were multiple instances of voter fraud in Wood County, Ohio.","Says there were multiple instances of voter fraud in Wood County, Ohio. viral image circulating on the internet"
Leticia Van de Putte voted to give illegal immigrants in this country free health care--not emergency health care but total free health care.,Leticia Van de Putte voted to give illegal immigrants in this country free health care--not emergency health care but total free health care. a debate in Austin
Mitt Romney did not run his campaign on the basis of arguing his experience in the business world was a reason to vote for him.,Mitt Romney did not run his campaign on the basis of arguing his experience in the business world was a reason to vote for him. an interview
Says PolitiFact issued a True ruling on Paul Krugman calling Governor Christie a fiscal phony.,Says PolitiFact issued a True ruling on Paul Krugman calling Governor Christie a fiscal phony. a newsletter
Says Wisconsin Gov. Scott Walker has threatened to call out the National Guard if workers protest against changes to bargaining laws.,Says Wisconsin Gov. Scott Walker has threatened to call out the National Guard if workers protest against changes to bargaining laws. an email blast to supporters
"Under our (2011-13) budget, the average (Wisconsin) property taxpayer will save $700.","Under our (2011-13) budget, the average (Wisconsin) property taxpayer will save $700. a news release and column"
The salaries of Wisconsins best-educated public school teachers were slashed by Gov. Scott Walker through a recent administrative rule change.,The salaries of Wisconsins best-educated public school teachers were slashed by Gov. Scott Walker through a recent administrative rule change. an email
The stimulus has $30 million in there to protect mice in San Francisco.,The stimulus has $30 million in there to protect mice in San Francisco. a statement on Fox News Channel.
CNNs Crap Polling is so bad that it shows that no one under the age of 50 has an opinion of Hillary Clinton.,CNNs Crap Polling is so bad that it shows that no one under the age of 50 has an opinion of Hillary Clinton. an image on the Internet
Our numbers are going up at the airport.,Our numbers are going up at the airport. a Gov. Lincoln Chafee YouTube video
"Speaker Pelosi ... has been busy sticking the taxpayer with her $100,000 bar tab for alcohol on the military jets that shes flying.","Speaker Pelosi ... has been busy sticking the taxpayer with her $100,000 bar tab for alcohol on the military jets that shes flying. a speech to the Values Voter Summit"
"The Obama Health and Human Services Department is planning to compile a federal health record on all U.S. citizens by 2014, including each individuals Body Mass Index.","The Obama Health and Human Services Department is planning to compile a federal health record on all U.S. citizens by 2014, including each individuals Body Mass Index. a page on her campaign website"
Martin Luther King Jr. was a Republican!,Martin Luther King Jr. was a Republican! a web post
"In Mexico, they dont have birth certificates... they dont have registration cards for voters. They have one national ID.","In Mexico, they dont have birth certificates... they dont have registration cards for voters. They have one national ID. an interview on ""Capital Tonight"""
"Under President George W. Bush, ""the national debt went from $5 trillion to $12 trillion.""","Under President George W. Bush, ""the national debt went from $5 trillion to $12 trillion."" a Senate floor speech"
We have the lowest beer tax in the nation.,We have the lowest beer tax in the nation. an Oregon Senate work session
Obama's Ten Point Plan to 'Change' the Second AmendmentBan use of firearms for home defense.,Obama's Ten Point Plan to 'Change' the Second AmendmentBan use of firearms for home defense. direct mail piece
CNN did a poll recently where Obama and I are statistically tied.,CNN did a poll recently where Obama and I are statistically tied. a press conference
Common Core is being used by the Obama Administration to turn the Department of Education into what is effectively a national school board.,Common Core is being used by the Obama Administration to turn the Department of Education into what is effectively a national school board. a statement given to the Tampa Bay Times
"The Consumer Financial Protection Bureau passed a rule giving the agency unprecedented power to shut down businesses, no matter what the reason, at any time it wishes.","The Consumer Financial Protection Bureau passed a rule giving the agency unprecedented power to shut down businesses, no matter what the reason, at any time it wishes. an article on Townhall.com"
The United States regulations are among the most difficult in the world.,The United States regulations are among the most difficult in the world. a press release
"Under Obamacare, 75 percent of small businesses now say they are going to be forced to either fire workers or cut their hours.","Under Obamacare, 75 percent of small businesses now say they are going to be forced to either fire workers or cut their hours. a FoxNews.com op-ed"
On receiving campaign contributions from out-of-state donors,On receiving campaign contributions from out-of-state donors an interview
The Democrats health care reform law is agovernment takeover of health care.,The Democrats health care reform law is agovernment takeover of health care. a news release.
Says he helped lead an outside audit thatll save (Milwaukee County) taxpayers over $200 million.,Says he helped lead an outside audit thatll save (Milwaukee County) taxpayers over $200 million. a campaign TV ad
Obama nominee Dawn Johnsen called motherhood 'involuntary servitude.',Obama nominee Dawn Johnsen called motherhood 'involuntary servitude.' a blog post.
Page 992 of the health care bill will establish school-based 'health' clinics. Your children will be indoctrinated and your grandchildren may be aborted!,Page 992 of the health care bill will establish school-based 'health' clinics. Your children will be indoctrinated and your grandchildren may be aborted! a memo on the group's Web site.
"Says President Barack Obama got a pass over controversalremarks byRev. Jeremiah Wright, while a12-year-old speech by House Majority Whip Steve Scalise hasblown up into a national story.","Says President Barack Obama got a pass over controversalremarks byRev. Jeremiah Wright, while a12-year-old speech by House Majority Whip Steve Scalise hasblown up into a national story. an interview on CBS's ""Face the Nation"""
"Says the jurisdictions with the strictest gun control laws, almost without exception have the highest crime rates and the highest murder rates.","Says the jurisdictions with the strictest gun control laws, almost without exception have the highest crime rates and the highest murder rates. an interview on PBS"
Says U.S. Rep. Tom Price is sending letters both supporting and opposing the small-business killing Internet Tax Mandate.,Says U.S. Rep. Tom Price is sending letters both supporting and opposing the small-business killing Internet Tax Mandate. a flier
Unions dont have to comply with Obamacare.,Unions dont have to comply with Obamacare. a Web ad
"Despite the administration telling us (health care reform) was going to reduce health care costs, they now acknowledge its going to dramatically increase health care costs.","Despite the administration telling us (health care reform) was going to reduce health care costs, they now acknowledge its going to dramatically increase health care costs. a radio interview"
Maryland is creating jobs at 2 times the rate that Virginia is.,Maryland is creating jobs at 2 times the rate that Virginia is. a TV interview.
"Sheldon Whitehouse [got] a secret closed-door briefing, warning of the [2008 economic] crash.","Sheldon Whitehouse [got] a secret closed-door briefing, warning of the [2008 economic] crash. a TV commercial"
ObamaCare enrollment lie: Obama counts an enrollee as a web user putting a plan in their online shopping carts.,ObamaCare enrollment lie: Obama counts an enrollee as a web user putting a plan in their online shopping carts. a tweet
Liberals have figured out a Facebook algorithm and all the people getting banned from Facebook are somehow conservatives.,"Liberals have figured out a Facebook algorithm and all the people getting banned from Facebook are somehow conservatives. an interview on ""Hannity"""
I have voted every year in Wisconsin.,I have voted every year in Wisconsin. an interview
Says John Cornyn dodged the draft during the Vietnam War.,Says John Cornyn dodged the draft during the Vietnam War. his speech at the Texas Democratic Party convention
Says abortion increases the risk of breast cancer.,Says abortion increases the risk of breast cancer. House Bill 200
"Says a rape kit can be used to clean out women, basically like dilation and curettage.","Says a rape kit can be used to clean out women, basically like dilation and curettage. Texas House debate on Senate Bill 5."
The debt is nearly $6 trillion more than when President Obama was sworn into office.,The debt is nearly $6 trillion more than when President Obama was sworn into office. a newspaper Op/Ed
"Action by the Milwaukee County Board will provide the County Executive with the same level of security as the Governor and the Mayor of Milwaukee while saving taxpayers $300,000.","Action by the Milwaukee County Board will provide the County Executive with the same level of security as the Governor and the Mayor of Milwaukee while saving taxpayers $300,000. a constituent newsletter"
"Blue Cross Blue Shield cancelled all their individual (health care) policies in the state of Texas, effective Dec. 31.","Blue Cross Blue Shield cancelled all their individual (health care) policies in the state of Texas, effective Dec. 31. a New Hampshire appearance"
Corrupt political bosses. Money laundering. Fraud. Its just another day at the office for Vin Gopal.,Corrupt political bosses. Money laundering. Fraud. Its just another day at the office for Vin Gopal. a political advertisement
"In the United States, 50 percent of social services are provided by the Catholic church.","In the United States, 50 percent of social services are provided by the Catholic church. an appearance on NBC's 'Meet the Press'"
Benzene has never been proven to be harmful.,Benzene has never been proven to be harmful. remarks on the House floor
Says Gov. Scott Walker made draconian cuts to public safety budgets that put police officers at greater risk of harm.,Says Gov. Scott Walker made draconian cuts to public safety budgets that put police officers at greater risk of harm. a website alert
"Says that in the Philippines more than a century ago, Gen. John Pershing took 50 bullets, and he dipped them in pigs blood, and shot 49 Muslim rebels. The 50th person, he said, You go back to your people, and you tell them what happened. And for 25 years, there wasnt a problem.","Says that in the Philippines more than a century ago, Gen. John Pershing took 50 bullets, and he dipped them in pigs blood, and shot 49 Muslim rebels. The 50th person, he said, You go back to your people, and you tell them what happened. And for 25 years, there wasnt a problem. a rally in North Charleston, S.C."
On support of Gov. John Kasichs drilling tax plan,On support of Gov. John Kasichs drilling tax plan
Says the public option considered in the health care law backed by U.S. Senate candidate Tammy Baldwin was wildly unpopular.,Says the public option considered in the health care law backed by U.S. Senate candidate Tammy Baldwin was wildly unpopular. a TV ad
Most polls show foreign nations have lower regard for the U.S. now than they did before Obamas time.,"Most polls show foreign nations have lower regard for the U.S. now than they did before Obamas time. a ""Gretchen's Take"" on The Real Story"
"In eighth grade math, weve fallen to ninth place.","In eighth grade math, weve fallen to ninth place. a speech on education"
An analysis showed that Bernie Sanders would have won the Democratic nomination if it were not for the Super Delegates.,An analysis showed that Bernie Sanders would have won the Democratic nomination if it were not for the Super Delegates. a tweet
Says Republican U.S. Rep. Sean Duffy voted against paying our soldiers and against increasing combat pay while voting to protect his own pay.,Says Republican U.S. Rep. Sean Duffy voted against paying our soldiers and against increasing combat pay while voting to protect his own pay. a TV ad
Says Robert Hurt supports the tax loopholes that send American jobs overseas.,Says Robert Hurt supports the tax loopholes that send American jobs overseas. a TV ad
"The president went on a stimulus-fueled spending binge that stuck every American man, woman and child with a $50,000 share of this $16 trillion debt.","The president went on a stimulus-fueled spending binge that stuck every American man, woman and child with a $50,000 share of this $16 trillion debt. a news release"
His true name is Barak Hussein Muhammed Obama.,His true name is Barak Hussein Muhammed Obama.
"Out of 67 counties (in Florida), I won 66, which is unprecedented. Its never happened before.","Out of 67 counties (in Florida), I won 66, which is unprecedented. Its never happened before. a press conference"
The health care marketplaces have no privacy protections.,The health care marketplaces have no privacy protections. an MSNBC interview
"Boyce gave (a lobbyists) wife a sensitive job in the treasurers office, a job Boyce admitted he only made available at their mosque.","Boyce gave (a lobbyists) wife a sensitive job in the treasurers office, a job Boyce admitted he only made available at their mosque. a television campaign ad"
"We had people that were getting killed (in Benghazi), we had people who are willing to risk their lives to go save them, and somebody told them to stand down.","We had people that were getting killed (in Benghazi), we had people who are willing to risk their lives to go save them, and somebody told them to stand down. an interview on Fox News"
"794 law enforcement officers have fallen in the line of duty since B.H. Obama took office, with no special recognition from the White House.","794 law enforcement officers have fallen in the line of duty since B.H. Obama took office, with no special recognition from the White House. a meme on social media"
Floridas proposed Health Care Freedom Act will allow Floridians to opt out of Obamas govt. takeover of healthcare!,Floridas proposed Health Care Freedom Act will allow Floridians to opt out of Obamas govt. takeover of healthcare! a posting on Twitter
Common Core is education through Washington D.C.,Common Core is education through Washington D.C. a GOP debate in Miami
We researched to find out if anybody on Fox News had ever said youre going to jail if you dont buy health insurance. Nobodys ever said it.,We researched to find out if anybody on Fox News had ever said youre going to jail if you dont buy health insurance. Nobodys ever said it. a segment on the Fox News show The O'Reilly Factor
"The Z-visa that was offered in that Senate bill let everybody who's here illegally, other than criminals, stay here for the rest of their lives.","The Z-visa that was offered in that Senate bill let everybody who's here illegally, other than criminals, stay here for the rest of their lives. a debate in Durham, N.H."
Says Gov. Chris Christies proposed budget is the biggest spending budget in the history of the state of New Jersey. It is the largest in the nation at this point in time.,Says Gov. Chris Christies proposed budget is the biggest spending budget in the history of the state of New Jersey. It is the largest in the nation at this point in time. an interview on My9 News' “New Jersey Now”
"Says President BarackObama has issued upwards of 1,000 executive orders, more than any modern president.","Says President BarackObama has issued upwards of 1,000 executive orders, more than any modern president. a chain email forwarded by readers"
"Says the KKK marched in Mebane, N.C., after Trumps victory","Says the KKK marched in Mebane, N.C., after Trumps victory a post-election Tweet"
Michelle Nunns own plan says she funded organizations linked to terrorists.,Michelle Nunns own plan says she funded organizations linked to terrorists. In a television ad
On Iran sanctions,On Iran sanctions debate comments
National studies are already showing the negative effects that the health care law is having on businesses and our economy. Businesses across the country are raising their prices (or) cutting jobs as a result of the added cost.,National studies are already showing the negative effects that the health care law is having on businesses and our economy. Businesses across the country are raising their prices (or) cutting jobs as a result of the added cost. remarks to the Florida Chamber of Commerce
"Kay Bailey Hutchison was elected state treasurer, succeeding Ann Richards. Democrats then abolished the position ... Hutchison later became a U.S. senator.","Kay Bailey Hutchison was elected state treasurer, succeeding Ann Richards. Democrats then abolished the position ... Hutchison later became a U.S. senator. his autobiography"
"In his first meeting with University of Wisconsin System officials, Republican Governor elect Scott Walker told them to prepare for cuts.","In his first meeting with University of Wisconsin System officials, Republican Governor elect Scott Walker told them to prepare for cuts. a news release"
We have never gone a year in Virginia -- ever -- without passing a budget -- ever.,We have never gone a year in Virginia -- ever -- without passing a budget -- ever. a speech.
Says only about 2 percent of gunsales in Virginia are not subject to background checks.,Says only about 2 percent of gunsales in Virginia are not subject to background checks. a debate.
"In the health care bill, ""The 'Health Choices Commissioner' will decide health benefits for you. You will have no choice. None.""","In the health care bill, ""The 'Health Choices Commissioner' will decide health benefits for you. You will have no choice. None."" a chain e-mail"
76 percent of Americans want a public health care option.,76 percent of Americans want a public health care option. their Web site
Says Bruce Braley took tens of thousands from his friends in the health insurance industry and gave them special favors by voting for Obamacare.,Says Bruce Braley took tens of thousands from his friends in the health insurance industry and gave them special favors by voting for Obamacare. a campaign ad
"The House health care bill provides for ""free abortion services, and probably forced participation in abortions by members of the medical profession.""","The House health care bill provides for ""free abortion services, and probably forced participation in abortions by members of the medical profession."" a chain e-mail"
There is no good data showing secondhand smoke kills people.,"There is no good data showing secondhand smoke kills people. an interview on ""Fox and Friends"""
"Says a Congressional Budget Office report on spending by House Democrats in the economic stimulus concluded it ""is just not stimulus. It won't help the economy grow.""","Says a Congressional Budget Office report on spending by House Democrats in the economic stimulus concluded it ""is just not stimulus. It won't help the economy grow."" an interview on the Fox News Channel."
Members of Congress and their families and staff are exempt from repaying student loans.,Members of Congress and their families and staff are exempt from repaying student loans. a chain e-mail
"The U.S. wont default, because default means that you dont pay your creditors. And it takes about 10 percent of the money thats coming in right now to pay interest to bondholders.","The U.S. wont default, because default means that you dont pay your creditors. And it takes about 10 percent of the money thats coming in right now to pay interest to bondholders. an interview on CNN's ""State of the Union with Candy Crowley"""
"In the first year of the Obama administration, more jobs were created in the private sector than in the eight years of the Bush administration.","In the first year of the Obama administration, more jobs were created in the private sector than in the eight years of the Bush administration. an interview with Bloomberg television"
Says Hillary Clinton filibustered legislation to reform Fannie Mae and Freddie Mac.,Says Hillary Clinton filibustered legislation to reform Fannie Mae and Freddie Mac. a campaign statement
No one questioned that she (Judge Sotomayor) was out of the mainstream.,"No one questioned that she (Judge Sotomayor) was out of the mainstream. ABC's ""This Week"""
"A study showed that President Barack Obamas health-care reforms will devastate Wisconsin by pushing people off employer-sponsored insurance, driving up premiums, increasing dependency and making 122,000 people ineligible for Medicaid.","A study showed that President Barack Obamas health-care reforms will devastate Wisconsin by pushing people off employer-sponsored insurance, driving up premiums, increasing dependency and making 122,000 people ineligible for Medicaid. an op-ed piece"
Says New Jersey has fewer jobs since Gov. Chris Christie took office.,Says New Jersey has fewer jobs since Gov. Chris Christie took office. a press release from One New Jersey
"Says President Barack Obama doubled the national debt, which had taken more than two centuries to accumulate, in one year.","Says President Barack Obama doubled the national debt, which had taken more than two centuries to accumulate, in one year. a chain e-mail"
New Jersey taxpayers will now face the highest tolls in the country.,New Jersey taxpayers will now face the highest tolls in the country. an email newsletter
Says Barack Obama is a Muslim.,Says Barack Obama is a Muslim. a concert in Fort Worth.
"Most of West Virginia is still owned, in excess of 90 percent, by out-of-state interests.","Most of West Virginia is still owned, in excess of 90 percent, by out-of-state interests. a broadcast of MSNBC's ""Melissa Harris-Perry"""
Tim Kaine announced he wants to raise taxes on everyone.,Tim Kaine announced he wants to raise taxes on everyone. a news release.
"Senate health care legislation will ""levy a new 'abortion premium' fee on Americans in the government-run plan.""","Senate health care legislation will ""levy a new 'abortion premium' fee on Americans in the government-run plan."" the House GOP Web site"
Says Democratic legislators this year dont want to cut your taxes under any circumstances.,Says Democratic legislators this year dont want to cut your taxes under any circumstances. a video posted on YouTube
"Under the Affordable Care Act, anyone on Medicare who is admitted to a hospital for observation will be responsible for the bill. Medicare wont pay a cent.","Under the Affordable Care Act, anyone on Medicare who is admitted to a hospital for observation will be responsible for the bill. Medicare wont pay a cent. a chain email"
Obama raises taxes on seniors (and) hard-working families to give welfare to those who pay none.,Obama raises taxes on seniors (and) hard-working families to give welfare to those who pay none. a Web ad
Japans interest on its own debt is 25 percent of its national budget,Japans interest on its own debt is 25 percent of its national budget ABC's 'This Week'
"Did Obama know that Tony Rezko was saving him $300,000 on the purchase of his home?","Did Obama know that Tony Rezko was saving him $300,000 on the purchase of his home? a news release"
Barack Obama has written and co-sponsored more bills in three years than Hillary Clinton has in seven.,Barack Obama has written and co-sponsored more bills in three years than Hillary Clinton has in seven. a chain e-mail
I also voted 98 percent of the time with Republicans in the Oregon Legislature.,I also voted 98 percent of the time with Republicans in the Oregon Legislature. a debate
The Atlanta Beltline paid nearly $3.5 million for less than a quarter-acre.,The Atlanta Beltline paid nearly $3.5 million for less than a quarter-acre. a newsletter
"Says Sen. Robert Cowles, her recall opponent, supported the sale of state-owned power plants not to the highest bidder, but to the biggest donors with no oversight.","Says Sen. Robert Cowles, her recall opponent, supported the sale of state-owned power plants not to the highest bidder, but to the biggest donors with no oversight. a television ad"
West Linn has one of the highest per capita rates of home-based businesses in the United States.,West Linn has one of the highest per capita rates of home-based businesses in the United States. a House floor speech
Says Al Franken voted to exempt himself and Congress from enrolling in (the Affordable Care Act marketplaces).,Says Al Franken voted to exempt himself and Congress from enrolling in (the Affordable Care Act marketplaces). a TV ad
"Under Gov. Bob McDonnell, more jobs have been lost than created in Southside and Southwest Virginia.","Under Gov. Bob McDonnell, more jobs have been lost than created in Southside and Southwest Virginia. a news release."
Patrick Rose voted to explore a state income tax.,Patrick Rose voted to explore a state income tax. a TV ad.
"Beyonce and Jay Z, I like them, I like them ... I get bigger crowds than they do. Its true. I get far bigger crowds.","Beyonce and Jay Z, I like them, I like them ... I get bigger crowds than they do. Its true. I get far bigger crowds. a speech in Raleigh, N.C."
"Edwards says if Congress won't pass universal health care, he'll tell Congress: ""I'm going to use my power as president to take your health care away from you.""","Edwards says if Congress won't pass universal health care, he'll tell Congress: ""I'm going to use my power as president to take your health care away from you."" a TV ad"
"The ammunition used in the Orlando shooting is banned by Geneva Convention. It enters the body, spins explodes.","The ammunition used in the Orlando shooting is banned by Geneva Convention. It enters the body, spins explodes. a tweet after the Orlando shooting"
"Another one he should veto is the SCHIP program, which he should say 'Take the C out of, because now it's for everybody, like every other entitlement program.'","Another one he should veto is the SCHIP program, which he should say 'Take the C out of, because now it's for everybody, like every other entitlement program.' Dearborn, Mich."
The president is brain-dead.,"The president is brain-dead. Des Moines, Iowa."
Rhode Island has the highest percentage of lawyers per capita in the country.,Rhode Island has the highest percentage of lawyers per capita in the country. a newspaper interview
"I was the first presidential candidate to lay out a specific, truly universal health care plan.","I was the first presidential candidate to lay out a specific, truly universal health care plan. Hanover, N.H."
Says the Democrats told the Catholic Church that theyll use federal powers to shut down church charities and hospitals if the church doesnt change its beliefs.,Says the Democrats told the Catholic Church that theyll use federal powers to shut down church charities and hospitals if the church doesnt change its beliefs. a speech at the Conservative Political Action Conference
Foreign Chinese prostitution money is allegedly behind the groups funding Congressman Scott DesJarlaiss (TN-04) Republican Majority.,Foreign Chinese prostitution money is allegedly behind the groups funding Congressman Scott DesJarlaiss (TN-04) Republican Majority. Campaign news release
"Says unlike Tim Kaine, who investedin education, Indiana Gov. Mike Pence slashed education funding.","Says unlike Tim Kaine, who investedin education, Indiana Gov. Mike Pence slashed education funding. a campaign rally in Miami, Fla."
Obamacare provision will allow forcedhome inspections by government agents.,Obamacare provision will allow forcedhome inspections by government agents. blog posts
"Throughout, we have kept Congress fully informed of our efforts to create a legal framework on counterterrorism.","Throughout, we have kept Congress fully informed of our efforts to create a legal framework on counterterrorism. the State of the Union Address"
On the Cuba embargo,"On the Cuba embargo an interview on HBO's ""Real Time"""
Says Democratic Party created Planned Parenthood,Says Democratic Party created Planned Parenthood an interview.
"In the health care bill, were now offering insurance for dogs.","In the health care bill, were now offering insurance for dogs. his radio program"
"Says Ron Saunders made the choice to stand with Rick Scott on expanding school vouchers, restricting scholarships and giving tax breaks to the wealthy.","Says Ron Saunders made the choice to stand with Rick Scott on expanding school vouchers, restricting scholarships and giving tax breaks to the wealthy. a mailer"
"Barack Obama has ""pledged to reduce the size of the military.""","Barack Obama has ""pledged to reduce the size of the military."" his book <i>The Obama Nation</i>."
Fidel Castro endorses Obama.,Fidel Castro endorses Obama. an e-mail.
There is no statistical evidence that bail bonds increase the likelihood of those awaiting trial returning to court for their scheduled hearings.,There is no statistical evidence that bail bonds increase the likelihood of those awaiting trial returning to court for their scheduled hearings. an op-ed article
A major part of the climate change bill sponsored by Sens. John Kerry and Joe Lieberman was essentially written by BP.,A major part of the climate change bill sponsored by Sens. John Kerry and Joe Lieberman was essentially written by BP. a Senate floor speech
"Ohios credit rating is as high as you can get, AA+.","Ohios credit rating is as high as you can get, AA+. comments on Fox News"
"Says every day of a special session costs taxpayers $40,000.","Says every day of a special session costs taxpayers $40,000. an opinion article"
We've excluded lobbyists from policymaking jobs.,We've excluded lobbyists from policymaking jobs. his State of the Union address
Says George Flinn has been a no show at scheduled forums.,Says George Flinn has been a no show at scheduled forums. in a press release calling for debates.
"I supported (the surge), I argued for it. I'm the only one on this stage that did.","I supported (the surge), I argued for it. I'm the only one on this stage that did. a debate in Myrtle Beach, S.C."
"In the past two years, Democrats have spent more money than this country has spent in the last 200 years combined.","In the past two years, Democrats have spent more money than this country has spent in the last 200 years combined. an interview on Comedy Central's Daily Show with Jon Stewart"
A new poll shows 62 percent support the president's plan to reform health care. That means ... letting you choose between keeping the private insurance you have and a public health insurance plan.,A new poll shows 62 percent support the president's plan to reform health care. That means ... letting you choose between keeping the private insurance you have and a public health insurance plan. an Internet ad.
Wisconsin is on pace to double the number of layoffs this year.,Wisconsin is on pace to double the number of layoffs this year. a news conference
Says John McCain has done nothing to help the vets.,Says John McCain has done nothing to help the vets. comments on ABC's This Week.
"When asked by a reporter whether hes at the center of a criminal scheme to violate campaign laws, Gov. Scott Walker nodded yes.","When asked by a reporter whether hes at the center of a criminal scheme to violate campaign laws, Gov. Scott Walker nodded yes. a web video"
Denali is the Kenyan word for black power.,Denali is the Kenyan word for black power. an image shared on Facebook
"Says 57 percent of federal spending goes to the military and just 1 percent goes to food and agriculture, including food stamps.","Says 57 percent of federal spending goes to the military and just 1 percent goes to food and agriculture, including food stamps. a meme on social media"
Unfortunately we have documented instances where people defecated in the (Statehouse) building.,Unfortunately we have documented instances where people defecated in the (Statehouse) building. interviews with reporters
Ronald Reagan faced an even worse recession than the current one.,"Ronald Reagan faced an even worse recession than the current one. her book, Going Rogue"
The number of illegal immigrants could be 3 million. It could be 30 million.,"The number of illegal immigrants could be 3 million. It could be 30 million. a speech in Phoenix, Ariz."
Says Charlie Crist is embroiled in a fraud case for steering taxpayer money to a de facto Ponzi scheme.,Says Charlie Crist is embroiled in a fraud case for steering taxpayer money to a de facto Ponzi scheme. a TV ad
Its been since 1888 that a Senate of a different party than the president in the White House confirmed a Supreme Court nominee.,Its been since 1888 that a Senate of a different party than the president in the White House confirmed a Supreme Court nominee. a talk show
"Under Rosemary Lehmberg, the Travis County D.A.s office convened the grand jury that indicted Rick Perry.","Under Rosemary Lehmberg, the Travis County D.A.s office convened the grand jury that indicted Rick Perry. a commentary"
Says he won the second debate with Hillary Clinton in a landslide in every poll.,Says he won the second debate with Hillary Clinton in a landslide in every poll. a tweet
"A proposed tax to fund transportation projects would spend $90,000 to take a single vehicle off the road during the morning and afternoon commute.","A proposed tax to fund transportation projects would spend $90,000 to take a single vehicle off the road during the morning and afternoon commute. a forum hosted by The Atlanta Journal-Constitution"
When undocumented children are picked up at the border and told to appear later in court ... 90 percent do not then show up.,"When undocumented children are picked up at the border and told to appear later in court ... 90 percent do not then show up. an interview on the PBS ""News Hour"""
ACORN will be a paid partner with the Census Bureau and they will be in charge of going door-to-door and collecting data from the American public.,ACORN will be a paid partner with the Census Bureau and they will be in charge of going door-to-door and collecting data from the American public. an interview with the Washington Times.
Sixty percent of the Hispanics support the Arizona immigration law,Sixty percent of the Hispanics support the Arizona immigration law a CNN interview
I did not play any role in bringing the company to RI as did others in government. I was tasked with handling the legislation affecting the company by my superiors.,I did not play any role in bringing the company to RI as did others in government. I was tasked with handling the legislation affecting the company by my superiors. a statement
The tax cut deal is giving $700 billion to millionaires and billionaires.,The tax cut deal is giving $700 billion to millionaires and billionaires. a CNN interview
A strong bipartisan majority in the House of Representatives voted to defund Obamacare.,A strong bipartisan majority in the House of Representatives voted to defund Obamacare. a news release
What the facts say is ...the best scenario for kids is a loving mom and dad.,"What the facts say is ...the best scenario for kids is a loving mom and dad. comments on ""Meet the Press"""
Says Mark Neumann = Nancy Pelosi,Says Mark Neumann = Nancy Pelosi campaign TV and radio ads
Rebuilding three high schools will benefit 40 percent of Portland Public School students.,Rebuilding three high schools will benefit 40 percent of Portland Public School students. a press briefing
On banning earmarks.,On banning earmarks. Senate floor votes
A judges order means theres a Constitution exemption zone if you live within 100 miles of the United States border.,A judges order means theres a Constitution exemption zone if you live within 100 miles of the United States border. a Facebook post
"President Obama, Sen. Harry Reid and Rep. Nancy Pelosi passed a $1.2 trillion stimulus bill.","President Obama, Sen. Harry Reid and Rep. Nancy Pelosi passed a $1.2 trillion stimulus bill."
Says people in Africa literally walk two and three hundred miles in order to vote.,Says people in Africa literally walk two and three hundred miles in order to vote. comments made on the Senate floor.
Half of children struck by cars near schools are hit by parents driving children to school.,Half of children struck by cars near schools are hit by parents driving children to school. a mailer
"Says Donald Trump said of women, And you can tell them to go f--- themselves.","Says Donald Trump said of women, And you can tell them to go f--- themselves. a television ad"
"The Taliban has been there for years and years, I mean, hundreds of thousands of years.","The Taliban has been there for years and years, I mean, hundreds of thousands of years. a debate"
"(Barack Obama) says hes going to reduce the long-term debt and deficit by $4 trillion, doesnt say how hes going to do it.","(Barack Obama) says hes going to reduce the long-term debt and deficit by $4 trillion, doesnt say how hes going to do it. an interview on NBC’s “Meet The Press”"
Birth control pioneer Margaret Sanger wasan active participant in the Ku Klux Klan.,Birth control pioneer Margaret Sanger wasan active participant in the Ku Klux Klan. a Facebook post
U.S. Rep. Lloyd Doggett is the most liberal man in the United States Congress.,U.S. Rep. Lloyd Doggett is the most liberal man in the United States Congress. a speech
"Says state Senate President Stephen Sweeney gave us the nations highest income tax rates, driving out jobs.","Says state Senate President Stephen Sweeney gave us the nations highest income tax rates, driving out jobs. a television ad posted on YouTube"
President Obama has the lowest public approval ratings of any president in modern times.,President Obama has the lowest public approval ratings of any president in modern times. a Republican presidential debate in Orlando
On an income cap for recipients of the popular HOPE scholarship,On an income cap for recipients of the popular HOPE scholarship forum
"John Holdren, director of the White House Office of Science and Technology Policy, has proposed forcing abortions and putting sterilants in the drinking water to control population.","John Holdren, director of the White House Office of Science and Technology Policy, has proposed forcing abortions and putting sterilants in the drinking water to control population. his TV program"
Many of the founding fathers were very actively involved in cockfighting.,Many of the founding fathers were very actively involved in cockfighting. a radio interview
Says state Sen. Sheila Harsdorf wants to eliminate Medicare as we know it.,Says state Sen. Sheila Harsdorf wants to eliminate Medicare as we know it. a campaign flier
I can tell you that the enhanced interrogation techniques that have since been banned by this administration specifically waterboarding work.,I can tell you that the enhanced interrogation techniques that have since been banned by this administration specifically waterboarding work. a newspaper interview
Virginia has made no progress on jobs since Bob McDonnell took office.,Virginia has made no progress on jobs since Bob McDonnell took office. a web video
The Iraq Study Group reported that (Saddam Hussein) had designs on reviving his nuclear program.,"The Iraq Study Group reported that (Saddam Hussein) had designs on reviving his nuclear program. a debate in Dearborn, Mich."
On whether global warming is man-made.,"On whether global warming is man-made. Fairbanks, Alaska"
Says Hillary Clinton has donated every cent shes ever earned from speaking fees to charity.,Says Hillary Clinton has donated every cent shes ever earned from speaking fees to charity. a post on Facebook
Charlottes anti-discrimination ordinance would have opened all bathrooms to all sexes at all times if it hadnt been overturned.,Charlottes anti-discrimination ordinance would have opened all bathrooms to all sexes at all times if it hadnt been overturned. a tweet
On pay for fired Milwaukee police officers,On pay for fired Milwaukee police officers an interview
Says CNN reported Ben Carson was taking a break from campaigning and the Cruz campaign forwarded that news to our volunteers.,Says CNN reported Ben Carson was taking a break from campaigning and the Cruz campaign forwarded that news to our volunteers. the New Hampshire GOP debate
"Says President Barack Obama told a room of students, Children, every time I clap my hands together, a child in America dies from gun violence, and then a child told him he could solve the problem by not clapping any more.","Says President Barack Obama told a room of students, Children, every time I clap my hands together, a child in America dies from gun violence, and then a child told him he could solve the problem by not clapping any more. a chain email"
NASA scientists fudged the numbers to make 1998 the hottest year to overstate the extent of global warming.,"NASA scientists fudged the numbers to make 1998 the hottest year to overstate the extent of global warming. a broadcast of ""Fox and Friends."""
There is no record of congresswoman Betty Sutton ... ever holding a single in-person town hall meeting open to the general public.,There is no record of congresswoman Betty Sutton ... ever holding a single in-person town hall meeting open to the general public. a news release
On the Bush tax cuts.,On the Bush tax cuts. flip-o-meter
This would be the largest casino in the United States.,This would be the largest casino in the United States. a campaign press event
"In rural Virginia, Sen. Warner ran 8-10 points ahead of a traditional Democrat -- ahead of Senator Kaine, ahead of Governor McAuliffe.","In rural Virginia, Sen. Warner ran 8-10 points ahead of a traditional Democrat -- ahead of Senator Kaine, ahead of Governor McAuliffe. a forum"
I can tell you with certainty (capandtrade)would have a devastating impact on our economy.,I can tell you with certainty (capandtrade)would have a devastating impact on our economy. an interview on CBS' Face the Nation
Mitt Romney left Massachusetts $1 billion in debt.,Mitt Romney left Massachusetts $1 billion in debt. a campaign ad
The fact is the Clinton Foundation has got about 80 percent in overhead and 20 percent of the money is actually getting into the places it should.,"The fact is the Clinton Foundation has got about 80 percent in overhead and 20 percent of the money is actually getting into the places it should. comments on ""The Mike Gallagher Show"""
"Gov. Romney himself, with 28 other Republican governors, supported policies that would have eliminated the time limits in the welfare reform law and allowed people to stay on welfare forever.","Gov. Romney himself, with 28 other Republican governors, supported policies that would have eliminated the time limits in the welfare reform law and allowed people to stay on welfare forever. a press White House press briefing"
"Under Lt. Gov. Lee Fisher, Ohio is 44th in the country in terms of getting money actually into worker retraining.","Under Lt. Gov. Lee Fisher, Ohio is 44th in the country in terms of getting money actually into worker retraining. a debate"
"Im well aware that medical marijuana is a recognized, medical, viable treatment for this sort of [pancreas] pain condition.","Im well aware that medical marijuana is a recognized, medical, viable treatment for this sort of [pancreas] pain condition. a speech on the House floor"
Says Rick Perry recently said he wanted another (Texas) business tax.,Says Rick Perry recently said he wanted another (Texas) business tax. a debate.
"Right now, an employer has more of a chance of getting hit by lightning than be prosecuted for hiring an undocumented worker. That has to change.","Right now, an employer has more of a chance of getting hit by lightning than be prosecuted for hiring an undocumented worker. That has to change. Las Vegas"
Wisconsin dropped from second in the country to 41st among states where more than half the students took the ACT exam.,Wisconsin dropped from second in the country to 41st among states where more than half the students took the ACT exam. a news release
"Says At age 76 when you most need it, you are not eligible for cancer treatment under Affordable Care Act.","Says At age 76 when you most need it, you are not eligible for cancer treatment under Affordable Care Act. a chain email"
Says an Obama administration policy prohibits people who work with at-risk youth from promoting marriage as a way to avoid poverty.,Says an Obama administration policy prohibits people who work with at-risk youth from promoting marriage as a way to avoid poverty. a debate in South Carolina
Loranne Ausley voted six times to tax your savings.,Loranne Ausley voted six times to tax your savings. statements on the party's website.
Four state Assembly Democrats scored a death blow to northeast Wisconsins economy by killing hundreds of jobs at a potential Bass Pro Shops near Green Bay.,Four state Assembly Democrats scored a death blow to northeast Wisconsins economy by killing hundreds of jobs at a potential Bass Pro Shops near Green Bay. a news release
"The percentage of black children born without a father in the home has risen from 7 percent in 1964 to 73 percent today, due to changes from President Lyndon Johnsons Great Society.","The percentage of black children born without a father in the home has risen from 7 percent in 1964 to 73 percent today, due to changes from President Lyndon Johnsons Great Society. a meme on the Internet"
ACORN could get up to $8.5 billion more tax dollars despite being under investigation for voter registration fraud in a dozen states.,ACORN could get up to $8.5 billion more tax dollars despite being under investigation for voter registration fraud in a dozen states. a press release
"The Obama administration leaked information, deliberately or otherwise, that led to the identification of the Pakistani doctor that helped us in achieving our goals and killing bin Laden.","The Obama administration leaked information, deliberately or otherwise, that led to the identification of the Pakistani doctor that helped us in achieving our goals and killing bin Laden. a web video"
Says President Barack Obama spent nearly a trillion dollars on make-work government jobs.,Says President Barack Obama spent nearly a trillion dollars on make-work government jobs. a response to the State of the Union address
Says If you compare the Portland Metro area to the CDCs statewide cavity rates ... the Portland Metro area would actually rank as having the 15th lowest cavity rate in the U.S.,Says If you compare the Portland Metro area to the CDCs statewide cavity rates ... the Portland Metro area would actually rank as having the 15th lowest cavity rate in the U.S. a campaign flier
Says Republican Rep. Charlie Dent wants to kick the Freedom Caucus out of the Republican conference for voting our conscience.,"Says Republican Rep. Charlie Dent wants to kick the Freedom Caucus out of the Republican conference for voting our conscience. comments on ""Meet the Press"""
"He was offered medical care for his injuries if he would give up military information in return. John McCain said, 'No.'","He was offered medical care for his injuries if he would give up military information in return. John McCain said, 'No.' a speech at the Republican National Convention"
Obamacare ... will kill jobs across America.,Obamacare ... will kill jobs across America. a television ad
"If you and I fail to defund ObamaCare now, some 16,000 new IRS agents will be begin prying into our private medical records, eyeing each and every one of our treatments and prescriptions for violations.","If you and I fail to defund ObamaCare now, some 16,000 new IRS agents will be begin prying into our private medical records, eyeing each and every one of our treatments and prescriptions for violations. a direct mail letter"
"Says his bill, HB 97, would prevent the use of taxpayer dollars on abortions.","Says his bill, HB 97, would prevent the use of taxpayer dollars on abortions. comments before a House subcommittee"
Federal health care reforms amounted to the government takeover of health care.,Federal health care reforms amounted to the government takeover of health care. a television ad
"When he worked for ATT, he ""was responsible for large parts in a $5 billion organization.""","When he worked for ATT, he ""was responsible for large parts in a $5 billion organization."""
Mitch McConnell voted with Harry Reid to infringe on our gun rights.,Mitch McConnell voted with Harry Reid to infringe on our gun rights. a television ad
"Of the roughly 15 percent of Americans who dont have health insurance, half of them made more than $50,000 a year.","Of the roughly 15 percent of Americans who dont have health insurance, half of them made more than $50,000 a year. an interview on Comedy Central's ""The Daily Show"""
Says House Democrats voted to use your tax dollars for abortions by voting against bill defunding Planned Parenthood.,Says House Democrats voted to use your tax dollars for abortions by voting against bill defunding Planned Parenthood. a mailer sent for a state legislative campaign.
"McCain ""has opposed stem cell research.""","McCain ""has opposed stem cell research."" a radio ad"
"The EPA wants to hire 230,000 new government regulators that will cost the taxpayer $21 billion.","The EPA wants to hire 230,000 new government regulators that will cost the taxpayer $21 billion. a TV interview"
"If the Trans-Pacific Partnership is fast-tracked through the Senate, it wont receive a committee assignment and the consideration will include no debate.","If the Trans-Pacific Partnership is fast-tracked through the Senate, it wont receive a committee assignment and the consideration will include no debate. a chain email"
The Cleveland police has issued a stand down order to officers.,The Cleveland police has issued a stand down order to officers. his blog
Victory! Republicans by 2 to 1 vote to endorse Mark Neumann on first ballot at GOP convention.,Victory! Republicans by 2 to 1 vote to endorse Mark Neumann on first ballot at GOP convention. a website alert
"All four on Mount Rushmore, they were all independents at one critical point in their career.","All four on Mount Rushmore, they were all independents at one critical point in their career. a campaign forum"
We didnt go out asking people to join the stand your ground task force.,We didnt go out asking people to join the stand your ground task force. Capitol news conference
Giant companies like Toyota will not locate in a state that has not passed a right-to-work law,Giant companies like Toyota will not locate in a state that has not passed a right-to-work law a radio interview
Foreign Chinese prostitution money is allegedly behind the groups funding Congressman Sean Duffys Republican Majority.,Foreign Chinese prostitution money is allegedly behind the groups funding Congressman Sean Duffys Republican Majority. a news release
Rhode Islands unemployment insurance system is the most expensive such system in the country.,Rhode Islands unemployment insurance system is the most expensive such system in the country. an interview on Rhode Island Public Radio
The United States is at historic record highs of individuals being apprehended on the border from countries with terrorist ties such as Pakistan or Afghanistan or Syria.,"The United States is at historic record highs of individuals being apprehended on the border from countries with terrorist ties such as Pakistan or Afghanistan or Syria. comments on CNN's ""State of the Union"""
"Says the estate tax, in many cases, forces family farmers and small businesses owners to sell their holdings.","Says the estate tax, in many cases, forces family farmers and small businesses owners to sell their holdings. a statement."
Wisconsins lawsuit rules are so anti-business that the states system is one of the most promiscuous in America.,Wisconsins lawsuit rules are so anti-business that the states system is one of the most promiscuous in America. a news release
"Says Joseph Stalin said if you want to bring America down you, have to undermine three things: our spiritual life, our patriotism and our morality.","Says Joseph Stalin said if you want to bring America down you, have to undermine three things: our spiritual life, our patriotism and our morality. a GOP debate on CBS"
Bryce Reeves chaired a group bankrolled by a New York billionaire who fired hundreds of Virginia workers and sent their jobs to China.,Bryce Reeves chaired a group bankrolled by a New York billionaire who fired hundreds of Virginia workers and sent their jobs to China. a TV ad.
"In 2011, Alabama and Massachusetts passed legislation allowing non-citizens who are legal residents to vote in state and local elections.","In 2011, Alabama and Massachusetts passed legislation allowing non-citizens who are legal residents to vote in state and local elections. a House Judiciary Committee hearing"
The Red Sox waited 87 long years to win the World Series.,The Red Sox waited 87 long years to win the World Series. a debate in St. Petersburg
"The largest tax increase that we have ever had in our state is yours it is the business margins tax that you signed, governor.","The largest tax increase that we have ever had in our state is yours it is the business margins tax that you signed, governor. in a Republican gubernatorial debate"
We are giving almost $2 billion of taxpayer money to the junk food and fast food industries every year to make the (childhood obesity) epidemic worse.,We are giving almost $2 billion of taxpayer money to the junk food and fast food industries every year to make the (childhood obesity) epidemic worse. a news release
A bill by Earl Blumenauer would mandate GPS tracking devices on all our vehicles.,A bill by Earl Blumenauer would mandate GPS tracking devices on all our vehicles. a statement on campaign website
There is a precedent for not nominating someone to the U.S. Supreme Court in the middle of a presidential election.,There is a precedent for not nominating someone to the U.S. Supreme Court in the middle of a presidential election. an interview
A picture shows former President Bill Clinton naked with another woman.,A picture shows former President Bill Clinton naked with another woman. a post on their website
"There is no disagreement that we need action by our government, a recovery plan that will help to jump-start the economy.","There is no disagreement that we need action by our government, a recovery plan that will help to jump-start the economy. a news conference"
"Says it probably costs more than $300,000 to run for a seat on the Pedernales Electric Cooperative board of directors.","Says it probably costs more than $300,000 to run for a seat on the Pedernales Electric Cooperative board of directors. a Texas Senate committee hearing."
Wind power is the most undependable form of renewable energy.,"Wind power is the most undependable form of renewable energy. an appearance on ""10 News Conference."""
"McCain ""still thinks it's okay when women don't earn equal pay for equal work.""","McCain ""still thinks it's okay when women don't earn equal pay for equal work."" a speech at the Democratic National Convention."
"On the new dollar coins, ""'In God We Trust' is gone!""","On the new dollar coins, ""'In God We Trust' is gone!"" a message circulated to many people."
"Says Rick Perrys Pay to Play politics led him to send $899 million to an offshore call center in Bermuda, driving down enrollment in childrens health insurance","Says Rick Perrys Pay to Play politics led him to send $899 million to an offshore call center in Bermuda, driving down enrollment in childrens health insurance news release"
Gov. McDonnells proposed budget is cutting public education.,Gov. McDonnells proposed budget is cutting public education. a speech.
A [bank] surveillance camera capturing a criminals face and other identifiable traits would certainly discourage robbery attempts and serve as a deterrent to robbers.,A [bank] surveillance camera capturing a criminals face and other identifiable traits would certainly discourage robbery attempts and serve as a deterrent to robbers. a news release
"In the 2012 election, there were more votes cast than registered voters in St. Lucie County, and Palm Beach County had 141 percent turnout.","In the 2012 election, there were more votes cast than registered voters in St. Lucie County, and Palm Beach County had 141 percent turnout. a viral image"
Im not a conspiracy theorist and I never allow conspiracy theorists on my program.,"Im not a conspiracy theorist and I never allow conspiracy theorists on my program. a segment on RT's ""CrossTalk"""
Theres been no conclusive or specific report to say Russia was trying to muddy the election.,"Theres been no conclusive or specific report to say Russia was trying to muddy the election. comments on ""Meet the Press"""
Says Christopher Little has a history of working against environmental protection by defending the worst types of corporate polluters,Says Christopher Little has a history of working against environmental protection by defending the worst types of corporate polluters a press release from the Rhode Island Democratic Party
Says Gov. Scott Walker dropped out or was kicked out of college short of a degree not long after he was kicked out of student elections at Marquette University.,Says Gov. Scott Walker dropped out or was kicked out of college short of a degree not long after he was kicked out of student elections at Marquette University. a web posting
Wisconsins projected state budget shortfall is now as low as $1.5 billion,Wisconsins projected state budget shortfall is now as low as $1.5 billion a statutorially required report on the state budget deficit
"Says Ohio Rep. Marcy Kaptur actually lives in a fancy condo in the Washington, D.C. suburbs.","Says Ohio Rep. Marcy Kaptur actually lives in a fancy condo in the Washington, D.C. suburbs. a campaign commercial"
"U.S. Rep. Jim Langevin didn't want a border fence to block illegal immigration ""because he is afraid that someone will get hurt trying to go around the fence.""","U.S. Rep. Jim Langevin didn't want a border fence to block illegal immigration ""because he is afraid that someone will get hurt trying to go around the fence."" a posting on his website"
Says Mitt Romney supports cap and trade.,Says Mitt Romney supports cap and trade. a video ad airing in Michigan
Says there is an upcoming vote to preserve benefits of Texas homestead exemption for seniors and the disabled.,Says there is an upcoming vote to preserve benefits of Texas homestead exemption for seniors and the disabled. a chain email forwarded by an Austin American-Statesman reader.
The government is trying to now close the Lincoln Memorial for any kind of large gatherings.,The government is trying to now close the Lincoln Memorial for any kind of large gatherings. comments on his radio program
Says One of the states largest governments made charging this tax one of their top priorities just this year.,Says One of the states largest governments made charging this tax one of their top priorities just this year. a state voters' pamphlet argument
The immigration bill has a specific provision that says that Secretary Napolitano does not have to build any fence if she chooses not to.,The immigration bill has a specific provision that says that Secretary Napolitano does not have to build any fence if she chooses not to. an interview on CBS’ “Face the Nation”
On redistricting.,On redistricting. an interview.
"The Trans-Pacific Partnership was designed for China to come in, as they always do, through the back door and totally take advantage of everyone.","The Trans-Pacific Partnership was designed for China to come in, as they always do, through the back door and totally take advantage of everyone. the fourth GOP primary debate."
"Says the stimulus bill sent tax credits overseas, such as half a billion to an electric car company that created hundreds of jobs in Finland.","Says the stimulus bill sent tax credits overseas, such as half a billion to an electric car company that created hundreds of jobs in Finland. a TV ad"
Says Larry Taylor gave in-state tuition to illegal immigrants.,Says Larry Taylor gave in-state tuition to illegal immigrants. whylarrywhy.com
"After the attack on a U.S. diplomatic mission in Benghazi,Libya,the ambassadors body was dragged through the street.","After the attack on a U.S. diplomatic mission in Benghazi,Libya,the ambassadors body was dragged through the street. a broadcast of ABC's ""This Week"""
Six thousand people have sought addiction treatment through expanded Medicaid.,Six thousand people have sought addiction treatment through expanded Medicaid. her State of the State speech in Nashua
The problem with raising tax rates on the wealthiest Americans is that more than half of them are small business owners.,The problem with raising tax rates on the wealthiest Americans is that more than half of them are small business owners. a news conference
About 78 to 81 House Democrats are members of the Communist Party. ... Its called the Congressional Progressive Caucus.,"About 78 to 81 House Democrats are members of the Communist Party. ... Its called the Congressional Progressive Caucus. a town hall meeting in Jensen Beach, Fla."
Bill McCollum backed Jim Greers effort to hide financial irregularities.,Bill McCollum backed Jim Greers effort to hide financial irregularities. a TV ad.
Creflo Dollar needed a $65 million Gulfstream G650 to carry thousands of pounds of food and other supplies -- as well as the Word of God -- worldwide.,Creflo Dollar needed a $65 million Gulfstream G650 to carry thousands of pounds of food and other supplies -- as well as the Word of God -- worldwide. interviews
Fox News is banned in Canada because it violatesa law thatprevents news channels from lying to their viewers.,Fox News is banned in Canada because it violatesa law thatprevents news channels from lying to their viewers. posts on Facebook
Says under President Barack Obama theres been the lowest discretionary spending weve had in decades in the United States.,Says under President Barack Obama theres been the lowest discretionary spending weve had in decades in the United States. a roundtable discussion on NBC’s “Meet The Press”
"In one year, (President Obama) provided $90 billion in breaks to the green energy world into solar and wind, to Solyndra and Fisker and Tesla and Ener1.","In one year, (President Obama) provided $90 billion in breaks to the green energy world into solar and wind, to Solyndra and Fisker and Tesla and Ener1. the first presidential debate in Denver"
Youve been tremendously deceived by people who say the Earth is not flat.,Youve been tremendously deceived by people who say the Earth is not flat. in a Jan. 25 tweet
Hedge fund managers pay less in taxes than nurses and truck drivers.,"Hedge fund managers pay less in taxes than nurses and truck drivers. an appearance in Mason City, Iowa"
Wisconsin law says all recall petition signers must sign in the presence of another person.,Wisconsin law says all recall petition signers must sign in the presence of another person. a tweet
"In early voting in Miami-Dade County, there is a trickle of two or three people a day at a very high cost to keep those public libraries and polls open.","In early voting in Miami-Dade County, there is a trickle of two or three people a day at a very high cost to keep those public libraries and polls open. a Senate Rules Committee meeting"
Jules Bailey was instrumental in creating the Business Energy Tax Credit that let companies like Wal-Mart profit by $11 million while costing the Oregon general fund $33 million.,Jules Bailey was instrumental in creating the Business Energy Tax Credit that let companies like Wal-Mart profit by $11 million while costing the Oregon general fund $33 million. a campaign email
"The big Wall Street banks, the big corporations give many times more political donations to Democrats than Republicans.","The big Wall Street banks, the big corporations give many times more political donations to Democrats than Republicans. an interview"
David Perdue has never voted in a Republican primary until his name was on the ballot.,David Perdue has never voted in a Republican primary until his name was on the ballot. Friends of Jack Kingston flyer
Says in Texas its legal to shoot someone whos committing a public nuisance under the cover of dark.,Says in Texas its legal to shoot someone whos committing a public nuisance under the cover of dark. a blog post
Says Oregon state employees received a catch-up pay raise in 1981 -- just two years after they agreed not to take a raise in exchange for a retirement benefit.,Says Oregon state employees received a catch-up pay raise in 1981 -- just two years after they agreed not to take a raise in exchange for a retirement benefit. a press briefing
"All of Texas is conservative, except a little bit of Austin.","All of Texas is conservative, except a little bit of Austin. while interviewing Donald Trump in Austin"
Says the word Dhimmitude is on page 107 of the health care law and means Muslims are specifically exempted from the government mandate to purchase insurance.,Says the word Dhimmitude is on page 107 of the health care law and means Muslims are specifically exempted from the government mandate to purchase insurance. a chain email
"Scientists have shown us (that) the greater possibilities, the real science movement, has been with adult stem cell research. It has not been with embryonic.","Scientists have shown us (that) the greater possibilities, the real science movement, has been with adult stem cell research. It has not been with embryonic. a news conference with reporters"
Elorza wants to teach our public school children about the non-existence of God.,Elorza wants to teach our public school children about the non-existence of God. in a mailer
On implementing a sales tax.,On implementing a sales tax. a television ad
"A few weeks ago, (the) education committee in Congress is deciding whats going to be in your local salad bar.","A few weeks ago, (the) education committee in Congress is deciding whats going to be in your local salad bar. a podcast."
"A proposed regional transportation tax will last a minimum of 10 years, and has been approved to last longer.","A proposed regional transportation tax will last a minimum of 10 years, and has been approved to last longer."
Warren Buffett called (Jeff) Greenes scheme financial weapons of mass destruction.,Warren Buffett called (Jeff) Greenes scheme financial weapons of mass destruction. a television ad
"Its not true that since hes been the president, executions in Iran have increased by four times.","Its not true that since hes been the president, executions in Iran have increased by four times. ABC's ""This Week"""
Over half the people on disability are either anxious or their back hurts.,Over half the people on disability are either anxious or their back hurts. a speech in New Hampshire
One of every two Wisconsin residents are on some kind of government handout.,One of every two Wisconsin residents are on some kind of government handout. a speech at the state GOP convention
"A new ruling by the EPA would force dairy farmers to comply with the Spill Prevention, Control and Countermeasure Program when dealing with spilt milk -- the same regulations oil and natural gas producers must follow.","A new ruling by the EPA would force dairy farmers to comply with the Spill Prevention, Control and Countermeasure Program when dealing with spilt milk -- the same regulations oil and natural gas producers must follow. a newsletter."
"In the U.S. Constitution, theres a little section in there that talks about life, liberty and the pursuit of happiness.","In the U.S. Constitution, theres a little section in there that talks about life, liberty and the pursuit of happiness. in a speech announcing his presidential run"
"Your tax dollars are not being used to sue you, the people.","Your tax dollars are not being used to sue you, the people. a public hearing about redistricting"
"Fluoride in the water, that was originally done by the Nazis!","Fluoride in the water, that was originally done by the Nazis! an interview with Salon.com"
"Presidents Hoover, Truman and Eisenhower collectively ordered the deportation of at least 15 million illegal aliens.","Presidents Hoover, Truman and Eisenhower collectively ordered the deportation of at least 15 million illegal aliens. a chain e-mail"
We now work the longest hours of any people around the world.,We now work the longest hours of any people around the world. a C-SPAN interview
The Republican National Convention is a Super Bowl times four.,The Republican National Convention is a Super Bowl times four. comments made to reporters while in Tampa
Says more Republicans than Democrats voted for the Wall Street bailouts.,Says more Republicans than Democrats voted for the Wall Street bailouts. a radio show
A bill that could restrict free speech when the president is nearby was signed by President Barack Obama in secret.,A bill that could restrict free speech when the president is nearby was signed by President Barack Obama in secret. an interview on Fox News
"This town (Wilmington, Ohio) hasnt taken any money from the government. They dont want any money from the government.","This town (Wilmington, Ohio) hasnt taken any money from the government. They dont want any money from the government. his radio broadcast"
"We were not, I repeat, were not told that waterboarding or any of these other enhanced interrogation methods were used.","We were not, I repeat, were not told that waterboarding or any of these other enhanced interrogation methods were used. a news conference."
22 Countries Invaded by the U.S. in 20 Years.,22 Countries Invaded by the U.S. in 20 Years. viral posts on the Internet
On Common Core.,"On Common Core. an op-ed in ""USA Today."""
Says Ron Johnson helped companies ship jobs overseas.,Says Ron Johnson helped companies ship jobs overseas. a TV ad
Florida Democrats just voted to impose Sharia law on women.,Florida Democrats just voted to impose Sharia law on women. in various social media posts
Says Bill Clinton opposes President Barack Obamas plan to raise taxes on wealthy Americans.,Says Bill Clinton opposes President Barack Obamas plan to raise taxes on wealthy Americans. a television ad airing in Orlando
Our economy is not growing.,Our economy is not growing. a speech at the Republican convention
Says state Senate candidate Monk Elmer voted to exceed the (school district property tax) spending caps.,Says state Senate candidate Monk Elmer voted to exceed the (school district property tax) spending caps. a direct mail campaign piece
Says Hillary Clinton wants to go to a single-payer plan for health care,Says Hillary Clinton wants to go to a single-payer plan for health care a presidential debate
"Says Texas has so few gas-pump inspectors in the field, the HEBs of this state, the Brookshires of this state, theyre calibrating their own gas pumps. The (Texas Department of Agriculture) just sends them the stickers and they calibrate them.","Says Texas has so few gas-pump inspectors in the field, the HEBs of this state, the Brookshires of this state, theyre calibrating their own gas pumps. The (Texas Department of Agriculture) just sends them the stickers and they calibrate them. a speech."
Senator Obama has voted 94 times to either increase your taxes or against tax cuts.,Senator Obama has voted 94 times to either increase your taxes or against tax cuts. comment from McCain spokesman Tucker Bounds on Fox News
Lorain is the poorest urban school district in the state of Ohio.,Lorain is the poorest urban school district in the state of Ohio. a speech in the Ohio House
Says President Barack Obama said that American exceptionalism is no more exceptional than the exceptionalism of any other country.,Says President Barack Obama said that American exceptionalism is no more exceptional than the exceptionalism of any other country. an op-ed in the 'Wall Street Journal'
Says the fluoride Austin is putting in its drinking water is toxic waste.,Says the fluoride Austin is putting in its drinking water is toxic waste. a letter.
The U.S. Supreme Court struck down Wisconsins photo ID election law,The U.S. Supreme Court struck down Wisconsins photo ID election law a news release
We know how to stop AIDS: persuade men not to have sex with men.,"We know how to stop AIDS: persuade men not to have sex with men. his ""Focal Point"" radio show"
And weve constantly been the lowest unemployed county in the state.,And weve constantly been the lowest unemployed county in the state. an Oregon Public Broadcasting interview
The federal government can tell General Motors what to charge for its automobiles.,The federal government can tell General Motors what to charge for its automobiles. a CNN interview
A few weeks ago Obama took Hamas and Iran OFF the terror list.,A few weeks ago Obama took Hamas and Iran OFF the terror list. a Facebook post
"Once a woman enters into the sex trade, her average life expectancy is seven years.","Once a woman enters into the sex trade, her average life expectancy is seven years. a comment on a ""State of the State"" TV program."
The Electric Reliability Council of Texas (ERCOT) has estimated that the Obama administrations Power Plan will cause energy costs in Texas to rise as much as 16 percent per year.,The Electric Reliability Council of Texas (ERCOT) has estimated that the Obama administrations Power Plan will cause energy costs in Texas to rise as much as 16 percent per year. Op-ed column in the San Antonio Express-News
"Says kids who start in the ninth grade in the city of Newark this past September, 23 percent of them will graduate in four years.","Says kids who start in the ninth grade in the city of Newark this past September, 23 percent of them will graduate in four years. a radio interview"
"Says McCain was a ""Hanoi Hilton songbird"" who collaborated with the enemy.","Says McCain was a ""Hanoi Hilton songbird"" who collaborated with the enemy. a flyer sent to news organizations in South Carolina"
On whether hes had a relationship with Vladimir Putin.,On whether hes had a relationship with Vladimir Putin. various interviews and speeches
Says Gov. Chris Christies poll ratings have been going up.,"Says Gov. Chris Christies poll ratings have been going up. an interview with Gov. Chris Christie on ""Piers Morgan Tonight"""
On debating.,On debating. a press release
Virtually every person across this country has seen premiums going up and up and up due to Obamacare.,Virtually every person across this country has seen premiums going up and up and up due to Obamacare. a conversation with reporters
The Affordable Care Act will likely go down as the biggest tax increase in history.,The Affordable Care Act will likely go down as the biggest tax increase in history. a news release
All the talk about socialism during the campaign made young people more interested in it by Election Day.,All the talk about socialism during the campaign made young people more interested in it by Election Day. the movie Capitalism: A Love Story
"Says Marco Rubio believes the earth is 9,000 years old and that humans hunted dinosaurs to extinction; says Rand Paul believes the earth is 10,000 years old and God removed dinosaurs to make space for humans.","Says Marco Rubio believes the earth is 9,000 years old and that humans hunted dinosaurs to extinction; says Rand Paul believes the earth is 10,000 years old and God removed dinosaurs to make space for humans. a post from Being Liberal"
A $250 fine if youre caught with a plastic bag coming out of a store. Plastic bag police anyone?,A $250 fine if youre caught with a plastic bag coming out of a store. Plastic bag police anyone? a tweet
"In countries where there are higher, more strict gun laws, there is more gun violence.","In countries where there are higher, more strict gun laws, there is more gun violence. a broadcast of ""The Five"" on Fox News"
Abortions account for 94 percent of the services provided for pregnant women by Planned Parenthood.,Abortions account for 94 percent of the services provided for pregnant women by Planned Parenthood. a newspaper column
"While (Charlie Crist) was governor, utility costs went up 30 percent and went from below the national average to above the national average. Since I got elected, utility rates have come down 11 percent and now we are below the average.","While (Charlie Crist) was governor, utility costs went up 30 percent and went from below the national average to above the national average. Since I got elected, utility rates have come down 11 percent and now we are below the average. a debate"
On supporting right to work legislation in 2015,On supporting right to work legislation in 2015 a statement
"POTUS economists: Stimulus Has Cost $278,000 per job.","POTUS economists: Stimulus Has Cost $278,000 per job. a tweet on Twitter"
"Says Donald Trumps conversion to pro-life beliefs are akin to Justin Biebers, who said in the past that abortion was no big deal to him.","Says Donald Trumps conversion to pro-life beliefs are akin to Justin Biebers, who said in the past that abortion was no big deal to him. an interview on CNN"
Says Bill White profiteered in the aftermath of Hurricane Rita.,Says Bill White profiteered in the aftermath of Hurricane Rita. a Perry website
Metro on whether it could use bond money for restoration.,Metro on whether it could use bond money for restoration. voters pamphlet
Barack Obama thinks terrorists just need a good talking to.,Barack Obama thinks terrorists just need a good talking to. a direct mail piece
Says HJM 20 was the only bill not assigned to a House committee.,Says HJM 20 was the only bill not assigned to a House committee. a blog post.
The minimum wage has risen $2.35 in the last two years. Thats 31 percent.,The minimum wage has risen $2.35 in the last two years. Thats 31 percent. testimony before the House Committee on Labor
The music industry is the biggest export from Africa after oil and gas.,"The music industry is the biggest export from Africa after oil and gas. comments on ABC's ""This Week"""
"Unfortunately, since Mr. Fosters been mayor ... there are less people employed in the city of St. Petersburg than there were prior to his taking office.","Unfortunately, since Mr. Fosters been mayor ... there are less people employed in the city of St. Petersburg than there were prior to his taking office. a Tampa Bay Times/mayoral debate"
"Says U.S. Rep. Ron Kinds stimulus cost taxpayers $278,000 per job.","Says U.S. Rep. Ron Kinds stimulus cost taxpayers $278,000 per job. a news release"
"Under the White Houses budget proposal, we will not be adding more to the national debt by the middle of the decade.","Under the White Houses budget proposal, we will not be adding more to the national debt by the middle of the decade. a press conference"
Says CharlieCrist made it easier for Duke to take your money.,Says CharlieCrist made it easier for Duke to take your money. a campaign commercial
We havent yet taken out a negative ad.,We havent yet taken out a negative ad. a debate
"Over the past year ... our 16 counties have hemorrhaged more than 6,000 jobs with no apparent end in sight.","Over the past year ... our 16 counties have hemorrhaged more than 6,000 jobs with no apparent end in sight. a press release."
"Since President Barack Obama took office, you have 1,700 employees just at the Department of Transportation earning over $170,000.","Since President Barack Obama took office, you have 1,700 employees just at the Department of Transportation earning over $170,000. an interview"
"Even with recent changes, the average hourly wage at General Motors is still $75 an hour.","Even with recent changes, the average hourly wage at General Motors is still $75 an hour."
U.S. House opponent Paul Ryan supports cutting funding for veterans by 24 percent.,U.S. House opponent Paul Ryan supports cutting funding for veterans by 24 percent. an interview
"Congress includes 36 people accused of spousal abuse, 84 arrested for drunk driving in the past year, 71 with terrible creditand more.","Congress includes 36 people accused of spousal abuse, 84 arrested for drunk driving in the past year, 71 with terrible creditand more. a Facebook meme"
The Bundy Ranch deal is all about Nevada Sen. Harry Reid using federal violence to take peoples land in his state so he can package it to re-sell it to the Chinese.,The Bundy Ranch deal is all about Nevada Sen. Harry Reid using federal violence to take peoples land in his state so he can package it to re-sell it to the Chinese. multiple blog and video posts
There's no evidence anywhere that offshore drilling has hurt tourism in any area where it has been allowed.,There's no evidence anywhere that offshore drilling has hurt tourism in any area where it has been allowed. a press release
Says Wisconsin women facing pay discrimination cant do something about it under bill passed by Republicans.,Says Wisconsin women facing pay discrimination cant do something about it under bill passed by Republicans. a speech
The New England Journal of Medicine released a survey the week that President Obama signed Obamacare stating that over 30 percent of American physicians would leave the profession if the government took over health care.,"The New England Journal of Medicine released a survey the week that President Obama signed Obamacare stating that over 30 percent of American physicians would leave the profession if the government took over health care. on CBS's ""Face the Nation"""
"I remember one of [Curt Schillings] teammates said he painted his sock, the bloody sock.","I remember one of [Curt Schillings] teammates said he painted his sock, the bloody sock. in a comment on the John DePetro Show"
Canada sets aside 36 percent of their visas for people with skills they think their country needs. We set aside 6 percent.,"Canada sets aside 36 percent of their visas for people with skills they think their country needs. We set aside 6 percent. an interview on ""Meet the Press."""
The federal health care law is probably the biggest tax increase ever in the history of our country.,The federal health care law is probably the biggest tax increase ever in the history of our country. comments during a tour of a manufacturing plant.
Theres more murders with hammers last year than...shotguns and pistols and AK-47s.,Theres more murders with hammers last year than...shotguns and pistols and AK-47s. a meeting
"Because of voter fraud, Republican candidates need to do a point or two better to win statewide elections in Wisconsin.","Because of voter fraud, Republican candidates need to do a point or two better to win statewide elections in Wisconsin. an interview"
Ohioans want an end to pay-to-play politics.,Ohioans want an end to pay-to-play politics. an email announcing his gubernatorial campaign kickoff
General Motors is the largest corporation in the world again.,General Motors is the largest corporation in the world again. a “Face the Nation” interview
Says Ohio Treasurer Josh Mandel supports allowing the United States to default on its obligations.,Says Ohio Treasurer Josh Mandel supports allowing the United States to default on its obligations. a news release
A referendum gives the people the chance to decide on cutting the Milwaukee County Board budget by two-thirds,A referendum gives the people the chance to decide on cutting the Milwaukee County Board budget by two-thirds a news release
"Even among second and third generation Muslims in the United States, theres no real assimilation.","Even among second and third generation Muslims in the United States, theres no real assimilation. an interview with Fox News' Sean Hannity"
"Says Ted Cruz was just bribed by the Kochs to introduce a bill that would give them and their allies Americas national forests, parks, and other public lands and open them for mining, drilling, fracking and logging.","Says Ted Cruz was just bribed by the Kochs to introduce a bill that would give them and their allies Americas national forests, parks, and other public lands and open them for mining, drilling, fracking and logging. a Facebook photo post"
On subsidies for ethanol production.,On subsidies for ethanol production. a blog post.
Says Bruce Starr broke the law by letting lobbyists wine and dine him in Maui.,Says Bruce Starr broke the law by letting lobbyists wine and dine him in Maui. a television ad
Latina who enthusiastically supported Donald Trump on stage in Las Vegas in October 2015 has been deported.,"Latina who enthusiastically supported Donald Trump on stage in Las Vegas in October 2015 has been deported. social media posts, blogs"
"What I look at every month is how many more New Jerseyans are back to work. You have another 9,900 last month that are back to work and over almost 90,000 that are back to work now since I became governor.","What I look at every month is how many more New Jerseyans are back to work. You have another 9,900 last month that are back to work and over almost 90,000 that are back to work now since I became governor. a news conference"
Says Newt Gingrich co-sponsored a bill with Nancy Pelosi that would have given $60 million a year to a U.N. program supporting Chinas brutal one-child policy.,Says Newt Gingrich co-sponsored a bill with Nancy Pelosi that would have given $60 million a year to a U.N. program supporting Chinas brutal one-child policy. a television ad
Says the secret John Doe criminal investigation of his campaign has been resolved and two judges have said it is over.,Says the secret John Doe criminal investigation of his campaign has been resolved and two judges have said it is over. a TV interview
"I'll tell you what I can tell this country: If they want a president who doesn't believe in God, there's probably plenty of choices.","I'll tell you what I can tell this country: If they want a president who doesn't believe in God, there's probably plenty of choices. Manchester, N.H."
Drinking champagne could help prevent Alzheimers and other forms of dementia.,Drinking champagne could help prevent Alzheimers and other forms of dementia. social media and in print
Says Kay Hagan supports waivers for friends of Obama and special treatment for Congress and their staffs.,Says Kay Hagan supports waivers for friends of Obama and special treatment for Congress and their staffs. a YouTube ad
"For every dollar (in the stimulus package) that is spent to help small businesses, $4 is being spent to help upkeep the grass on the lawns of Washington.","For every dollar (in the stimulus package) that is spent to help small businesses, $4 is being spent to help upkeep the grass on the lawns of Washington. an interview on the Fox News Channel."
Says that his transportation budget and Ohio Turnpike plan would make sure we have lower tolls than weve had through the history of the turnpike.,Says that his transportation budget and Ohio Turnpike plan would make sure we have lower tolls than weve had through the history of the turnpike. an interview televised March 22 on “State of Ohio”
Says Hillary Clintons State Department blocked investigation into Orlando killers mosque.,Says Hillary Clintons State Department blocked investigation into Orlando killers mosque. an article
The Madison-Milwaukee (high-speed) train line is dead.,The Madison-Milwaukee (high-speed) train line is dead. a statement issued by a transition team leader
I never favored cap and trade.,I never favored cap and trade. a Republican presidential candidate forum
"The runnerup to Caitlyn Jenner for ESPNs Arthur Ashe Courage Award was Army veteran Noah Galloway, who lost an arm and leg to a roadside bomb in Iraq.","The runnerup to Caitlyn Jenner for ESPNs Arthur Ashe Courage Award was Army veteran Noah Galloway, who lost an arm and leg to a roadside bomb in Iraq. in posts on Facebook"
"In this judicial race, special interest groups have demanded money from me, in exchange for endorsement and support.","In this judicial race, special interest groups have demanded money from me, in exchange for endorsement and support. a response to League of Women Voters of Texas."
Says the Simpson-Bowles deficit reduction proposal went from President Barack Obamas desk to the garbage can.,"Says the Simpson-Bowles deficit reduction proposal went from President Barack Obamas desk to the garbage can. an NBC-Facebook debate in Concord, N.H."
President Obama and liberal former DNC Chairman Tim Kaines $787 billion stimulus failed to create jobs.,President Obama and liberal former DNC Chairman Tim Kaines $787 billion stimulus failed to create jobs. a press release.
Says the National Labor Relations Board told Boeing that it cant build a factory in a non-union state.,Says the National Labor Relations Board told Boeing that it cant build a factory in a non-union state. a Republican presidential primary debate
Says the case of a Texas judge who refused to perform heterosexual weddings exposes a double standard in the case against Kentucky clerk Kim Davis.,Says the case of a Texas judge who refused to perform heterosexual weddings exposes a double standard in the case against Kentucky clerk Kim Davis. a Facebook post
On Donald Trumps track record in business,"On Donald Trumps track record in business an interview with NBC's ""Meet the Press"""
The amount of money that we put into running our own state legislature is nearly as much as we put into the University of Rhode Island.,The amount of money that we put into running our own state legislature is nearly as much as we put into the University of Rhode Island. a radio interview
Beaverton enjoys the most diverse population (by percentage of population) among Oregon cities.,Beaverton enjoys the most diverse population (by percentage of population) among Oregon cities. a press release
Evidence shows Zika virus turns fetus brains to liquid.,Evidence shows Zika virus turns fetus brains to liquid. a informal news website
Says the oil industry subsidies that President Barack Obama is attacking dont exist,Says the oil industry subsidies that President Barack Obama is attacking dont exist a news conference
State employees are actually going to get a pay raise.,State employees are actually going to get a pay raise. a news conference
Congressman Kasich wants to use our tax dollars to give secret bonuses to his corporate friends.,Congressman Kasich wants to use our tax dollars to give secret bonuses to his corporate friends. a campaign video
Property tax exemptions can be granted to small businesses that move into Milwaukee County.,Property tax exemptions can be granted to small businesses that move into Milwaukee County. a campaign news release
Gov. Sarah Palin got precisely zero support for her call for Alaskas Democratic Senator Mark Begich to resign because Ted Stevens corruption conviction was overturned.,Gov. Sarah Palin got precisely zero support for her call for Alaskas Democratic Senator Mark Begich to resign because Ted Stevens corruption conviction was overturned. an episode of her MSNBC show
Says opponent David Dewhurst is a career politician.,Says opponent David Dewhurst is a career politician. a campaign statement.
Says Virginia economic development officials decided they didnt want to bid on his companys electric automobile plant.,Says Virginia economic development officials decided they didnt want to bid on his companys electric automobile plant. a news conference.
"The State Department says the 42,000 jobs created by the Keystone XL pipeline are ongoing, enduring jobs.","The State Department says the 42,000 jobs created by the Keystone XL pipeline are ongoing, enduring jobs. comments on ABC's ""This Week"""
Wisconsins new state budget includes a 15 percent increase for road construction and yet weve got local towns tearing up paved roads and replacing them with gravel.,Wisconsins new state budget includes a 15 percent increase for road construction and yet weve got local towns tearing up paved roads and replacing them with gravel. a speech
The cost-of-living increase in Social Security is tied to wage inflation.,"The cost-of-living increase in Social Security is tied to wage inflation. an interview on NBC's ""Meet the Press"""
The Department of Health and Human Services is providing $160 million to the state of Pennsylvania to set up a new high-risk insurance pool program that would cover any abortion legal in the state.,The Department of Health and Human Services is providing $160 million to the state of Pennsylvania to set up a new high-risk insurance pool program that would cover any abortion legal in the state. a news release
Boston Marathon bombing suspect Tamerlan Tsarnaev is buried not far from President Kennedys grave.,Boston Marathon bombing suspect Tamerlan Tsarnaev is buried not far from President Kennedys grave. a comment on WPRO radio.
"Politician Reid Ribble wants to phase out Social Security, forcing Wisconsin seniors to fend for themselves.","Politician Reid Ribble wants to phase out Social Security, forcing Wisconsin seniors to fend for themselves. a campaign TV ad"
Says Houstons 18th congressional district has been gentrified and is home to more Anglos than African Americans.,Says Houstons 18th congressional district has been gentrified and is home to more Anglos than African Americans. a speech
"Stimulus tax cuts ""began showing up in paychecks of 4.8 million Indiana households about three months ago.""","Stimulus tax cuts ""began showing up in paychecks of 4.8 million Indiana households about three months ago."" a speech in Wakarusa, Ind."
"Say Matt Wand cut Troutdale police, created a slush fund for himself.","Say Matt Wand cut Troutdale police, created a slush fund for himself. a campaign mailer"
Were second only to Boston in college students per capita.,Were second only to Boston in college students per capita. a speech
Obama Declares November National Muslim Appreciation Month.,Obama Declares November National Muslim Appreciation Month. blog posts
"Under Obamacare, The IRS will have access to the American peoples protected health care information.","Under Obamacare, The IRS will have access to the American peoples protected health care information. a floor speech."
White men account for 69 percent of those arrested for violent crimes.,White men account for 69 percent of those arrested for violent crimes. an opinion piece on CNN.com
Says Supreme Court candidate JoAnne Kloppenburgs record as a state Justice Department lawyer consists only of the prosecution of cases regarding regulation of docks.,Says Supreme Court candidate JoAnne Kloppenburgs record as a state Justice Department lawyer consists only of the prosecution of cases regarding regulation of docks. statement during a candidate forum
''The leading Democratic candidate once said that the unfettered free market is the most destructive force in modern America.'',"''The leading Democratic candidate once said that the unfettered free market is the most destructive force in modern America.'' Dearborn, Mich."
"We have trade agreements with 20 countries, and we have trade surpluses with each one of those 20.","We have trade agreements with 20 countries, and we have trade surpluses with each one of those 20. an interview."
Congress' approval rating is 11 percent. You know who's higher? Dick Cheney and HMOs.,Congress' approval rating is 11 percent. You know who's higher? Dick Cheney and HMOs. Las Vegas
Oil companies ...currently have 68-million acres that they're not using.,"Oil companies ...currently have 68-million acres that they're not using. a debate in Nashville, Tenn."
"Scientists tell us that we could have a cure in 10 years for Alzheimers were it not for overzealous regulators, excessive taxation and greedy litigators.","Scientists tell us that we could have a cure in 10 years for Alzheimers were it not for overzealous regulators, excessive taxation and greedy litigators. a speech at CPAC"
"During Obamas first five years as president, black unemployment increased 42 percent. During Reagans presidency, black unemployment dropped 20 percent.","During Obamas first five years as president, black unemployment increased 42 percent. During Reagans presidency, black unemployment dropped 20 percent. a meme on social media"
Milwaukee lost the headquarters for MillerCoors because the area lacks good transit.,Milwaukee lost the headquarters for MillerCoors because the area lacks good transit. a newspaper interview
"Says President Obama said of the national debt, If I dont have this done in three years, then theres going to be a one-term proposition.","Says President Obama said of the national debt, If I dont have this done in three years, then theres going to be a one-term proposition. an Americans for Prosperity attack ad"
Says Thomas Jefferson said that government is best which governs least.,Says Thomas Jefferson said that government is best which governs least. a tweet
If Trump had just put his fathers money in a mutual fund ... hed have $8 billion.,If Trump had just put his fathers money in a mutual fund ... hed have $8 billion. a Facebook post
"State House incumbent Jill Chambers, R-Atlanta, personally profits from taxpayer money.","State House incumbent Jill Chambers, R-Atlanta, personally profits from taxpayer money. a campaign mailer"
Says the Feingold garage ad is a fake: Hes not standing in front of his house.,Says the Feingold garage ad is a fake: Hes not standing in front of his house. a website posting and statement during his radio show
"McCain ""hasn't held executive responsibility.""","McCain ""hasn't held executive responsibility."" an interview on CBS' ""Face the Nation"""
Forty-five percent of doctors say theyll quit if health care reform passes.,Forty-five percent of doctors say theyll quit if health care reform passes. a statement on his Fox News Channel program
I have never said that I don't wear flag pins or refuse to wear flag pins.,I have never said that I don't wear flag pins or refuse to wear flag pins. Philadelphia
Say71 percent of doctors say Hillarys health concerns are serious and could be disqualifying.,Say71 percent of doctors say Hillarys health concerns are serious and could be disqualifying. internet postings
"Says Milwaukee County Executive Chris Abele spent $100,000 of taxpayer money on a new luxury SUV.","Says Milwaukee County Executive Chris Abele spent $100,000 of taxpayer money on a new luxury SUV. a direct mail flier"
The media never show crowds.,"The media never show crowds. a rally in Pensacola, Fla."
The governor has made a commitment to billions of dollars in debt and new spending without any explanation of how he plans to pay that money back.,The governor has made a commitment to billions of dollars in debt and new spending without any explanation of how he plans to pay that money back. a news release.
Says children are coming into the U.S. in staggering numbers because President Barack Obama has been promising amnesty.,Says children are coming into the U.S. in staggering numbers because President Barack Obama has been promising amnesty. a press conference at Lackland Air Force Base
Scott Walker had a 2.3 GPA when he was asked to leave Marquette University for cheating.,Scott Walker had a 2.3 GPA when he was asked to leave Marquette University for cheating. a meme
There is no clinical evidence that vaccinating healthcare workers protects patients.,There is no clinical evidence that vaccinating healthcare workers protects patients. a lawsuit
I made a bunch of these promises during the campaign. ... Weve got about 60 percent done in three years.,I made a bunch of these promises during the campaign. ... Weve got about 60 percent done in three years. a speech at a fundraiser
Some of the wealthiest Americans are African-American now.,Some of the wealthiest Americans are African-American now. comments on his radio show
Theres 400 more people working in health care today in New Hampshire than when we passed the budget.,Theres 400 more people working in health care today in New Hampshire than when we passed the budget. an interview with the Telegraph editorial board
"Nearly 70 percent of all federal spending will go towards Social Security, Medicare, and Medicaid in fiscal year 2014.","Nearly 70 percent of all federal spending will go towards Social Security, Medicare, and Medicaid in fiscal year 2014. a letter to a constituent"
"Claims that Obama said, ""For those who oppose our policies, you should just shut up and go away.""","Claims that Obama said, ""For those who oppose our policies, you should just shut up and go away."" a meeting of Florida Republicans"
"Says, Yet in Salem they have traditionally waited until the money is almost gone to pay for the most important things in our states budget.","Says, Yet in Salem they have traditionally waited until the money is almost gone to pay for the most important things in our states budget. a campaign press release"
Four members of the Rhode Island General Assembly went to vote in 2010 and were told they had already voted.,Four members of the Rhode Island General Assembly went to vote in 2010 and were told they had already voted. a TV debate
"The Democrat-backed health care reform plan ""will require (Americans) to subsidize abortion with their hard-earned tax dollars.""","The Democrat-backed health care reform plan ""will require (Americans) to subsidize abortion with their hard-earned tax dollars."" an op-ed for National Review"
Says Measure 3-386 will cost a fortune for elections while Measure 3-388 will cost less.,Says Measure 3-386 will cost a fortune for elections while Measure 3-388 will cost less. in campaign literature
This is the first time in the history that weve had the raising of a debt limit also with spending cuts.,This is the first time in the history that weve had the raising of a debt limit also with spending cuts. an interview on CNN
Says President Barack Obama is a socialist.,Says President Barack Obama is a socialist. a Republican debate in New Hampshire.
Wisconsin was literally broke when Republicans took office in January 2011.,Wisconsin was literally broke when Republicans took office in January 2011. a tweet
"Says Crist campaign website ""has eliminated all references to our Republican Party.""","Says Crist campaign website ""has eliminated all references to our Republican Party."" an e-mail to Crist."
On a cap-and-trade plan.,On a cap-and-trade plan. a Washington Post op-ed
"The departments of Commerce, Education and Energy and the EPA saw their spending increase by between 130 percent and 219 percent between 2008 and 2010.","The departments of Commerce, Education and Energy and the EPA saw their spending increase by between 130 percent and 219 percent between 2008 and 2010. a hearing of the congressional ""Supercommittee"""
"More than 1,000 American soldiers have lost their lives in Afghanistan in the last 27 months. This is more than the combined total of the nine years before.","More than 1,000 American soldiers have lost their lives in Afghanistan in the last 27 months. This is more than the combined total of the nine years before. a chain email"
"Harambe received 15,000 votes in the presidential election.","Harambe received 15,000 votes in the presidential election. articles on the Internet and social media posts"
Says Thom Tillis gives tax breaks to yacht and jet owners.,Says Thom Tillis gives tax breaks to yacht and jet owners. a campaign ad
"During his time as House speaker, unemployment came down from 5.6 percent to under 4 (percent).","During his time as House speaker, unemployment came down from 5.6 percent to under 4 (percent). a campaign video"
We had an amendment in the health care law that said the federal government is going to take over education.,We had an amendment in the health care law that said the federal government is going to take over education. a Fox News TV show
Toomey and Trump will ban abortion and punish women who have them.,Toomey and Trump will ban abortion and punish women who have them. an ad.
"Four years as a congressman, he [U.S. Rep. Hank Johnson] never talked about MARTA.","Four years as a congressman, he [U.S. Rep. Hank Johnson] never talked about MARTA. a candidate forum"
Eighty percent of Wall Street executives and their spouses donations go to Democrats.,Eighty percent of Wall Street executives and their spouses donations go to Democrats. a speech at the New Hampshire Freedom Summit
"Like me, Scott Walker opposed the 1998 transportation bill and the $9 billion of wasteful spending.","Like me, Scott Walker opposed the 1998 transportation bill and the $9 billion of wasteful spending. a radio ad for the Scott Walker gubernatorial campaign"
"Steve Southerland did not pay his taxes in 05, 06, 07, 08 or 09.","Steve Southerland did not pay his taxes in 05, 06, 07, 08 or 09. a TV ad"
Eliminating Obamacare ... saves $95 billion a year.,Eliminating Obamacare ... saves $95 billion a year. a presidential primary debate in New Hampshire
Says broken compact fluorescent light bulbs allegedly cause migraines and epilepsy attacks.,Says broken compact fluorescent light bulbs allegedly cause migraines and epilepsy attacks. an e-mail blast.
At least a quarter of those apprehended at the border have criminal records.,At least a quarter of those apprehended at the border have criminal records. a news story
"When it comes to jobless workers, Mitt Romney says he likes to fire people.","When it comes to jobless workers, Mitt Romney says he likes to fire people. a speech at the Democratic National Convention in Charlotte, N.C."
"If you look at the application for a security clearance, I have a clearance that even the president of the United States cannot obtain because of my background.","If you look at the application for a security clearance, I have a clearance that even the president of the United States cannot obtain because of my background. a candidate forum"
Says Hawaii Gov. Neil Abercrombie made a late-night visit to Kinkos to forge President Barack Obamas birth certificate two days before Obama unveiled it to the media.,Says Hawaii Gov. Neil Abercrombie made a late-night visit to Kinkos to forge President Barack Obamas birth certificate two days before Obama unveiled it to the media. e-mail messages circulating on the Internet
"Says state Rep. Sandy Pasch, her recall opponent, voted to allow public school employees to use taxpayer dollars to pick up the tab forViagra.","Says state Rep. Sandy Pasch, her recall opponent, voted to allow public school employees to use taxpayer dollars to pick up the tab forViagra. a TV ad and campaign flier"
"Barack Obama ""rejects everyone white, including his mother and his grandparents.""","Barack Obama ""rejects everyone white, including his mother and his grandparents."" his book <i>The Obama Nation</i>."
A company hired to do Common Core testing in Florida will attract every one of your children to become as homosexual as they possibly can.,A company hired to do Common Core testing in Florida will attract every one of your children to become as homosexual as they possibly can. speech in March publicized May 16 by Think Progress
There is no system to vet refugees from the Middle East.,There is no system to vet refugees from the Middle East. a speech on terrorism and immigration
"Says Chris Christies plan to kick-start our economy is to propose an income tax cut that disproportionately benefits the wealthy, and...hes still proposing it.","Says Chris Christies plan to kick-start our economy is to propose an income tax cut that disproportionately benefits the wealthy, and...hes still proposing it. an interview on bluejersey.com"
Obama used $20 million in federal money to emmigrate (sic) Hamas Refugees to the USA.,Obama used $20 million in federal money to emmigrate (sic) Hamas Refugees to the USA. a chain e-mail
I think its seven or eight of the California system of universities dont even teach an American history course. Its not even available to be taught.,I think its seven or eight of the California system of universities dont even teach an American history course. Its not even available to be taught. in a speech in Wisconsin
Sen. Bob Menendez voted to enact a new tax on the sale of homes of 3.8%.,Sen. Bob Menendez voted to enact a new tax on the sale of homes of 3.8%. a blog
Says the governor is going around the state talking about [how] we should fund an income tax cut that benefits higher income earners and not lower income earners,Says the governor is going around the state talking about [how] we should fund an income tax cut that benefits higher income earners and not lower income earners an interview with NJToday
